/space/mawb/anaconda3/envs/comot/lib/python3.8/site-packages/torch/distributed/launch.py:181: FutureWarning: The module torch.distributed.launch is deprecated
and will be removed in future. Use torchrun.
Note that --use-env is set by default in torchrun.
If your script expects `--local-rank` argument to be set, please
change it to read from `os.environ['LOCAL_RANK']` instead. See 
https://pytorch.org/docs/stable/distributed.html#launch-utility for 
further instructions

  warnings.warn(
WARNING:torch.distributed.run:
*****************************************
Setting OMP_NUM_THREADS environment variable for each process to be 1 in default, to avoid your system being overloaded, please further tune the variable for optimal performance in your application as needed. 
*****************************************
/space/mawb/anaconda3/envs/comot/lib/python3.8/site-packages/torchvision/datapoints/__init__.py:12: UserWarning: The torchvision.datapoints and torchvision.transforms.v2 namespaces are still Beta. While we do not expect major breaking changes, some APIs may still change according to user feedback. Please submit any feedback you may have in this issue: https://github.com/pytorch/vision/issues/6753, and you can also check out https://github.com/pytorch/vision/issues/7319 to learn more about the APIs that we suspect might involve future changes. You can silence this warning by calling torchvision.disable_beta_transforms_warning().
  warnings.warn(_BETA_TRANSFORMS_WARNING)
/space/mawb/anaconda3/envs/comot/lib/python3.8/site-packages/torchvision/datapoints/__init__.py:12: UserWarning: The torchvision.datapoints and torchvision.transforms.v2 namespaces are still Beta. While we do not expect major breaking changes, some APIs may still change according to user feedback. Please submit any feedback you may have in this issue: https://github.com/pytorch/vision/issues/6753, and you can also check out https://github.com/pytorch/vision/issues/7319 to learn more about the APIs that we suspect might involve future changes. You can silence this warning by calling torchvision.disable_beta_transforms_warning().
  warnings.warn(_BETA_TRANSFORMS_WARNING)
/space/mawb/anaconda3/envs/comot/lib/python3.8/site-packages/torchvision/datapoints/__init__.py:12: UserWarning: The torchvision.datapoints and torchvision.transforms.v2 namespaces are still Beta. While we do not expect major breaking changes, some APIs may still change according to user feedback. Please submit any feedback you may have in this issue: https://github.com/pytorch/vision/issues/6753, and you can also check out https://github.com/pytorch/vision/issues/7319 to learn more about the APIs that we suspect might involve future changes. You can silence this warning by calling torchvision.disable_beta_transforms_warning().
  warnings.warn(_BETA_TRANSFORMS_WARNING)
/space/mawb/anaconda3/envs/comot/lib/python3.8/site-packages/torchvision/datapoints/__init__.py:12: UserWarning: The torchvision.datapoints and torchvision.transforms.v2 namespaces are still Beta. While we do not expect major breaking changes, some APIs may still change according to user feedback. Please submit any feedback you may have in this issue: https://github.com/pytorch/vision/issues/6753, and you can also check out https://github.com/pytorch/vision/issues/7319 to learn more about the APIs that we suspect might involve future changes. You can silence this warning by calling torchvision.disable_beta_transforms_warning().
  warnings.warn(_BETA_TRANSFORMS_WARNING)
/space/mawb/anaconda3/envs/comot/lib/python3.8/site-packages/torchvision/datapoints/__init__.py:12: UserWarning: The torchvision.datapoints and torchvision.transforms.v2 namespaces are still Beta. While we do not expect major breaking changes, some APIs may still change according to user feedback. Please submit any feedback you may have in this issue: https://github.com/pytorch/vision/issues/6753, and you can also check out https://github.com/pytorch/vision/issues/7319 to learn more about the APIs that we suspect might involve future changes. You can silence this warning by calling torchvision.disable_beta_transforms_warning().
  warnings.warn(_BETA_TRANSFORMS_WARNING)
/space/mawb/anaconda3/envs/comot/lib/python3.8/site-packages/torchvision/datapoints/__init__.py:12: UserWarning: The torchvision.datapoints and torchvision.transforms.v2 namespaces are still Beta. While we do not expect major breaking changes, some APIs may still change according to user feedback. Please submit any feedback you may have in this issue: https://github.com/pytorch/vision/issues/6753, and you can also check out https://github.com/pytorch/vision/issues/7319 to learn more about the APIs that we suspect might involve future changes. You can silence this warning by calling torchvision.disable_beta_transforms_warning().
  warnings.warn(_BETA_TRANSFORMS_WARNING)
/space/mawb/anaconda3/envs/comot/lib/python3.8/site-packages/torchvision/datapoints/__init__.py:12: UserWarning: The torchvision.datapoints and torchvision.transforms.v2 namespaces are still Beta. While we do not expect major breaking changes, some APIs may still change according to user feedback. Please submit any feedback you may have in this issue: https://github.com/pytorch/vision/issues/6753, and you can also check out https://github.com/pytorch/vision/issues/7319 to learn more about the APIs that we suspect might involve future changes. You can silence this warning by calling torchvision.disable_beta_transforms_warning().
  warnings.warn(_BETA_TRANSFORMS_WARNING)
/space/mawb/anaconda3/envs/comot/lib/python3.8/site-packages/torchvision/datapoints/__init__.py:12: UserWarning: The torchvision.datapoints and torchvision.transforms.v2 namespaces are still Beta. While we do not expect major breaking changes, some APIs may still change according to user feedback. Please submit any feedback you may have in this issue: https://github.com/pytorch/vision/issues/6753, and you can also check out https://github.com/pytorch/vision/issues/7319 to learn more about the APIs that we suspect might involve future changes. You can silence this warning by calling torchvision.disable_beta_transforms_warning().
  warnings.warn(_BETA_TRANSFORMS_WARNING)
/space/mawb/anaconda3/envs/comot/lib/python3.8/site-packages/torchvision/transforms/v2/__init__.py:54: UserWarning: The torchvision.datapoints and torchvision.transforms.v2 namespaces are still Beta. While we do not expect major breaking changes, some APIs may still change according to user feedback. Please submit any feedback you may have in this issue: https://github.com/pytorch/vision/issues/6753, and you can also check out https://github.com/pytorch/vision/issues/7319 to learn more about the APIs that we suspect might involve future changes. You can silence this warning by calling torchvision.disable_beta_transforms_warning().
  warnings.warn(_BETA_TRANSFORMS_WARNING)
/space/mawb/anaconda3/envs/comot/lib/python3.8/site-packages/torchvision/transforms/v2/__init__.py:54: UserWarning: The torchvision.datapoints and torchvision.transforms.v2 namespaces are still Beta. While we do not expect major breaking changes, some APIs may still change according to user feedback. Please submit any feedback you may have in this issue: https://github.com/pytorch/vision/issues/6753, and you can also check out https://github.com/pytorch/vision/issues/7319 to learn more about the APIs that we suspect might involve future changes. You can silence this warning by calling torchvision.disable_beta_transforms_warning().
  warnings.warn(_BETA_TRANSFORMS_WARNING)
/space/mawb/anaconda3/envs/comot/lib/python3.8/site-packages/torchvision/transforms/v2/__init__.py:54: UserWarning: The torchvision.datapoints and torchvision.transforms.v2 namespaces are still Beta. While we do not expect major breaking changes, some APIs may still change according to user feedback. Please submit any feedback you may have in this issue: https://github.com/pytorch/vision/issues/6753, and you can also check out https://github.com/pytorch/vision/issues/7319 to learn more about the APIs that we suspect might involve future changes. You can silence this warning by calling torchvision.disable_beta_transforms_warning().
  warnings.warn(_BETA_TRANSFORMS_WARNING)
/space/mawb/anaconda3/envs/comot/lib/python3.8/site-packages/torchvision/transforms/v2/__init__.py:54: UserWarning: The torchvision.datapoints and torchvision.transforms.v2 namespaces are still Beta. While we do not expect major breaking changes, some APIs may still change according to user feedback. Please submit any feedback you may have in this issue: https://github.com/pytorch/vision/issues/6753, and you can also check out https://github.com/pytorch/vision/issues/7319 to learn more about the APIs that we suspect might involve future changes. You can silence this warning by calling torchvision.disable_beta_transforms_warning().
  warnings.warn(_BETA_TRANSFORMS_WARNING)
/space/mawb/anaconda3/envs/comot/lib/python3.8/site-packages/torchvision/transforms/v2/__init__.py:54: UserWarning: The torchvision.datapoints and torchvision.transforms.v2 namespaces are still Beta. While we do not expect major breaking changes, some APIs may still change according to user feedback. Please submit any feedback you may have in this issue: https://github.com/pytorch/vision/issues/6753, and you can also check out https://github.com/pytorch/vision/issues/7319 to learn more about the APIs that we suspect might involve future changes. You can silence this warning by calling torchvision.disable_beta_transforms_warning().
  warnings.warn(_BETA_TRANSFORMS_WARNING)
/space/mawb/anaconda3/envs/comot/lib/python3.8/site-packages/torchvision/transforms/v2/__init__.py:54: UserWarning: The torchvision.datapoints and torchvision.transforms.v2 namespaces are still Beta. While we do not expect major breaking changes, some APIs may still change according to user feedback. Please submit any feedback you may have in this issue: https://github.com/pytorch/vision/issues/6753, and you can also check out https://github.com/pytorch/vision/issues/7319 to learn more about the APIs that we suspect might involve future changes. You can silence this warning by calling torchvision.disable_beta_transforms_warning().
  warnings.warn(_BETA_TRANSFORMS_WARNING)
/space/mawb/anaconda3/envs/comot/lib/python3.8/site-packages/torchvision/transforms/v2/__init__.py:54: UserWarning: The torchvision.datapoints and torchvision.transforms.v2 namespaces are still Beta. While we do not expect major breaking changes, some APIs may still change according to user feedback. Please submit any feedback you may have in this issue: https://github.com/pytorch/vision/issues/6753, and you can also check out https://github.com/pytorch/vision/issues/7319 to learn more about the APIs that we suspect might involve future changes. You can silence this warning by calling torchvision.disable_beta_transforms_warning().
  warnings.warn(_BETA_TRANSFORMS_WARNING)
/space/mawb/anaconda3/envs/comot/lib/python3.8/site-packages/torchvision/transforms/v2/__init__.py:54: UserWarning: The torchvision.datapoints and torchvision.transforms.v2 namespaces are still Beta. While we do not expect major breaking changes, some APIs may still change according to user feedback. Please submit any feedback you may have in this issue: https://github.com/pytorch/vision/issues/6753, and you can also check out https://github.com/pytorch/vision/issues/7319 to learn more about the APIs that we suspect might involve future changes. You can silence this warning by calling torchvision.disable_beta_transforms_warning().
  warnings.warn(_BETA_TRANSFORMS_WARNING)
| distributed init (rank 2): env://
| distributed init (rank 0): env://
| distributed init (rank 3): env://
| distributed init (rank 1): env://
| distributed init (rank 4): env://
| distributed init (rank 6): env://
| distributed init (rank 5): env://
| distributed init (rank 7): env://
/space/mawb/anaconda3/envs/comot/lib/python3.8/site-packages/torchvision/models/_utils.py:208: UserWarning: The parameter 'pretrained' is deprecated since 0.13 and may be removed in the future, please use 'weights' instead.
  warnings.warn(
/space/mawb/anaconda3/envs/comot/lib/python3.8/site-packages/torchvision/models/_utils.py:223: UserWarning: Arguments other than a weight enum or `None` for 'weights' are deprecated since 0.13 and may be removed in the future. The current behavior is equivalent to passing `weights=None`.
  warnings.warn(msg)
/space/mawb/anaconda3/envs/comot/lib/python3.8/site-packages/torchvision/models/_utils.py:208: UserWarning: The parameter 'pretrained' is deprecated since 0.13 and may be removed in the future, please use 'weights' instead.
  warnings.warn(
/space/mawb/anaconda3/envs/comot/lib/python3.8/site-packages/torchvision/models/_utils.py:223: UserWarning: Arguments other than a weight enum or `None` for 'weights' are deprecated since 0.13 and may be removed in the future. The current behavior is equivalent to passing `weights=None`.
  warnings.warn(msg)
git:
  sha: 8298437a65202afa6f4a09d704e116198d73c798, status: has uncommited changes, branch: main

Namespace(accurate_ratio=False, ann_file='/space/mawb/MOTR/data/Dataset/mot/ImageNet/annotations/cutler_pred_fitler_0.9.json', aux_loss=True, backbone='resnet50', batch_size=1, bbox_loss_coef=5, cache_mode=False, cj=False, clip_max_norm=0.1, cls_loss_coef=2, coco_panoptic_path=None, coco_path='/data/workspace/detectron2/datasets/coco/', consistency_loss=False, consistency_loss_coef=1000, crop=False, data_ratio=0.5, data_txt_path_train='./datasets/data_path/joint_half.train', data_txt_path_val='./datasets/data_path/mot17.train', dataset_file='e2e_joint_aug2', dec_layers=6, dec_n_points=4, decoder_cross_self=False, device='cuda', dice_loss_coef=1, dilation=False, dim_feedforward=1024, dist_backend='nccl', dist_url='env://', distributed=True, dropout=0.0, enable_fpn=False, enc_layers=6, enc_n_points=4, epochs=100, eval=False, exp_name='submit', extra_track_attn=True, feature_recon=False, features_loss_coef=0.1, filter_ignore=False, focal_alpha=0.25, fp_ratio=0.3, frame_interval=None, fre_cnn=False, frozen_weights=None, giou_loss_coef=2, gpu=0, gt_file_train=None, gt_file_val=None, hidden_dim=256, img_path='data/valid/JPEGImages/', img_root='/space/mawb/MOTR/data/Dataset/mot/ImageNet/train', input_video='figs/demo.mp4', iou=0.5, loss_normalizer=False, lr=0.0002, lr_backbone=0.0002, lr_backbone_names=['backbone.0'], lr_drop=50, lr_drop_epochs=None, lr_linear_proj_mult=0.1, lr_linear_proj_names=['reference_points', 'sampling_offsets'], mask_loss_coef=1, masks=False, max_size=1333, memory_bank_len=4, memory_bank_score_thresh=0.0, memory_bank_type=None, memory_bank_with_self_attn=False, merger_dropout=0.0, meta_arch='motr_mot17_aug2_v4', mix_match=False, mot_path='/space/mawb/MOTR/data/Dataset/mot', nheads=8, num_anchors=1, num_feature_levels=4, num_patches=10, num_pictures_column=3, num_pictures_row=3, num_queries=300, num_workers=2, output_dir='exps/e2e_motr_r50_mot17_joint_half_aug2_v4', position_embedding='sine', position_embedding_scale=6.283185307179586, pretrained='/space/mawb/MOTR/exps/e2e_motr_r50_joint_aug1_half/checkpoint.pth', pseudo_shuffle=True, query_interaction_layer='QIM', query_shuffle=False, random_drop=0.1, rank=0, remove_difficult=False, resume='', sample_interval=10, sample_mode='random_interval', sampler_lengths=[2, 3, 4, 5], sampler_steps=[25, 50, 75], save_period=50, seed=42, set_cost_bbox=5, set_cost_class=2, set_cost_giou=2, sgd=False, sigmoid_attn=False, soft_match=0.5, start_epoch=0, teacher=False, two_stage=False, update_query_pos=True, use_checkpoint=True, val_width=800, vis=False, weight_decay=0.0001, with_box_refine=True, world_size=8)
/space/mawb/anaconda3/envs/comot/lib/python3.8/site-packages/torchvision/models/_utils.py:208: UserWarning: The parameter 'pretrained' is deprecated since 0.13 and may be removed in the future, please use 'weights' instead.
  warnings.warn(
/space/mawb/anaconda3/envs/comot/lib/python3.8/site-packages/torchvision/models/_utils.py:223: UserWarning: Arguments other than a weight enum or `None` for 'weights' are deprecated since 0.13 and may be removed in the future. The current behavior is equivalent to passing `weights=None`.
  warnings.warn(msg)
/space/mawb/anaconda3/envs/comot/lib/python3.8/site-packages/torchvision/models/_utils.py:208: UserWarning: The parameter 'pretrained' is deprecated since 0.13 and may be removed in the future, please use 'weights' instead.
  warnings.warn(
/space/mawb/anaconda3/envs/comot/lib/python3.8/site-packages/torchvision/models/_utils.py:223: UserWarning: Arguments other than a weight enum or `None` for 'weights' are deprecated since 0.13 and may be removed in the future. The current behavior is equivalent to passing `weights=None`.
  warnings.warn(msg)
/space/mawb/anaconda3/envs/comot/lib/python3.8/site-packages/torchvision/models/_utils.py:208: UserWarning: The parameter 'pretrained' is deprecated since 0.13 and may be removed in the future, please use 'weights' instead.
  warnings.warn(
/space/mawb/anaconda3/envs/comot/lib/python3.8/site-packages/torchvision/models/_utils.py:223: UserWarning: Arguments other than a weight enum or `None` for 'weights' are deprecated since 0.13 and may be removed in the future. The current behavior is equivalent to passing `weights=None`.
  warnings.warn(msg)
/space/mawb/anaconda3/envs/comot/lib/python3.8/site-packages/torchvision/models/_utils.py:208: UserWarning: The parameter 'pretrained' is deprecated since 0.13 and may be removed in the future, please use 'weights' instead.
  warnings.warn(
/space/mawb/anaconda3/envs/comot/lib/python3.8/site-packages/torchvision/models/_utils.py:223: UserWarning: Arguments other than a weight enum or `None` for 'weights' are deprecated since 0.13 and may be removed in the future. The current behavior is equivalent to passing `weights=ResNet50_Weights.IMAGENET1K_V1`. You can also use `weights=ResNet50_Weights.DEFAULT` to get the most up-to-date weights.
  warnings.warn(msg)
/space/mawb/anaconda3/envs/comot/lib/python3.8/site-packages/torchvision/models/_utils.py:208: UserWarning: The parameter 'pretrained' is deprecated since 0.13 and may be removed in the future, please use 'weights' instead.
  warnings.warn(
/space/mawb/anaconda3/envs/comot/lib/python3.8/site-packages/torchvision/models/_utils.py:223: UserWarning: Arguments other than a weight enum or `None` for 'weights' are deprecated since 0.13 and may be removed in the future. The current behavior is equivalent to passing `weights=None`.
  warnings.warn(msg)
/space/mawb/anaconda3/envs/comot/lib/python3.8/site-packages/torchvision/models/_utils.py:208: UserWarning: The parameter 'pretrained' is deprecated since 0.13 and may be removed in the future, please use 'weights' instead.
  warnings.warn(
/space/mawb/anaconda3/envs/comot/lib/python3.8/site-packages/torchvision/models/_utils.py:223: UserWarning: Arguments other than a weight enum or `None` for 'weights' are deprecated since 0.13 and may be removed in the future. The current behavior is equivalent to passing `weights=None`.
  warnings.warn(msg)
Training with Extra Self Attention in Every Decoder.
Training with Self-Cross Attention.
number of params: 43912992
register 1-th video: /space/mawb/MOTR/data/Dataset/mot/crowdhuman_labels_with_ids/val 
register 2-th video: /space/mawb/MOTR/data/Dataset/mot/MOT17_labels_with_ids/train/MOT17-02-SDP/img1 
register 3-th video: /space/mawb/MOTR/data/Dataset/mot/MOT17_labels_with_ids/train/MOT17-13-SDP/img1 
register 4-th video: /space/mawb/MOTR/data/Dataset/mot/MOT17_labels_with_ids/train/MOT17-05-SDP/img1 
register 5-th video: /space/mawb/MOTR/data/Dataset/mot/MOT17_labels_with_ids/train/MOT17-11-SDP/img1 
register 6-th video: /space/mawb/MOTR/data/Dataset/mot/MOT17_labels_with_ids/train/MOT17-10-SDP/img1 
register 7-th video: /space/mawb/MOTR/data/Dataset/mot/MOT17_labels_with_ids/train/MOT17-04-SDP/img1 
register 8-th video: /space/mawb/MOTR/data/Dataset/mot/MOT17_labels_with_ids/train/MOT17-09-SDP/img1 
sampler_steps=[25, 50, 75] lenghts=[2, 3, 4, 5]
register 1-th video: /space/mawb/MOTR/data/Dataset/mot/MOT17_labels_with_ids/train/MOT17-02-SDP/img1 
register 2-th video: /space/mawb/MOTR/data/Dataset/mot/MOT17_labels_with_ids/train/MOT17-04-SDP/img1 
register 3-th video: /space/mawb/MOTR/data/Dataset/mot/MOT17_labels_with_ids/train/MOT17-05-SDP/img1 
register 4-th video: /space/mawb/MOTR/data/Dataset/mot/MOT17_labels_with_ids/train/MOT17-09-SDP/img1 
register 5-th video: /space/mawb/MOTR/data/Dataset/mot/MOT17_labels_with_ids/train/MOT17-10-SDP/img1 
register 6-th video: /space/mawb/MOTR/data/Dataset/mot/MOT17_labels_with_ids/train/MOT17-11-SDP/img1 
register 7-th video: /space/mawb/MOTR/data/Dataset/mot/MOT17_labels_with_ids/train/MOT17-13-SDP/img1 
sampler_steps=[25, 50, 75] lenghts=[2, 3, 4, 5]
loaded /space/mawb/MOTR/exps/e2e_motr_r50_joint_aug1_half/checkpoint.pth
Start training
set epoch: epoch 0 period_idx=0
set epoch: epoch 0 period_idx=0
/space/mawb/anaconda3/envs/comot/lib/python3.8/site-packages/torch/functional.py:504: UserWarning: torch.meshgrid: in an upcoming release, it will be required to pass the indexing argument. (Triggered internally at /opt/conda/conda-bld/pytorch_1682343998658/work/aten/src/ATen/native/TensorShape.cpp:3483.)
  return _VF.meshgrid(tensors, **kwargs)  # type: ignore[attr-defined]
/space/mawb/anaconda3/envs/comot/lib/python3.8/site-packages/torch/functional.py:504: UserWarning: torch.meshgrid: in an upcoming release, it will be required to pass the indexing argument. (Triggered internally at /opt/conda/conda-bld/pytorch_1682343998658/work/aten/src/ATen/native/TensorShape.cpp:3483.)
  return _VF.meshgrid(tensors, **kwargs)  # type: ignore[attr-defined]
/space/mawb/anaconda3/envs/comot/lib/python3.8/site-packages/torch/functional.py:504: UserWarning: torch.meshgrid: in an upcoming release, it will be required to pass the indexing argument. (Triggered internally at /opt/conda/conda-bld/pytorch_1682343998658/work/aten/src/ATen/native/TensorShape.cpp:3483.)
  return _VF.meshgrid(tensors, **kwargs)  # type: ignore[attr-defined]
/space/mawb/anaconda3/envs/comot/lib/python3.8/site-packages/torch/functional.py:504: UserWarning: torch.meshgrid: in an upcoming release, it will be required to pass the indexing argument. (Triggered internally at /opt/conda/conda-bld/pytorch_1682343998658/work/aten/src/ATen/native/TensorShape.cpp:3483.)
  return _VF.meshgrid(tensors, **kwargs)  # type: ignore[attr-defined]
/space/mawb/anaconda3/envs/comot/lib/python3.8/site-packages/torch/functional.py:504: UserWarning: torch.meshgrid: in an upcoming release, it will be required to pass the indexing argument. (Triggered internally at /opt/conda/conda-bld/pytorch_1682343998658/work/aten/src/ATen/native/TensorShape.cpp:3483.)
  return _VF.meshgrid(tensors, **kwargs)  # type: ignore[attr-defined]
/space/mawb/anaconda3/envs/comot/lib/python3.8/site-packages/torch/functional.py:504: UserWarning: torch.meshgrid: in an upcoming release, it will be required to pass the indexing argument. (Triggered internally at /opt/conda/conda-bld/pytorch_1682343998658/work/aten/src/ATen/native/TensorShape.cpp:3483.)
  return _VF.meshgrid(tensors, **kwargs)  # type: ignore[attr-defined]
/space/mawb/anaconda3/envs/comot/lib/python3.8/site-packages/torch/functional.py:504: UserWarning: torch.meshgrid: in an upcoming release, it will be required to pass the indexing argument. (Triggered internally at /opt/conda/conda-bld/pytorch_1682343998658/work/aten/src/ATen/native/TensorShape.cpp:3483.)
  return _VF.meshgrid(tensors, **kwargs)  # type: ignore[attr-defined]
/space/mawb/anaconda3/envs/comot/lib/python3.8/site-packages/torch/functional.py:504: UserWarning: torch.meshgrid: in an upcoming release, it will be required to pass the indexing argument. (Triggered internally at /opt/conda/conda-bld/pytorch_1682343998658/work/aten/src/ATen/native/TensorShape.cpp:3483.)
  return _VF.meshgrid(tensors, **kwargs)  # type: ignore[attr-defined]
Epoch: [0]  [  0/601]  eta: 3:06:12  lr: 0.000200  grad_norm: 38.16  loss: 4.1956 (4.1956)  frame_0_aux0_loss_bbox: 0.0877 (0.0877)  frame_0_aux0_loss_ce: 0.0847 (0.0847)  frame_0_aux0_loss_giou: 0.2281 (0.2281)  frame_0_aux1_loss_bbox: 0.0817 (0.0817)  frame_0_aux1_loss_ce: 0.0843 (0.0843)  frame_0_aux1_loss_giou: 0.2021 (0.2021)  frame_0_aux2_loss_bbox: 0.0861 (0.0861)  frame_0_aux2_loss_ce: 0.0409 (0.0409)  frame_0_aux2_loss_giou: 0.2028 (0.2028)  frame_0_aux3_loss_bbox: 0.0870 (0.0870)  frame_0_aux3_loss_ce: 0.0336 (0.0336)  frame_0_aux3_loss_giou: 0.2004 (0.2004)  frame_0_aux4_loss_bbox: 0.0869 (0.0869)  frame_0_aux4_loss_ce: 0.0335 (0.0335)  frame_0_aux4_loss_giou: 0.2010 (0.2010)  frame_0_loss_bbox: 0.0862 (0.0862)  frame_0_loss_ce: 0.0343 (0.0343)  frame_0_loss_giou: 0.2004 (0.2004)  frame_1_aux0_loss_bbox: 0.1033 (0.1033)  frame_1_aux0_loss_ce: 0.0749 (0.0749)  frame_1_aux0_loss_giou: 0.2630 (0.2630)  frame_1_aux1_loss_bbox: 0.0898 (0.0898)  frame_1_aux1_loss_ce: 0.0625 (0.0625)  frame_1_aux1_loss_giou: 0.2056 (0.2056)  frame_1_aux2_loss_bbox: 0.0900 (0.0900)  frame_1_aux2_loss_ce: 0.0303 (0.0303)  frame_1_aux2_loss_giou: 0.2023 (0.2023)  frame_1_aux3_loss_bbox: 0.0902 (0.0902)  frame_1_aux3_loss_ce: 0.0301 (0.0301)  frame_1_aux3_loss_giou: 0.1995 (0.1995)  frame_1_aux4_loss_bbox: 0.0904 (0.0904)  frame_1_aux4_loss_ce: 0.0301 (0.0301)  frame_1_aux4_loss_giou: 0.1991 (0.1991)  frame_1_loss_bbox: 0.0904 (0.0904)  frame_1_loss_ce: 0.0292 (0.0292)  frame_1_loss_features: 0.0548 (0.0548)  frame_1_loss_giou: 0.1983 (0.1983)  time: 18.5891  data: 6.2780  max mem: 6467
Epoch: [0]  [ 10/601]  eta: 0:23:56  lr: 0.000200  grad_norm: 407.90  loss: 6.0550 (6.2949)  frame_0_aux0_loss_bbox: 0.1274 (0.1247)  frame_0_aux0_loss_ce: 0.1203 (0.1221)  frame_0_aux0_loss_giou: 0.3311 (0.3242)  frame_0_aux1_loss_bbox: 0.1243 (0.1210)  frame_0_aux1_loss_ce: 0.1113 (0.1180)  frame_0_aux1_loss_giou: 0.3224 (0.3053)  frame_0_aux2_loss_bbox: 0.1205 (0.1205)  frame_0_aux2_loss_ce: 0.0875 (0.0925)  frame_0_aux2_loss_giou: 0.3191 (0.3000)  frame_0_aux3_loss_bbox: 0.1179 (0.1190)  frame_0_aux3_loss_ce: 0.0836 (0.0870)  frame_0_aux3_loss_giou: 0.2943 (0.2911)  frame_0_aux4_loss_bbox: 0.1180 (0.1193)  frame_0_aux4_loss_ce: 0.0839 (0.0863)  frame_0_aux4_loss_giou: 0.3056 (0.2940)  frame_0_loss_bbox: 0.1182 (0.1196)  frame_0_loss_ce: 0.0840 (0.0874)  frame_0_loss_giou: 0.3173 (0.2959)  frame_1_aux0_loss_bbox: 0.1384 (0.1417)  frame_1_aux0_loss_ce: 0.0940 (0.0998)  frame_1_aux0_loss_giou: 0.3581 (0.3612)  frame_1_aux1_loss_bbox: 0.1289 (0.1309)  frame_1_aux1_loss_ce: 0.0919 (0.0917)  frame_1_aux1_loss_giou: 0.3402 (0.3191)  frame_1_aux2_loss_bbox: 0.1332 (0.1286)  frame_1_aux2_loss_ce: 0.0613 (0.0661)  frame_1_aux2_loss_giou: 0.3226 (0.3068)  frame_1_aux3_loss_bbox: 0.1328 (0.1255)  frame_1_aux3_loss_ce: 0.0579 (0.0640)  frame_1_aux3_loss_giou: 0.2938 (0.2935)  frame_1_aux4_loss_bbox: 0.1327 (0.1251)  frame_1_aux4_loss_ce: 0.0570 (0.0631)  frame_1_aux4_loss_giou: 0.2937 (0.2938)  frame_1_loss_bbox: 0.1318 (0.1256)  frame_1_loss_ce: 0.0573 (0.0634)  frame_1_loss_features: 0.0734 (0.0686)  frame_1_loss_giou: 0.3047 (0.2985)  time: 2.4305  data: 0.5708  max mem: 6839
Epoch: [0]  [ 20/601]  eta: 0:15:54  lr: 0.000200  grad_norm: 47.89  loss: 6.4299 (6.3624)  frame_0_aux0_loss_bbox: 0.1274 (0.1316)  frame_0_aux0_loss_ce: 0.1239 (0.1246)  frame_0_aux0_loss_giou: 0.3296 (0.3258)  frame_0_aux1_loss_bbox: 0.1243 (0.1250)  frame_0_aux1_loss_ce: 0.1208 (0.1232)  frame_0_aux1_loss_giou: 0.2938 (0.3012)  frame_0_aux2_loss_bbox: 0.1205 (0.1236)  frame_0_aux2_loss_ce: 0.0995 (0.0988)  frame_0_aux2_loss_giou: 0.2872 (0.2946)  frame_0_aux3_loss_bbox: 0.1179 (0.1221)  frame_0_aux3_loss_ce: 0.0999 (0.0954)  frame_0_aux3_loss_giou: 0.2858 (0.2889)  frame_0_aux4_loss_bbox: 0.1180 (0.1220)  frame_0_aux4_loss_ce: 0.0940 (0.0938)  frame_0_aux4_loss_giou: 0.2928 (0.2953)  frame_0_loss_bbox: 0.1182 (0.1226)  frame_0_loss_ce: 0.0973 (0.0938)  frame_0_loss_giou: 0.2825 (0.2931)  frame_1_aux0_loss_bbox: 0.1485 (0.1508)  frame_1_aux0_loss_ce: 0.0976 (0.1010)  frame_1_aux0_loss_giou: 0.3519 (0.3625)  frame_1_aux1_loss_bbox: 0.1289 (0.1349)  frame_1_aux1_loss_ce: 0.0946 (0.0938)  frame_1_aux1_loss_giou: 0.3057 (0.3109)  frame_1_aux2_loss_bbox: 0.1332 (0.1323)  frame_1_aux2_loss_ce: 0.0668 (0.0701)  frame_1_aux2_loss_giou: 0.2859 (0.2969)  frame_1_aux3_loss_bbox: 0.1328 (0.1296)  frame_1_aux3_loss_ce: 0.0657 (0.0674)  frame_1_aux3_loss_giou: 0.2805 (0.2892)  frame_1_aux4_loss_bbox: 0.1306 (0.1287)  frame_1_aux4_loss_ce: 0.0637 (0.0674)  frame_1_aux4_loss_giou: 0.2814 (0.2888)  frame_1_loss_bbox: 0.1306 (0.1295)  frame_1_loss_ce: 0.0635 (0.0680)  frame_1_loss_features: 0.0788 (0.0728)  frame_1_loss_giou: 0.2815 (0.2923)  time: 0.7953  data: 0.0001  max mem: 6998
Epoch: [0]  [ 30/601]  eta: 0:13:19  lr: 0.000200  grad_norm: 68.13  loss: 6.1765 (6.2149)  frame_0_aux0_loss_bbox: 0.1165 (0.1294)  frame_0_aux0_loss_ce: 0.1312 (0.1317)  frame_0_aux0_loss_giou: 0.3005 (0.3125)  frame_0_aux1_loss_bbox: 0.1098 (0.1226)  frame_0_aux1_loss_ce: 0.1272 (0.1279)  frame_0_aux1_loss_giou: 0.2722 (0.2889)  frame_0_aux2_loss_bbox: 0.1129 (0.1216)  frame_0_aux2_loss_ce: 0.1041 (0.1033)  frame_0_aux2_loss_giou: 0.2705 (0.2829)  frame_0_aux3_loss_bbox: 0.1080 (0.1202)  frame_0_aux3_loss_ce: 0.1007 (0.1002)  frame_0_aux3_loss_giou: 0.2660 (0.2769)  frame_0_aux4_loss_bbox: 0.1095 (0.1202)  frame_0_aux4_loss_ce: 0.1012 (0.0983)  frame_0_aux4_loss_giou: 0.2666 (0.2815)  frame_0_loss_bbox: 0.1088 (0.1207)  frame_0_loss_ce: 0.1010 (0.0981)  frame_0_loss_giou: 0.2651 (0.2799)  frame_1_aux0_loss_bbox: 0.1491 (0.1483)  frame_1_aux0_loss_ce: 0.0945 (0.0985)  frame_1_aux0_loss_giou: 0.3454 (0.3521)  frame_1_aux1_loss_bbox: 0.1278 (0.1328)  frame_1_aux1_loss_ce: 0.0946 (0.0921)  frame_1_aux1_loss_giou: 0.2885 (0.3008)  frame_1_aux2_loss_bbox: 0.1210 (0.1299)  frame_1_aux2_loss_ce: 0.0668 (0.0683)  frame_1_aux2_loss_giou: 0.2797 (0.2869)  frame_1_aux3_loss_bbox: 0.1182 (0.1275)  frame_1_aux3_loss_ce: 0.0666 (0.0658)  frame_1_aux3_loss_giou: 0.2716 (0.2785)  frame_1_aux4_loss_bbox: 0.1184 (0.1266)  frame_1_aux4_loss_ce: 0.0640 (0.0655)  frame_1_aux4_loss_giou: 0.2661 (0.2772)  frame_1_loss_bbox: 0.1192 (0.1272)  frame_1_loss_ce: 0.0652 (0.0658)  frame_1_loss_features: 0.0767 (0.0735)  frame_1_loss_giou: 0.2684 (0.2808)  time: 0.8345  data: 0.0001  max mem: 6998
Epoch: [0]  [ 40/601]  eta: 0:11:48  lr: 0.000200  grad_norm: 72.09  loss: 6.1134 (6.3066)  frame_0_aux0_loss_bbox: 0.1254 (0.1363)  frame_0_aux0_loss_ce: 0.1460 (0.1402)  frame_0_aux0_loss_giou: 0.2759 (0.3070)  frame_0_aux1_loss_bbox: 0.1114 (0.1290)  frame_0_aux1_loss_ce: 0.1391 (0.1363)  frame_0_aux1_loss_giou: 0.2575 (0.2844)  frame_0_aux2_loss_bbox: 0.1176 (0.1283)  frame_0_aux2_loss_ce: 0.1165 (0.1131)  frame_0_aux2_loss_giou: 0.2522 (0.2785)  frame_0_aux3_loss_bbox: 0.1122 (0.1265)  frame_0_aux3_loss_ce: 0.1139 (0.1097)  frame_0_aux3_loss_giou: 0.2506 (0.2724)  frame_0_aux4_loss_bbox: 0.1110 (0.1265)  frame_0_aux4_loss_ce: 0.1142 (0.1081)  frame_0_aux4_loss_giou: 0.2501 (0.2761)  frame_0_loss_bbox: 0.1120 (0.1272)  frame_0_loss_ce: 0.1083 (0.1082)  frame_0_loss_giou: 0.2462 (0.2749)  frame_1_aux0_loss_bbox: 0.1491 (0.1558)  frame_1_aux0_loss_ce: 0.0949 (0.0994)  frame_1_aux0_loss_giou: 0.3108 (0.3440)  frame_1_aux1_loss_bbox: 0.1320 (0.1406)  frame_1_aux1_loss_ce: 0.0947 (0.0935)  frame_1_aux1_loss_giou: 0.2783 (0.2947)  frame_1_aux2_loss_bbox: 0.1265 (0.1383)  frame_1_aux2_loss_ce: 0.0659 (0.0695)  frame_1_aux2_loss_giou: 0.2676 (0.2829)  frame_1_aux3_loss_bbox: 0.1272 (0.1355)  frame_1_aux3_loss_ce: 0.0690 (0.0676)  frame_1_aux3_loss_giou: 0.2635 (0.2748)  frame_1_aux4_loss_bbox: 0.1254 (0.1343)  frame_1_aux4_loss_ce: 0.0662 (0.0675)  frame_1_aux4_loss_giou: 0.2619 (0.2736)  frame_1_loss_bbox: 0.1249 (0.1348)  frame_1_loss_ce: 0.0670 (0.0680)  frame_1_loss_features: 0.0740 (0.0723)  frame_1_loss_giou: 0.2628 (0.2766)  time: 0.8625  data: 0.0001  max mem: 6998
Epoch: [0]  [ 50/601]  eta: 0:10:56  lr: 0.000200  grad_norm: 173.43  loss: 6.5786 (6.3901)  frame_0_aux0_loss_bbox: 0.1368 (0.1401)  frame_0_aux0_loss_ce: 0.1558 (0.1456)  frame_0_aux0_loss_giou: 0.2856 (0.3066)  frame_0_aux1_loss_bbox: 0.1305 (0.1335)  frame_0_aux1_loss_ce: 0.1518 (0.1425)  frame_0_aux1_loss_giou: 0.2709 (0.2841)  frame_0_aux2_loss_bbox: 0.1259 (0.1326)  frame_0_aux2_loss_ce: 0.1406 (0.1187)  frame_0_aux2_loss_giou: 0.2656 (0.2786)  frame_0_aux3_loss_bbox: 0.1266 (0.1304)  frame_0_aux3_loss_ce: 0.1273 (0.1147)  frame_0_aux3_loss_giou: 0.2627 (0.2731)  frame_0_aux4_loss_bbox: 0.1220 (0.1301)  frame_0_aux4_loss_ce: 0.1211 (0.1131)  frame_0_aux4_loss_giou: 0.2615 (0.2751)  frame_0_loss_bbox: 0.1191 (0.1306)  frame_0_loss_ce: 0.1303 (0.1139)  frame_0_loss_giou: 0.2626 (0.2737)  frame_1_aux0_loss_bbox: 0.1531 (0.1599)  frame_1_aux0_loss_ce: 0.1001 (0.1014)  frame_1_aux0_loss_giou: 0.3185 (0.3402)  frame_1_aux1_loss_bbox: 0.1374 (0.1456)  frame_1_aux1_loss_ce: 0.1014 (0.0959)  frame_1_aux1_loss_giou: 0.2769 (0.2920)  frame_1_aux2_loss_bbox: 0.1377 (0.1434)  frame_1_aux2_loss_ce: 0.0705 (0.0729)  frame_1_aux2_loss_giou: 0.2676 (0.2813)  frame_1_aux3_loss_bbox: 0.1304 (0.1405)  frame_1_aux3_loss_ce: 0.0729 (0.0703)  frame_1_aux3_loss_giou: 0.2646 (0.2740)  frame_1_aux4_loss_bbox: 0.1276 (0.1392)  frame_1_aux4_loss_ce: 0.0710 (0.0697)  frame_1_aux4_loss_giou: 0.2574 (0.2718)  frame_1_loss_bbox: 0.1287 (0.1397)  frame_1_loss_ce: 0.0714 (0.0701)  frame_1_loss_features: 0.0686 (0.0709)  frame_1_loss_giou: 0.2598 (0.2742)  time: 0.8684  data: 0.0001  max mem: 6998
Epoch: [0]  [ 60/601]  eta: 0:10:07  lr: 0.000200  grad_norm: 769.63  loss: 6.3474 (6.3447)  frame_0_aux0_loss_bbox: 0.1180 (0.1385)  frame_0_aux0_loss_ce: 0.1508 (0.1447)  frame_0_aux0_loss_giou: 0.2901 (0.3061)  frame_0_aux1_loss_bbox: 0.1203 (0.1319)  frame_0_aux1_loss_ce: 0.1477 (0.1421)  frame_0_aux1_loss_giou: 0.2709 (0.2836)  frame_0_aux2_loss_bbox: 0.1137 (0.1312)  frame_0_aux2_loss_ce: 0.1199 (0.1176)  frame_0_aux2_loss_giou: 0.2650 (0.2783)  frame_0_aux3_loss_bbox: 0.1103 (0.1289)  frame_0_aux3_loss_ce: 0.1143 (0.1130)  frame_0_aux3_loss_giou: 0.2617 (0.2724)  frame_0_aux4_loss_bbox: 0.1115 (0.1285)  frame_0_aux4_loss_ce: 0.1167 (0.1118)  frame_0_aux4_loss_giou: 0.2591 (0.2737)  frame_0_loss_bbox: 0.1104 (0.1289)  frame_0_loss_ce: 0.1174 (0.1126)  frame_0_loss_giou: 0.2571 (0.2724)  frame_1_aux0_loss_bbox: 0.1312 (0.1574)  frame_1_aux0_loss_ce: 0.1026 (0.1016)  frame_1_aux0_loss_giou: 0.3213 (0.3371)  frame_1_aux1_loss_bbox: 0.1172 (0.1437)  frame_1_aux1_loss_ce: 0.1017 (0.0958)  frame_1_aux1_loss_giou: 0.2719 (0.2894)  frame_1_aux2_loss_bbox: 0.1174 (0.1418)  frame_1_aux2_loss_ce: 0.0801 (0.0733)  frame_1_aux2_loss_giou: 0.2687 (0.2793)  frame_1_aux3_loss_bbox: 0.1124 (0.1390)  frame_1_aux3_loss_ce: 0.0729 (0.0701)  frame_1_aux3_loss_giou: 0.2652 (0.2720)  frame_1_aux4_loss_bbox: 0.1114 (0.1378)  frame_1_aux4_loss_ce: 0.0720 (0.0694)  frame_1_aux4_loss_giou: 0.2629 (0.2699)  frame_1_loss_bbox: 0.1123 (0.1382)  frame_1_loss_ce: 0.0716 (0.0699)  frame_1_loss_features: 0.0661 (0.0707)  frame_1_loss_giou: 0.2585 (0.2721)  time: 0.8358  data: 0.0001  max mem: 6998
Epoch: [0]  [ 70/601]  eta: 0:09:44  lr: 0.000200  grad_norm: 104.61  loss: 6.3474 (6.3778)  frame_0_aux0_loss_bbox: 0.1359 (0.1416)  frame_0_aux0_loss_ce: 0.1508 (0.1474)  frame_0_aux0_loss_giou: 0.2716 (0.3045)  frame_0_aux1_loss_bbox: 0.1286 (0.1351)  frame_0_aux1_loss_ce: 0.1446 (0.1449)  frame_0_aux1_loss_giou: 0.2538 (0.2819)  frame_0_aux2_loss_bbox: 0.1349 (0.1347)  frame_0_aux2_loss_ce: 0.1194 (0.1203)  frame_0_aux2_loss_giou: 0.2502 (0.2771)  frame_0_aux3_loss_bbox: 0.1353 (0.1328)  frame_0_aux3_loss_ce: 0.1112 (0.1151)  frame_0_aux3_loss_giou: 0.2536 (0.2717)  frame_0_aux4_loss_bbox: 0.1339 (0.1323)  frame_0_aux4_loss_ce: 0.1076 (0.1138)  frame_0_aux4_loss_giou: 0.2457 (0.2728)  frame_0_loss_bbox: 0.1331 (0.1326)  frame_0_loss_ce: 0.1090 (0.1146)  frame_0_loss_giou: 0.2496 (0.2717)  frame_1_aux0_loss_bbox: 0.1601 (0.1589)  frame_1_aux0_loss_ce: 0.1014 (0.1032)  frame_1_aux0_loss_giou: 0.3112 (0.3330)  frame_1_aux1_loss_bbox: 0.1481 (0.1457)  frame_1_aux1_loss_ce: 0.0971 (0.0971)  frame_1_aux1_loss_giou: 0.2637 (0.2868)  frame_1_aux2_loss_bbox: 0.1474 (0.1438)  frame_1_aux2_loss_ce: 0.0792 (0.0746)  frame_1_aux2_loss_giou: 0.2569 (0.2768)  frame_1_aux3_loss_bbox: 0.1458 (0.1413)  frame_1_aux3_loss_ce: 0.0727 (0.0712)  frame_1_aux3_loss_giou: 0.2519 (0.2699)  frame_1_aux4_loss_bbox: 0.1426 (0.1403)  frame_1_aux4_loss_ce: 0.0725 (0.0706)  frame_1_aux4_loss_giou: 0.2469 (0.2679)  frame_1_loss_bbox: 0.1393 (0.1407)  frame_1_loss_ce: 0.0725 (0.0711)  frame_1_loss_features: 0.0662 (0.0703)  frame_1_loss_giou: 0.2458 (0.2699)  time: 0.8650  data: 0.0001  max mem: 6998
Epoch: [0]  [ 80/601]  eta: 0:09:14  lr: 0.000200  grad_norm: 3464.03  loss: 5.9274 (6.3373)  frame_0_aux0_loss_bbox: 0.1357 (0.1413)  frame_0_aux0_loss_ce: 0.1513 (0.1472)  frame_0_aux0_loss_giou: 0.2890 (0.3023)  frame_0_aux1_loss_bbox: 0.1286 (0.1346)  frame_0_aux1_loss_ce: 0.1449 (0.1446)  frame_0_aux1_loss_giou: 0.2550 (0.2795)  frame_0_aux2_loss_bbox: 0.1315 (0.1342)  frame_0_aux2_loss_ce: 0.1198 (0.1196)  frame_0_aux2_loss_giou: 0.2502 (0.2743)  frame_0_aux3_loss_bbox: 0.1346 (0.1328)  frame_0_aux3_loss_ce: 0.1112 (0.1141)  frame_0_aux3_loss_giou: 0.2547 (0.2694)  frame_0_aux4_loss_bbox: 0.1296 (0.1323)  frame_0_aux4_loss_ce: 0.1103 (0.1126)  frame_0_aux4_loss_giou: 0.2549 (0.2704)  frame_0_loss_bbox: 0.1292 (0.1325)  frame_0_loss_ce: 0.1080 (0.1131)  frame_0_loss_giou: 0.2583 (0.2695)  frame_1_aux0_loss_bbox: 0.1503 (0.1585)  frame_1_aux0_loss_ce: 0.0951 (0.1021)  frame_1_aux0_loss_giou: 0.3024 (0.3297)  frame_1_aux1_loss_bbox: 0.1397 (0.1457)  frame_1_aux1_loss_ce: 0.0862 (0.0962)  frame_1_aux1_loss_giou: 0.2610 (0.2845)  frame_1_aux2_loss_bbox: 0.1326 (0.1437)  frame_1_aux2_loss_ce: 0.0614 (0.0736)  frame_1_aux2_loss_giou: 0.2492 (0.2745)  frame_1_aux3_loss_bbox: 0.1302 (0.1415)  frame_1_aux3_loss_ce: 0.0596 (0.0701)  frame_1_aux3_loss_giou: 0.2464 (0.2680)  frame_1_aux4_loss_bbox: 0.1301 (0.1404)  frame_1_aux4_loss_ce: 0.0605 (0.0695)  frame_1_aux4_loss_giou: 0.2456 (0.2662)  frame_1_loss_bbox: 0.1312 (0.1407)  frame_1_loss_ce: 0.0602 (0.0699)  frame_1_loss_features: 0.0656 (0.0699)  frame_1_loss_giou: 0.2458 (0.2683)  time: 0.8872  data: 0.0001  max mem: 6998
Epoch: [0]  [ 90/601]  eta: 0:08:56  lr: 0.000200  grad_norm: 79.81  loss: 5.6167 (6.2767)  frame_0_aux0_loss_bbox: 0.1181 (0.1394)  frame_0_aux0_loss_ce: 0.1403 (0.1464)  frame_0_aux0_loss_giou: 0.2919 (0.3010)  frame_0_aux1_loss_bbox: 0.1053 (0.1324)  frame_0_aux1_loss_ce: 0.1367 (0.1436)  frame_0_aux1_loss_giou: 0.2663 (0.2772)  frame_0_aux2_loss_bbox: 0.1038 (0.1319)  frame_0_aux2_loss_ce: 0.1037 (0.1176)  frame_0_aux2_loss_giou: 0.2527 (0.2719)  frame_0_aux3_loss_bbox: 0.1070 (0.1306)  frame_0_aux3_loss_ce: 0.0959 (0.1116)  frame_0_aux3_loss_giou: 0.2468 (0.2676)  frame_0_aux4_loss_bbox: 0.1042 (0.1304)  frame_0_aux4_loss_ce: 0.0926 (0.1103)  frame_0_aux4_loss_giou: 0.2484 (0.2685)  frame_0_loss_bbox: 0.1060 (0.1305)  frame_0_loss_ce: 0.0927 (0.1107)  frame_0_loss_giou: 0.2491 (0.2677)  frame_1_aux0_loss_bbox: 0.1366 (0.1559)  frame_1_aux0_loss_ce: 0.0908 (0.1018)  frame_1_aux0_loss_giou: 0.3093 (0.3281)  frame_1_aux1_loss_bbox: 0.1207 (0.1432)  frame_1_aux1_loss_ce: 0.0856 (0.0959)  frame_1_aux1_loss_giou: 0.2610 (0.2829)  frame_1_aux2_loss_bbox: 0.1170 (0.1412)  frame_1_aux2_loss_ce: 0.0612 (0.0727)  frame_1_aux2_loss_giou: 0.2506 (0.2729)  frame_1_aux3_loss_bbox: 0.1141 (0.1392)  frame_1_aux3_loss_ce: 0.0567 (0.0693)  frame_1_aux3_loss_giou: 0.2503 (0.2672)  frame_1_aux4_loss_bbox: 0.1121 (0.1382)  frame_1_aux4_loss_ce: 0.0560 (0.0687)  frame_1_aux4_loss_giou: 0.2503 (0.2653)  frame_1_loss_bbox: 0.1139 (0.1387)  frame_1_loss_ce: 0.0580 (0.0691)  frame_1_loss_features: 0.0657 (0.0702)  frame_1_loss_giou: 0.2560 (0.2672)  time: 0.8716  data: 0.0001  max mem: 7065
Epoch: [0]  [100/601]  eta: 0:08:37  lr: 0.000200  grad_norm: 46.60  loss: 5.8290 (6.2509)  frame_0_aux0_loss_bbox: 0.1101 (0.1385)  frame_0_aux0_loss_ce: 0.1414 (0.1459)  frame_0_aux0_loss_giou: 0.2786 (0.3023)  frame_0_aux1_loss_bbox: 0.1025 (0.1310)  frame_0_aux1_loss_ce: 0.1346 (0.1427)  frame_0_aux1_loss_giou: 0.2520 (0.2779)  frame_0_aux2_loss_bbox: 0.1010 (0.1305)  frame_0_aux2_loss_ce: 0.1037 (0.1168)  frame_0_aux2_loss_giou: 0.2504 (0.2724)  frame_0_aux3_loss_bbox: 0.1039 (0.1293)  frame_0_aux3_loss_ce: 0.0959 (0.1109)  frame_0_aux3_loss_giou: 0.2473 (0.2682)  frame_0_aux4_loss_bbox: 0.1006 (0.1288)  frame_0_aux4_loss_ce: 0.0969 (0.1095)  frame_0_aux4_loss_giou: 0.2401 (0.2686)  frame_0_loss_bbox: 0.1021 (0.1291)  frame_0_loss_ce: 0.0894 (0.1098)  frame_0_loss_giou: 0.2457 (0.2682)  frame_1_aux0_loss_bbox: 0.1161 (0.1538)  frame_1_aux0_loss_ce: 0.0993 (0.1018)  frame_1_aux0_loss_giou: 0.3049 (0.3267)  frame_1_aux1_loss_bbox: 0.1036 (0.1411)  frame_1_aux1_loss_ce: 0.0918 (0.0961)  frame_1_aux1_loss_giou: 0.2647 (0.2817)  frame_1_aux2_loss_bbox: 0.1046 (0.1393)  frame_1_aux2_loss_ce: 0.0687 (0.0727)  frame_1_aux2_loss_giou: 0.2591 (0.2720)  frame_1_aux3_loss_bbox: 0.1062 (0.1375)  frame_1_aux3_loss_ce: 0.0586 (0.0691)  frame_1_aux3_loss_giou: 0.2611 (0.2666)  frame_1_aux4_loss_bbox: 0.1034 (0.1363)  frame_1_aux4_loss_ce: 0.0607 (0.0685)  frame_1_aux4_loss_giou: 0.2527 (0.2645)  frame_1_loss_bbox: 0.1048 (0.1369)  frame_1_loss_ce: 0.0633 (0.0689)  frame_1_loss_features: 0.0712 (0.0702)  frame_1_loss_giou: 0.2572 (0.2666)  time: 0.9074  data: 0.0001  max mem: 7065
Epoch: [0]  [110/601]  eta: 0:08:17  lr: 0.000200  grad_norm: 50.33  loss: 6.0151 (6.2187)  frame_0_aux0_loss_bbox: 0.1200 (0.1400)  frame_0_aux0_loss_ce: 0.1383 (0.1445)  frame_0_aux0_loss_giou: 0.2757 (0.3012)  frame_0_aux1_loss_bbox: 0.1108 (0.1322)  frame_0_aux1_loss_ce: 0.1316 (0.1413)  frame_0_aux1_loss_giou: 0.2546 (0.2765)  frame_0_aux2_loss_bbox: 0.1114 (0.1316)  frame_0_aux2_loss_ce: 0.1028 (0.1149)  frame_0_aux2_loss_giou: 0.2525 (0.2706)  frame_0_aux3_loss_bbox: 0.1123 (0.1303)  frame_0_aux3_loss_ce: 0.0960 (0.1090)  frame_0_aux3_loss_giou: 0.2473 (0.2667)  frame_0_aux4_loss_bbox: 0.1094 (0.1298)  frame_0_aux4_loss_ce: 0.0943 (0.1077)  frame_0_aux4_loss_giou: 0.2421 (0.2668)  frame_0_loss_bbox: 0.1064 (0.1301)  frame_0_loss_ce: 0.0894 (0.1081)  frame_0_loss_giou: 0.2457 (0.2664)  frame_1_aux0_loss_bbox: 0.1266 (0.1540)  frame_1_aux0_loss_ce: 0.0934 (0.1006)  frame_1_aux0_loss_giou: 0.3020 (0.3241)  frame_1_aux1_loss_bbox: 0.1129 (0.1415)  frame_1_aux1_loss_ce: 0.0906 (0.0950)  frame_1_aux1_loss_giou: 0.2640 (0.2793)  frame_1_aux2_loss_bbox: 0.1120 (0.1396)  frame_1_aux2_loss_ce: 0.0664 (0.0714)  frame_1_aux2_loss_giou: 0.2538 (0.2697)  frame_1_aux3_loss_bbox: 0.1098 (0.1379)  frame_1_aux3_loss_ce: 0.0605 (0.0679)  frame_1_aux3_loss_giou: 0.2531 (0.2646)  frame_1_aux4_loss_bbox: 0.1077 (0.1366)  frame_1_aux4_loss_ce: 0.0605 (0.0674)  frame_1_aux4_loss_giou: 0.2515 (0.2623)  frame_1_loss_bbox: 0.1075 (0.1373)  frame_1_loss_ce: 0.0599 (0.0676)  frame_1_loss_features: 0.0668 (0.0699)  frame_1_loss_giou: 0.2565 (0.2643)  time: 0.8429  data: 0.0124  max mem: 7065
Epoch: [0]  [120/601]  eta: 0:07:59  lr: 0.000200  grad_norm: 96.42  loss: 5.6360 (6.2137)  frame_0_aux0_loss_bbox: 0.1415 (0.1408)  frame_0_aux0_loss_ce: 0.1345 (0.1445)  frame_0_aux0_loss_giou: 0.2732 (0.3023)  frame_0_aux1_loss_bbox: 0.1243 (0.1326)  frame_0_aux1_loss_ce: 0.1303 (0.1413)  frame_0_aux1_loss_giou: 0.2501 (0.2772)  frame_0_aux2_loss_bbox: 0.1213 (0.1318)  frame_0_aux2_loss_ce: 0.1028 (0.1144)  frame_0_aux2_loss_giou: 0.2486 (0.2713)  frame_0_aux3_loss_bbox: 0.1182 (0.1303)  frame_0_aux3_loss_ce: 0.0960 (0.1083)  frame_0_aux3_loss_giou: 0.2448 (0.2670)  frame_0_aux4_loss_bbox: 0.1179 (0.1300)  frame_0_aux4_loss_ce: 0.0943 (0.1070)  frame_0_aux4_loss_giou: 0.2461 (0.2677)  frame_0_loss_bbox: 0.1172 (0.1301)  frame_0_loss_ce: 0.0937 (0.1074)  frame_0_loss_giou: 0.2430 (0.2668)  frame_1_aux0_loss_bbox: 0.1294 (0.1536)  frame_1_aux0_loss_ce: 0.0919 (0.1009)  frame_1_aux0_loss_giou: 0.2842 (0.3234)  frame_1_aux1_loss_bbox: 0.1138 (0.1410)  frame_1_aux1_loss_ce: 0.0857 (0.0951)  frame_1_aux1_loss_giou: 0.2411 (0.2786)  frame_1_aux2_loss_bbox: 0.1124 (0.1390)  frame_1_aux2_loss_ce: 0.0579 (0.0713)  frame_1_aux2_loss_giou: 0.2273 (0.2690)  frame_1_aux3_loss_bbox: 0.1098 (0.1372)  frame_1_aux3_loss_ce: 0.0513 (0.0676)  frame_1_aux3_loss_giou: 0.2290 (0.2639)  frame_1_aux4_loss_bbox: 0.1077 (0.1360)  frame_1_aux4_loss_ce: 0.0513 (0.0671)  frame_1_aux4_loss_giou: 0.2204 (0.2618)  frame_1_loss_bbox: 0.1075 (0.1366)  frame_1_loss_ce: 0.0490 (0.0674)  frame_1_loss_features: 0.0622 (0.0694)  frame_1_loss_giou: 0.2250 (0.2637)  time: 0.8125  data: 0.0124  max mem: 7065
Epoch: [0]  [130/601]  eta: 0:07:40  lr: 0.000200  grad_norm: 93.28  loss: 5.6341 (6.1945)  frame_0_aux0_loss_bbox: 0.1240 (0.1397)  frame_0_aux0_loss_ce: 0.1435 (0.1450)  frame_0_aux0_loss_giou: 0.2760 (0.3020)  frame_0_aux1_loss_bbox: 0.1128 (0.1315)  frame_0_aux1_loss_ce: 0.1388 (0.1417)  frame_0_aux1_loss_giou: 0.2638 (0.2772)  frame_0_aux2_loss_bbox: 0.1165 (0.1308)  frame_0_aux2_loss_ce: 0.1091 (0.1144)  frame_0_aux2_loss_giou: 0.2522 (0.2711)  frame_0_aux3_loss_bbox: 0.1140 (0.1292)  frame_0_aux3_loss_ce: 0.1019 (0.1081)  frame_0_aux3_loss_giou: 0.2490 (0.2669)  frame_0_aux4_loss_bbox: 0.1146 (0.1289)  frame_0_aux4_loss_ce: 0.1014 (0.1067)  frame_0_aux4_loss_giou: 0.2552 (0.2678)  frame_0_loss_bbox: 0.1135 (0.1290)  frame_0_loss_ce: 0.1029 (0.1071)  frame_0_loss_giou: 0.2487 (0.2665)  frame_1_aux0_loss_bbox: 0.1187 (0.1521)  frame_1_aux0_loss_ce: 0.0979 (0.1006)  frame_1_aux0_loss_giou: 0.2985 (0.3232)  frame_1_aux1_loss_bbox: 0.1114 (0.1396)  frame_1_aux1_loss_ce: 0.0945 (0.0949)  frame_1_aux1_loss_giou: 0.2624 (0.2782)  frame_1_aux2_loss_bbox: 0.1083 (0.1375)  frame_1_aux2_loss_ce: 0.0736 (0.0712)  frame_1_aux2_loss_giou: 0.2512 (0.2686)  frame_1_aux3_loss_bbox: 0.1088 (0.1357)  frame_1_aux3_loss_ce: 0.0662 (0.0675)  frame_1_aux3_loss_giou: 0.2476 (0.2635)  frame_1_aux4_loss_bbox: 0.1089 (0.1346)  frame_1_aux4_loss_ce: 0.0689 (0.0670)  frame_1_aux4_loss_giou: 0.2423 (0.2615)  frame_1_loss_bbox: 0.1088 (0.1353)  frame_1_loss_ce: 0.0691 (0.0673)  frame_1_loss_features: 0.0610 (0.0694)  frame_1_loss_giou: 0.2452 (0.2633)  time: 0.7902  data: 0.0001  max mem: 7065
Epoch: [0]  [140/601]  eta: 0:07:31  lr: 0.000200  grad_norm: 69.75  loss: 6.0568 (6.1915)  frame_0_aux0_loss_bbox: 0.1168 (0.1386)  frame_0_aux0_loss_ce: 0.1426 (0.1453)  frame_0_aux0_loss_giou: 0.2807 (0.3030)  frame_0_aux1_loss_bbox: 0.1068 (0.1304)  frame_0_aux1_loss_ce: 0.1374 (0.1417)  frame_0_aux1_loss_giou: 0.2653 (0.2779)  frame_0_aux2_loss_bbox: 0.1045 (0.1296)  frame_0_aux2_loss_ce: 0.1082 (0.1143)  frame_0_aux2_loss_giou: 0.2612 (0.2718)  frame_0_aux3_loss_bbox: 0.1030 (0.1280)  frame_0_aux3_loss_ce: 0.0995 (0.1080)  frame_0_aux3_loss_giou: 0.2593 (0.2674)  frame_0_aux4_loss_bbox: 0.1013 (0.1277)  frame_0_aux4_loss_ce: 0.1012 (0.1067)  frame_0_aux4_loss_giou: 0.2632 (0.2688)  frame_0_loss_bbox: 0.1006 (0.1278)  frame_0_loss_ce: 0.0992 (0.1070)  frame_0_loss_giou: 0.2529 (0.2669)  frame_1_aux0_loss_bbox: 0.1184 (0.1508)  frame_1_aux0_loss_ce: 0.0995 (0.1006)  frame_1_aux0_loss_giou: 0.3410 (0.3243)  frame_1_aux1_loss_bbox: 0.1108 (0.1383)  frame_1_aux1_loss_ce: 0.0910 (0.0948)  frame_1_aux1_loss_giou: 0.2756 (0.2796)  frame_1_aux2_loss_bbox: 0.1048 (0.1361)  frame_1_aux2_loss_ce: 0.0750 (0.0712)  frame_1_aux2_loss_giou: 0.2695 (0.2698)  frame_1_aux3_loss_bbox: 0.1015 (0.1343)  frame_1_aux3_loss_ce: 0.0723 (0.0677)  frame_1_aux3_loss_giou: 0.2642 (0.2647)  frame_1_aux4_loss_bbox: 0.0984 (0.1334)  frame_1_aux4_loss_ce: 0.0704 (0.0670)  frame_1_aux4_loss_giou: 0.2632 (0.2628)  frame_1_loss_bbox: 0.0994 (0.1341)  frame_1_loss_ce: 0.0709 (0.0673)  frame_1_loss_features: 0.0638 (0.0692)  frame_1_loss_giou: 0.2620 (0.2647)  time: 0.8819  data: 0.0001  max mem: 7065
Epoch: [0]  [150/601]  eta: 0:07:15  lr: 0.000200  grad_norm: 66.87  loss: 5.8286 (6.1645)  frame_0_aux0_loss_bbox: 0.1122 (0.1373)  frame_0_aux0_loss_ce: 0.1320 (0.1453)  frame_0_aux0_loss_giou: 0.2800 (0.3024)  frame_0_aux1_loss_bbox: 0.1030 (0.1292)  frame_0_aux1_loss_ce: 0.1288 (0.1415)  frame_0_aux1_loss_giou: 0.2545 (0.2774)  frame_0_aux2_loss_bbox: 0.0983 (0.1283)  frame_0_aux2_loss_ce: 0.1012 (0.1142)  frame_0_aux2_loss_giou: 0.2505 (0.2712)  frame_0_aux3_loss_bbox: 0.1012 (0.1268)  frame_0_aux3_loss_ce: 0.0967 (0.1079)  frame_0_aux3_loss_giou: 0.2439 (0.2669)  frame_0_aux4_loss_bbox: 0.1013 (0.1269)  frame_0_aux4_loss_ce: 0.0939 (0.1066)  frame_0_aux4_loss_giou: 0.2632 (0.2698)  frame_0_loss_bbox: 0.1006 (0.1267)  frame_0_loss_ce: 0.0977 (0.1068)  frame_0_loss_giou: 0.2507 (0.2666)  frame_1_aux0_loss_bbox: 0.1243 (0.1495)  frame_1_aux0_loss_ce: 0.0981 (0.1003)  frame_1_aux0_loss_giou: 0.2966 (0.3231)  frame_1_aux1_loss_bbox: 0.1078 (0.1369)  frame_1_aux1_loss_ce: 0.0891 (0.0944)  frame_1_aux1_loss_giou: 0.2635 (0.2784)  frame_1_aux2_loss_bbox: 0.1042 (0.1345)  frame_1_aux2_loss_ce: 0.0738 (0.0710)  frame_1_aux2_loss_giou: 0.2526 (0.2683)  frame_1_aux3_loss_bbox: 0.1001 (0.1328)  frame_1_aux3_loss_ce: 0.0723 (0.0676)  frame_1_aux3_loss_giou: 0.2503 (0.2633)  frame_1_aux4_loss_bbox: 0.1001 (0.1319)  frame_1_aux4_loss_ce: 0.0666 (0.0669)  frame_1_aux4_loss_giou: 0.2500 (0.2616)  frame_1_loss_bbox: 0.0981 (0.1327)  frame_1_loss_ce: 0.0652 (0.0672)  frame_1_loss_features: 0.0638 (0.0691)  frame_1_loss_giou: 0.2517 (0.2634)  time: 0.8858  data: 0.0001  max mem: 7065
Epoch: [0]  [160/601]  eta: 0:07:00  lr: 0.000200  grad_norm: 72.38  loss: 5.5207 (6.1477)  frame_0_aux0_loss_bbox: 0.1099 (0.1370)  frame_0_aux0_loss_ce: 0.1309 (0.1447)  frame_0_aux0_loss_giou: 0.2764 (0.3007)  frame_0_aux1_loss_bbox: 0.1047 (0.1291)  frame_0_aux1_loss_ce: 0.1257 (0.1406)  frame_0_aux1_loss_giou: 0.2486 (0.2765)  frame_0_aux2_loss_bbox: 0.1027 (0.1282)  frame_0_aux2_loss_ce: 0.1000 (0.1136)  frame_0_aux2_loss_giou: 0.2493 (0.2704)  frame_0_aux3_loss_bbox: 0.1012 (0.1268)  frame_0_aux3_loss_ce: 0.0950 (0.1071)  frame_0_aux3_loss_giou: 0.2430 (0.2664)  frame_0_aux4_loss_bbox: 0.1068 (0.1269)  frame_0_aux4_loss_ce: 0.0924 (0.1060)  frame_0_aux4_loss_giou: 0.2601 (0.2690)  frame_0_loss_bbox: 0.1160 (0.1267)  frame_0_loss_ce: 0.0977 (0.1063)  frame_0_loss_giou: 0.2498 (0.2658)  frame_1_aux0_loss_bbox: 0.1326 (0.1493)  frame_1_aux0_loss_ce: 0.0956 (0.1000)  frame_1_aux0_loss_giou: 0.2911 (0.3212)  frame_1_aux1_loss_bbox: 0.1167 (0.1367)  frame_1_aux1_loss_ce: 0.0871 (0.0940)  frame_1_aux1_loss_giou: 0.2585 (0.2777)  frame_1_aux2_loss_bbox: 0.1146 (0.1343)  frame_1_aux2_loss_ce: 0.0658 (0.0707)  frame_1_aux2_loss_giou: 0.2428 (0.2675)  frame_1_aux3_loss_bbox: 0.1160 (0.1328)  frame_1_aux3_loss_ce: 0.0589 (0.0672)  frame_1_aux3_loss_giou: 0.2466 (0.2630)  frame_1_aux4_loss_bbox: 0.1175 (0.1321)  frame_1_aux4_loss_ce: 0.0579 (0.0665)  frame_1_aux4_loss_giou: 0.2389 (0.2611)  frame_1_loss_bbox: 0.1180 (0.1331)  frame_1_loss_ce: 0.0571 (0.0668)  frame_1_loss_features: 0.0640 (0.0689)  frame_1_loss_giou: 0.2470 (0.2633)  time: 0.7675  data: 0.0001  max mem: 7065
Epoch: [0]  [170/601]  eta: 0:06:46  lr: 0.000200  grad_norm: 53.35  loss: 5.7759 (6.1322)  frame_0_aux0_loss_bbox: 0.1099 (0.1364)  frame_0_aux0_loss_ce: 0.1309 (0.1444)  frame_0_aux0_loss_giou: 0.2649 (0.3001)  frame_0_aux1_loss_bbox: 0.1047 (0.1285)  frame_0_aux1_loss_ce: 0.1239 (0.1403)  frame_0_aux1_loss_giou: 0.2486 (0.2759)  frame_0_aux2_loss_bbox: 0.1027 (0.1277)  frame_0_aux2_loss_ce: 0.0985 (0.1133)  frame_0_aux2_loss_giou: 0.2553 (0.2699)  frame_0_aux3_loss_bbox: 0.1000 (0.1264)  frame_0_aux3_loss_ce: 0.0902 (0.1070)  frame_0_aux3_loss_giou: 0.2475 (0.2661)  frame_0_aux4_loss_bbox: 0.1068 (0.1265)  frame_0_aux4_loss_ce: 0.0936 (0.1059)  frame_0_aux4_loss_giou: 0.2533 (0.2693)  frame_0_loss_bbox: 0.1160 (0.1266)  frame_0_loss_ce: 0.0933 (0.1059)  frame_0_loss_giou: 0.2597 (0.2666)  frame_1_aux0_loss_bbox: 0.1326 (0.1485)  frame_1_aux0_loss_ce: 0.0966 (0.0997)  frame_1_aux0_loss_giou: 0.2932 (0.3211)  frame_1_aux1_loss_bbox: 0.1181 (0.1356)  frame_1_aux1_loss_ce: 0.0911 (0.0939)  frame_1_aux1_loss_giou: 0.2493 (0.2766)  frame_1_aux2_loss_bbox: 0.1153 (0.1333)  frame_1_aux2_loss_ce: 0.0660 (0.0706)  frame_1_aux2_loss_giou: 0.2428 (0.2666)  frame_1_aux3_loss_bbox: 0.1166 (0.1318)  frame_1_aux3_loss_ce: 0.0612 (0.0669)  frame_1_aux3_loss_giou: 0.2477 (0.2623)  frame_1_aux4_loss_bbox: 0.1173 (0.1312)  frame_1_aux4_loss_ce: 0.0573 (0.0662)  frame_1_aux4_loss_giou: 0.2419 (0.2605)  frame_1_loss_bbox: 0.1219 (0.1325)  frame_1_loss_ce: 0.0583 (0.0665)  frame_1_loss_features: 0.0610 (0.0685)  frame_1_loss_giou: 0.2489 (0.2632)  time: 0.7609  data: 0.0001  max mem: 7065
Epoch: [0]  [180/601]  eta: 0:06:32  lr: 0.000200  grad_norm: 93.73  loss: 5.8902 (6.1139)  frame_0_aux0_loss_bbox: 0.1126 (0.1360)  frame_0_aux0_loss_ce: 0.1401 (0.1443)  frame_0_aux0_loss_giou: 0.2783 (0.2995)  frame_0_aux1_loss_bbox: 0.1008 (0.1282)  frame_0_aux1_loss_ce: 0.1267 (0.1397)  frame_0_aux1_loss_giou: 0.2576 (0.2755)  frame_0_aux2_loss_bbox: 0.0948 (0.1275)  frame_0_aux2_loss_ce: 0.0985 (0.1126)  frame_0_aux2_loss_giou: 0.2447 (0.2694)  frame_0_aux3_loss_bbox: 0.0988 (0.1262)  frame_0_aux3_loss_ce: 0.0905 (0.1063)  frame_0_aux3_loss_giou: 0.2549 (0.2662)  frame_0_aux4_loss_bbox: 0.0986 (0.1261)  frame_0_aux4_loss_ce: 0.0936 (0.1051)  frame_0_aux4_loss_giou: 0.2467 (0.2687)  frame_0_loss_bbox: 0.1053 (0.1261)  frame_0_loss_ce: 0.0912 (0.1051)  frame_0_loss_giou: 0.2597 (0.2658)  frame_1_aux0_loss_bbox: 0.1200 (0.1476)  frame_1_aux0_loss_ce: 0.1005 (0.0996)  frame_1_aux0_loss_giou: 0.3020 (0.3202)  frame_1_aux1_loss_bbox: 0.1028 (0.1348)  frame_1_aux1_loss_ce: 0.0943 (0.0938)  frame_1_aux1_loss_giou: 0.2481 (0.2759)  frame_1_aux2_loss_bbox: 0.1003 (0.1325)  frame_1_aux2_loss_ce: 0.0678 (0.0703)  frame_1_aux2_loss_giou: 0.2501 (0.2661)  frame_1_aux3_loss_bbox: 0.0975 (0.1311)  frame_1_aux3_loss_ce: 0.0612 (0.0665)  frame_1_aux3_loss_giou: 0.2520 (0.2623)  frame_1_aux4_loss_bbox: 0.0963 (0.1305)  frame_1_aux4_loss_ce: 0.0585 (0.0658)  frame_1_aux4_loss_giou: 0.2419 (0.2599)  frame_1_loss_bbox: 0.1039 (0.1317)  frame_1_loss_ce: 0.0587 (0.0661)  frame_1_loss_features: 0.0561 (0.0681)  frame_1_loss_giou: 0.2610 (0.2626)  time: 0.7535  data: 0.0001  max mem: 7065
Epoch: [0]  [190/601]  eta: 0:06:21  lr: 0.000200  grad_norm: 83.55  loss: 5.8792 (6.1072)  frame_0_aux0_loss_bbox: 0.1195 (0.1363)  frame_0_aux0_loss_ce: 0.1328 (0.1437)  frame_0_aux0_loss_giou: 0.2783 (0.2988)  frame_0_aux1_loss_bbox: 0.1116 (0.1284)  frame_0_aux1_loss_ce: 0.1267 (0.1392)  frame_0_aux1_loss_giou: 0.2539 (0.2745)  frame_0_aux2_loss_bbox: 0.1122 (0.1280)  frame_0_aux2_loss_ce: 0.0980 (0.1119)  frame_0_aux2_loss_giou: 0.2447 (0.2690)  frame_0_aux3_loss_bbox: 0.1078 (0.1266)  frame_0_aux3_loss_ce: 0.0899 (0.1054)  frame_0_aux3_loss_giou: 0.2549 (0.2666)  frame_0_aux4_loss_bbox: 0.1084 (0.1263)  frame_0_aux4_loss_ce: 0.0895 (0.1042)  frame_0_aux4_loss_giou: 0.2444 (0.2678)  frame_0_loss_bbox: 0.1062 (0.1262)  frame_0_loss_ce: 0.0863 (0.1042)  frame_0_loss_giou: 0.2384 (0.2648)  frame_1_aux0_loss_bbox: 0.1241 (0.1478)  frame_1_aux0_loss_ce: 0.1029 (0.0998)  frame_1_aux0_loss_giou: 0.2903 (0.3187)  frame_1_aux1_loss_bbox: 0.1136 (0.1353)  frame_1_aux1_loss_ce: 0.0943 (0.0939)  frame_1_aux1_loss_giou: 0.2585 (0.2754)  frame_1_aux2_loss_bbox: 0.1111 (0.1330)  frame_1_aux2_loss_ce: 0.0660 (0.0703)  frame_1_aux2_loss_giou: 0.2570 (0.2659)  frame_1_aux3_loss_bbox: 0.1092 (0.1316)  frame_1_aux3_loss_ce: 0.0574 (0.0664)  frame_1_aux3_loss_giou: 0.2622 (0.2627)  frame_1_aux4_loss_bbox: 0.1060 (0.1309)  frame_1_aux4_loss_ce: 0.0585 (0.0657)  frame_1_aux4_loss_giou: 0.2492 (0.2594)  frame_1_loss_bbox: 0.1090 (0.1321)  frame_1_loss_ce: 0.0587 (0.0660)  frame_1_loss_features: 0.0617 (0.0681)  frame_1_loss_giou: 0.2590 (0.2624)  time: 0.8112  data: 0.0001  max mem: 7065
Epoch: [0]  [200/601]  eta: 0:06:08  lr: 0.000200  grad_norm: 93.16  loss: 5.9354 (6.1118)  frame_0_aux0_loss_bbox: 0.1297 (0.1372)  frame_0_aux0_loss_ce: 0.1328 (0.1445)  frame_0_aux0_loss_giou: 0.2715 (0.2975)  frame_0_aux1_loss_bbox: 0.1191 (0.1296)  frame_0_aux1_loss_ce: 0.1312 (0.1394)  frame_0_aux1_loss_giou: 0.2495 (0.2734)  frame_0_aux2_loss_bbox: 0.1267 (0.1292)  frame_0_aux2_loss_ce: 0.1034 (0.1122)  frame_0_aux2_loss_giou: 0.2467 (0.2680)  frame_0_aux3_loss_bbox: 0.1193 (0.1279)  frame_0_aux3_loss_ce: 0.0920 (0.1055)  frame_0_aux3_loss_giou: 0.2485 (0.2662)  frame_0_aux4_loss_bbox: 0.1189 (0.1276)  frame_0_aux4_loss_ce: 0.0896 (0.1043)  frame_0_aux4_loss_giou: 0.2426 (0.2670)  frame_0_loss_bbox: 0.1153 (0.1275)  frame_0_loss_ce: 0.0904 (0.1043)  frame_0_loss_giou: 0.2384 (0.2641)  frame_1_aux0_loss_bbox: 0.1267 (0.1491)  frame_1_aux0_loss_ce: 0.1015 (0.0997)  frame_1_aux0_loss_giou: 0.2793 (0.3173)  frame_1_aux1_loss_bbox: 0.1151 (0.1366)  frame_1_aux1_loss_ce: 0.0910 (0.0936)  frame_1_aux1_loss_giou: 0.2528 (0.2744)  frame_1_aux2_loss_bbox: 0.1143 (0.1344)  frame_1_aux2_loss_ce: 0.0660 (0.0700)  frame_1_aux2_loss_giou: 0.2472 (0.2650)  frame_1_aux3_loss_bbox: 0.1114 (0.1331)  frame_1_aux3_loss_ce: 0.0557 (0.0661)  frame_1_aux3_loss_giou: 0.2515 (0.2621)  frame_1_aux4_loss_bbox: 0.1129 (0.1323)  frame_1_aux4_loss_ce: 0.0560 (0.0654)  frame_1_aux4_loss_giou: 0.2375 (0.2585)  frame_1_loss_bbox: 0.1163 (0.1335)  frame_1_loss_ce: 0.0565 (0.0657)  frame_1_loss_features: 0.0659 (0.0680)  frame_1_loss_giou: 0.2450 (0.2616)  time: 0.8110  data: 0.0001  max mem: 7065
Epoch: [0]  [210/601]  eta: 0:05:56  lr: 0.000200  grad_norm: 67.68  loss: 5.9778 (6.1062)  frame_0_aux0_loss_bbox: 0.0973 (0.1368)  frame_0_aux0_loss_ce: 0.1482 (0.1448)  frame_0_aux0_loss_giou: 0.2756 (0.2963)  frame_0_aux1_loss_bbox: 0.0920 (0.1294)  frame_0_aux1_loss_ce: 0.1419 (0.1397)  frame_0_aux1_loss_giou: 0.2534 (0.2724)  frame_0_aux2_loss_bbox: 0.0922 (0.1290)  frame_0_aux2_loss_ce: 0.1183 (0.1123)  frame_0_aux2_loss_giou: 0.2507 (0.2672)  frame_0_aux3_loss_bbox: 0.0932 (0.1278)  frame_0_aux3_loss_ce: 0.1100 (0.1056)  frame_0_aux3_loss_giou: 0.2520 (0.2657)  frame_0_aux4_loss_bbox: 0.0922 (0.1276)  frame_0_aux4_loss_ce: 0.1117 (0.1044)  frame_0_aux4_loss_giou: 0.2547 (0.2661)  frame_0_loss_bbox: 0.0897 (0.1275)  frame_0_loss_ce: 0.1110 (0.1043)  frame_0_loss_giou: 0.2521 (0.2634)  frame_1_aux0_loss_bbox: 0.1117 (0.1492)  frame_1_aux0_loss_ce: 0.0940 (0.0994)  frame_1_aux0_loss_giou: 0.2833 (0.3166)  frame_1_aux1_loss_bbox: 0.1061 (0.1369)  frame_1_aux1_loss_ce: 0.0882 (0.0935)  frame_1_aux1_loss_giou: 0.2611 (0.2740)  frame_1_aux2_loss_bbox: 0.1056 (0.1347)  frame_1_aux2_loss_ce: 0.0692 (0.0700)  frame_1_aux2_loss_giou: 0.2504 (0.2649)  frame_1_aux3_loss_bbox: 0.1055 (0.1334)  frame_1_aux3_loss_ce: 0.0610 (0.0661)  frame_1_aux3_loss_giou: 0.2592 (0.2622)  frame_1_aux4_loss_bbox: 0.0984 (0.1326)  frame_1_aux4_loss_ce: 0.0620 (0.0654)  frame_1_aux4_loss_giou: 0.2445 (0.2583)  frame_1_loss_bbox: 0.1004 (0.1339)  frame_1_loss_ce: 0.0649 (0.0657)  frame_1_loss_features: 0.0668 (0.0680)  frame_1_loss_giou: 0.2563 (0.2614)  time: 0.7536  data: 0.0001  max mem: 7065
Epoch: [0]  [220/601]  eta: 0:05:47  lr: 0.000200  grad_norm: 46.44  loss: 6.2620 (6.1495)  frame_0_aux0_loss_bbox: 0.1340 (0.1395)  frame_0_aux0_loss_ce: 0.1484 (0.1453)  frame_0_aux0_loss_giou: 0.2807 (0.2968)  frame_0_aux1_loss_bbox: 0.1229 (0.1320)  frame_0_aux1_loss_ce: 0.1419 (0.1399)  frame_0_aux1_loss_giou: 0.2610 (0.2727)  frame_0_aux2_loss_bbox: 0.1252 (0.1315)  frame_0_aux2_loss_ce: 0.1183 (0.1128)  frame_0_aux2_loss_giou: 0.2533 (0.2676)  frame_0_aux3_loss_bbox: 0.1249 (0.1304)  frame_0_aux3_loss_ce: 0.1100 (0.1062)  frame_0_aux3_loss_giou: 0.2602 (0.2661)  frame_0_aux4_loss_bbox: 0.1222 (0.1301)  frame_0_aux4_loss_ce: 0.1117 (0.1050)  frame_0_aux4_loss_giou: 0.2553 (0.2664)  frame_0_loss_bbox: 0.1257 (0.1300)  frame_0_loss_ce: 0.1110 (0.1049)  frame_0_loss_giou: 0.2626 (0.2638)  frame_1_aux0_loss_bbox: 0.1565 (0.1524)  frame_1_aux0_loss_ce: 0.0949 (0.1001)  frame_1_aux0_loss_giou: 0.3083 (0.3169)  frame_1_aux1_loss_bbox: 0.1431 (0.1398)  frame_1_aux1_loss_ce: 0.0931 (0.0940)  frame_1_aux1_loss_giou: 0.2752 (0.2743)  frame_1_aux2_loss_bbox: 0.1369 (0.1376)  frame_1_aux2_loss_ce: 0.0764 (0.0705)  frame_1_aux2_loss_giou: 0.2714 (0.2653)  frame_1_aux3_loss_bbox: 0.1386 (0.1363)  frame_1_aux3_loss_ce: 0.0726 (0.0665)  frame_1_aux3_loss_giou: 0.2668 (0.2625)  frame_1_aux4_loss_bbox: 0.1382 (0.1355)  frame_1_aux4_loss_ce: 0.0729 (0.0658)  frame_1_aux4_loss_giou: 0.2638 (0.2587)  frame_1_loss_bbox: 0.1366 (0.1367)  frame_1_loss_ce: 0.0722 (0.0662)  frame_1_loss_features: 0.0645 (0.0678)  frame_1_loss_giou: 0.2652 (0.2616)  time: 0.8308  data: 0.0001  max mem: 7065
Epoch: [0]  [230/601]  eta: 0:05:37  lr: 0.000200  grad_norm: 89.66  loss: 6.1012 (6.1370)  frame_0_aux0_loss_bbox: 0.1455 (0.1394)  frame_0_aux0_loss_ce: 0.1549 (0.1454)  frame_0_aux0_loss_giou: 0.2906 (0.2967)  frame_0_aux1_loss_bbox: 0.1294 (0.1317)  frame_0_aux1_loss_ce: 0.1435 (0.1400)  frame_0_aux1_loss_giou: 0.2598 (0.2724)  frame_0_aux2_loss_bbox: 0.1254 (0.1311)  frame_0_aux2_loss_ce: 0.1171 (0.1128)  frame_0_aux2_loss_giou: 0.2524 (0.2671)  frame_0_aux3_loss_bbox: 0.1261 (0.1299)  frame_0_aux3_loss_ce: 0.1078 (0.1060)  frame_0_aux3_loss_giou: 0.2558 (0.2655)  frame_0_aux4_loss_bbox: 0.1222 (0.1295)  frame_0_aux4_loss_ce: 0.1104 (0.1049)  frame_0_aux4_loss_giou: 0.2505 (0.2657)  frame_0_loss_bbox: 0.1257 (0.1294)  frame_0_loss_ce: 0.1095 (0.1048)  frame_0_loss_giou: 0.2489 (0.2631)  frame_1_aux0_loss_bbox: 0.1465 (0.1518)  frame_1_aux0_loss_ce: 0.1006 (0.1004)  frame_1_aux0_loss_giou: 0.2950 (0.3161)  frame_1_aux1_loss_bbox: 0.1384 (0.1392)  frame_1_aux1_loss_ce: 0.0968 (0.0943)  frame_1_aux1_loss_giou: 0.2561 (0.2738)  frame_1_aux2_loss_bbox: 0.1352 (0.1369)  frame_1_aux2_loss_ce: 0.0764 (0.0707)  frame_1_aux2_loss_giou: 0.2467 (0.2647)  frame_1_aux3_loss_bbox: 0.1343 (0.1356)  frame_1_aux3_loss_ce: 0.0709 (0.0666)  frame_1_aux3_loss_giou: 0.2475 (0.2619)  frame_1_aux4_loss_bbox: 0.1317 (0.1348)  frame_1_aux4_loss_ce: 0.0677 (0.0659)  frame_1_aux4_loss_giou: 0.2469 (0.2583)  frame_1_loss_bbox: 0.1330 (0.1359)  frame_1_loss_ce: 0.0719 (0.0663)  frame_1_loss_features: 0.0629 (0.0677)  frame_1_loss_giou: 0.2448 (0.2610)  time: 0.8778  data: 0.0001  max mem: 7065
Epoch: [0]  [240/601]  eta: 0:05:27  lr: 0.000200  grad_norm: 66.52  loss: 5.7313 (6.1404)  frame_0_aux0_loss_bbox: 0.1263 (0.1387)  frame_0_aux0_loss_ce: 0.1466 (0.1456)  frame_0_aux0_loss_giou: 0.3033 (0.2983)  frame_0_aux1_loss_bbox: 0.1108 (0.1310)  frame_0_aux1_loss_ce: 0.1425 (0.1403)  frame_0_aux1_loss_giou: 0.2713 (0.2736)  frame_0_aux2_loss_bbox: 0.1056 (0.1301)  frame_0_aux2_loss_ce: 0.1120 (0.1132)  frame_0_aux2_loss_giou: 0.2588 (0.2681)  frame_0_aux3_loss_bbox: 0.1014 (0.1290)  frame_0_aux3_loss_ce: 0.1074 (0.1064)  frame_0_aux3_loss_giou: 0.2558 (0.2665)  frame_0_aux4_loss_bbox: 0.0991 (0.1285)  frame_0_aux4_loss_ce: 0.1104 (0.1052)  frame_0_aux4_loss_giou: 0.2511 (0.2666)  frame_0_loss_bbox: 0.1005 (0.1285)  frame_0_loss_ce: 0.1095 (0.1052)  frame_0_loss_giou: 0.2489 (0.2639)  frame_1_aux0_loss_bbox: 0.1286 (0.1511)  frame_1_aux0_loss_ce: 0.0985 (0.1005)  frame_1_aux0_loss_giou: 0.2950 (0.3171)  frame_1_aux1_loss_bbox: 0.1072 (0.1384)  frame_1_aux1_loss_ce: 0.0968 (0.0944)  frame_1_aux1_loss_giou: 0.2650 (0.2747)  frame_1_aux2_loss_bbox: 0.1028 (0.1359)  frame_1_aux2_loss_ce: 0.0700 (0.0709)  frame_1_aux2_loss_giou: 0.2506 (0.2654)  frame_1_aux3_loss_bbox: 0.1027 (0.1346)  frame_1_aux3_loss_ce: 0.0646 (0.0667)  frame_1_aux3_loss_giou: 0.2459 (0.2625)  frame_1_aux4_loss_bbox: 0.1004 (0.1338)  frame_1_aux4_loss_ce: 0.0621 (0.0661)  frame_1_aux4_loss_giou: 0.2447 (0.2590)  frame_1_loss_bbox: 0.1015 (0.1349)  frame_1_loss_ce: 0.0637 (0.0665)  frame_1_loss_features: 0.0633 (0.0678)  frame_1_loss_giou: 0.2448 (0.2616)  time: 0.8593  data: 0.0001  max mem: 7065
Epoch: [0]  [250/601]  eta: 0:05:17  lr: 0.000200  grad_norm: 405.55  loss: 5.5916 (6.1137)  frame_0_aux0_loss_bbox: 0.1117 (0.1377)  frame_0_aux0_loss_ce: 0.1425 (0.1456)  frame_0_aux0_loss_giou: 0.3033 (0.2975)  frame_0_aux1_loss_bbox: 0.1047 (0.1299)  frame_0_aux1_loss_ce: 0.1390 (0.1402)  frame_0_aux1_loss_giou: 0.2713 (0.2728)  frame_0_aux2_loss_bbox: 0.1043 (0.1290)  frame_0_aux2_loss_ce: 0.1080 (0.1131)  frame_0_aux2_loss_giou: 0.2588 (0.2672)  frame_0_aux3_loss_bbox: 0.1014 (0.1279)  frame_0_aux3_loss_ce: 0.0988 (0.1062)  frame_0_aux3_loss_giou: 0.2563 (0.2657)  frame_0_aux4_loss_bbox: 0.0991 (0.1275)  frame_0_aux4_loss_ce: 0.0991 (0.1050)  frame_0_aux4_loss_giou: 0.2519 (0.2660)  frame_0_loss_bbox: 0.1005 (0.1274)  frame_0_loss_ce: 0.0989 (0.1051)  frame_0_loss_giou: 0.2475 (0.2632)  frame_1_aux0_loss_bbox: 0.1204 (0.1498)  frame_1_aux0_loss_ce: 0.0912 (0.1001)  frame_1_aux0_loss_giou: 0.2975 (0.3158)  frame_1_aux1_loss_bbox: 0.1049 (0.1371)  frame_1_aux1_loss_ce: 0.0889 (0.0941)  frame_1_aux1_loss_giou: 0.2652 (0.2735)  frame_1_aux2_loss_bbox: 0.1021 (0.1347)  frame_1_aux2_loss_ce: 0.0660 (0.0706)  frame_1_aux2_loss_giou: 0.2531 (0.2645)  frame_1_aux3_loss_bbox: 0.1013 (0.1334)  frame_1_aux3_loss_ce: 0.0636 (0.0665)  frame_1_aux3_loss_giou: 0.2459 (0.2615)  frame_1_aux4_loss_bbox: 0.1004 (0.1326)  frame_1_aux4_loss_ce: 0.0605 (0.0659)  frame_1_aux4_loss_giou: 0.2448 (0.2582)  frame_1_loss_bbox: 0.0995 (0.1337)  frame_1_loss_ce: 0.0594 (0.0663)  frame_1_loss_features: 0.0666 (0.0676)  frame_1_loss_giou: 0.2470 (0.2607)  time: 0.8587  data: 0.0001  max mem: 7065
Epoch: [0]  [260/601]  eta: 0:05:06  lr: 0.000200  grad_norm: 70.95  loss: 5.5916 (6.1089)  frame_0_aux0_loss_bbox: 0.1117 (0.1374)  frame_0_aux0_loss_ce: 0.1425 (0.1457)  frame_0_aux0_loss_giou: 0.2736 (0.2971)  frame_0_aux1_loss_bbox: 0.1065 (0.1297)  frame_0_aux1_loss_ce: 0.1399 (0.1406)  frame_0_aux1_loss_giou: 0.2571 (0.2724)  frame_0_aux2_loss_bbox: 0.1071 (0.1288)  frame_0_aux2_loss_ce: 0.1114 (0.1132)  frame_0_aux2_loss_giou: 0.2478 (0.2669)  frame_0_aux3_loss_bbox: 0.1062 (0.1278)  frame_0_aux3_loss_ce: 0.1012 (0.1064)  frame_0_aux3_loss_giou: 0.2525 (0.2655)  frame_0_aux4_loss_bbox: 0.1064 (0.1274)  frame_0_aux4_loss_ce: 0.0995 (0.1052)  frame_0_aux4_loss_giou: 0.2569 (0.2658)  frame_0_loss_bbox: 0.1047 (0.1273)  frame_0_loss_ce: 0.1011 (0.1053)  frame_0_loss_giou: 0.2438 (0.2628)  frame_1_aux0_loss_bbox: 0.1204 (0.1498)  frame_1_aux0_loss_ce: 0.0883 (0.1000)  frame_1_aux0_loss_giou: 0.2879 (0.3155)  frame_1_aux1_loss_bbox: 0.1068 (0.1371)  frame_1_aux1_loss_ce: 0.0850 (0.0939)  frame_1_aux1_loss_giou: 0.2553 (0.2732)  frame_1_aux2_loss_bbox: 0.1066 (0.1347)  frame_1_aux2_loss_ce: 0.0660 (0.0705)  frame_1_aux2_loss_giou: 0.2459 (0.2642)  frame_1_aux3_loss_bbox: 0.1063 (0.1334)  frame_1_aux3_loss_ce: 0.0640 (0.0664)  frame_1_aux3_loss_giou: 0.2456 (0.2612)  frame_1_aux4_loss_bbox: 0.1079 (0.1326)  frame_1_aux4_loss_ce: 0.0614 (0.0658)  frame_1_aux4_loss_giou: 0.2429 (0.2579)  frame_1_loss_bbox: 0.1073 (0.1336)  frame_1_loss_ce: 0.0610 (0.0662)  frame_1_loss_features: 0.0623 (0.0674)  frame_1_loss_giou: 0.2428 (0.2603)  time: 0.7951  data: 0.0001  max mem: 7065
Epoch: [0]  [270/601]  eta: 0:04:56  lr: 0.000200  grad_norm: 114.60  loss: 6.2510 (6.1349)  frame_0_aux0_loss_bbox: 0.1199 (0.1376)  frame_0_aux0_loss_ce: 0.1494 (0.1465)  frame_0_aux0_loss_giou: 0.2768 (0.2976)  frame_0_aux1_loss_bbox: 0.1178 (0.1301)  frame_0_aux1_loss_ce: 0.1506 (0.1413)  frame_0_aux1_loss_giou: 0.2598 (0.2732)  frame_0_aux2_loss_bbox: 0.1168 (0.1293)  frame_0_aux2_loss_ce: 0.1219 (0.1139)  frame_0_aux2_loss_giou: 0.2642 (0.2678)  frame_0_aux3_loss_bbox: 0.1194 (0.1283)  frame_0_aux3_loss_ce: 0.1140 (0.1070)  frame_0_aux3_loss_giou: 0.2699 (0.2669)  frame_0_aux4_loss_bbox: 0.1193 (0.1279)  frame_0_aux4_loss_ce: 0.1097 (0.1058)  frame_0_aux4_loss_giou: 0.2703 (0.2673)  frame_0_loss_bbox: 0.1218 (0.1278)  frame_0_loss_ce: 0.1112 (0.1058)  frame_0_loss_giou: 0.2681 (0.2640)  frame_1_aux0_loss_bbox: 0.1452 (0.1504)  frame_1_aux0_loss_ce: 0.0974 (0.1006)  frame_1_aux0_loss_giou: 0.3179 (0.3169)  frame_1_aux1_loss_bbox: 0.1249 (0.1377)  frame_1_aux1_loss_ce: 0.0901 (0.0945)  frame_1_aux1_loss_giou: 0.2718 (0.2742)  frame_1_aux2_loss_bbox: 0.1232 (0.1353)  frame_1_aux2_loss_ce: 0.0681 (0.0711)  frame_1_aux2_loss_giou: 0.2634 (0.2653)  frame_1_aux3_loss_bbox: 0.1190 (0.1340)  frame_1_aux3_loss_ce: 0.0662 (0.0669)  frame_1_aux3_loss_giou: 0.2607 (0.2623)  frame_1_aux4_loss_bbox: 0.1190 (0.1331)  frame_1_aux4_loss_ce: 0.0649 (0.0663)  frame_1_aux4_loss_giou: 0.2561 (0.2589)  frame_1_loss_bbox: 0.1197 (0.1341)  frame_1_loss_ce: 0.0655 (0.0668)  frame_1_loss_features: 0.0627 (0.0673)  frame_1_loss_giou: 0.2603 (0.2611)  time: 0.7988  data: 0.0001  max mem: 7065
Epoch: [0]  [280/601]  eta: 0:04:49  lr: 0.000200  grad_norm: 219.83  loss: 6.6520 (6.1783)  frame_0_aux0_loss_bbox: 0.1436 (0.1387)  frame_0_aux0_loss_ce: 0.1667 (0.1474)  frame_0_aux0_loss_giou: 0.3007 (0.2994)  frame_0_aux1_loss_bbox: 0.1450 (0.1314)  frame_0_aux1_loss_ce: 0.1576 (0.1421)  frame_0_aux1_loss_giou: 0.2832 (0.2756)  frame_0_aux2_loss_bbox: 0.1486 (0.1304)  frame_0_aux2_loss_ce: 0.1231 (0.1147)  frame_0_aux2_loss_giou: 0.2811 (0.2702)  frame_0_aux3_loss_bbox: 0.1448 (0.1294)  frame_0_aux3_loss_ce: 0.1203 (0.1077)  frame_0_aux3_loss_giou: 0.2887 (0.2692)  frame_0_aux4_loss_bbox: 0.1437 (0.1290)  frame_0_aux4_loss_ce: 0.1207 (0.1065)  frame_0_aux4_loss_giou: 0.2898 (0.2693)  frame_0_loss_bbox: 0.1423 (0.1288)  frame_0_loss_ce: 0.1189 (0.1065)  frame_0_loss_giou: 0.2732 (0.2658)  frame_1_aux0_loss_bbox: 0.1566 (0.1513)  frame_1_aux0_loss_ce: 0.1079 (0.1012)  frame_1_aux0_loss_giou: 0.3409 (0.3183)  frame_1_aux1_loss_bbox: 0.1489 (0.1387)  frame_1_aux1_loss_ce: 0.1018 (0.0950)  frame_1_aux1_loss_giou: 0.2903 (0.2761)  frame_1_aux2_loss_bbox: 0.1485 (0.1363)  frame_1_aux2_loss_ce: 0.0789 (0.0716)  frame_1_aux2_loss_giou: 0.2856 (0.2673)  frame_1_aux3_loss_bbox: 0.1462 (0.1350)  frame_1_aux3_loss_ce: 0.0738 (0.0674)  frame_1_aux3_loss_giou: 0.2766 (0.2641)  frame_1_aux4_loss_bbox: 0.1445 (0.1341)  frame_1_aux4_loss_ce: 0.0757 (0.0668)  frame_1_aux4_loss_giou: 0.2599 (0.2606)  frame_1_loss_bbox: 0.1442 (0.1350)  frame_1_loss_ce: 0.0765 (0.0672)  frame_1_loss_features: 0.0627 (0.0672)  frame_1_loss_giou: 0.2657 (0.2628)  time: 0.9430  data: 0.0001  max mem: 7065
Epoch: [0]  [290/601]  eta: 0:04:38  lr: 0.000200  grad_norm: 970.33  loss: 5.9934 (6.1572)  frame_0_aux0_loss_bbox: 0.1386 (0.1381)  frame_0_aux0_loss_ce: 0.1544 (0.1471)  frame_0_aux0_loss_giou: 0.3104 (0.2989)  frame_0_aux1_loss_bbox: 0.1253 (0.1306)  frame_0_aux1_loss_ce: 0.1468 (0.1419)  frame_0_aux1_loss_giou: 0.2886 (0.2750)  frame_0_aux2_loss_bbox: 0.1246 (0.1296)  frame_0_aux2_loss_ce: 0.1185 (0.1144)  frame_0_aux2_loss_giou: 0.2838 (0.2697)  frame_0_aux3_loss_bbox: 0.1210 (0.1285)  frame_0_aux3_loss_ce: 0.1089 (0.1074)  frame_0_aux3_loss_giou: 0.2781 (0.2687)  frame_0_aux4_loss_bbox: 0.1144 (0.1281)  frame_0_aux4_loss_ce: 0.1109 (0.1062)  frame_0_aux4_loss_giou: 0.2727 (0.2691)  frame_0_loss_bbox: 0.1103 (0.1278)  frame_0_loss_ce: 0.1142 (0.1063)  frame_0_loss_giou: 0.2536 (0.2650)  frame_1_aux0_loss_bbox: 0.1504 (0.1502)  frame_1_aux0_loss_ce: 0.1000 (0.1010)  frame_1_aux0_loss_giou: 0.3055 (0.3176)  frame_1_aux1_loss_bbox: 0.1370 (0.1376)  frame_1_aux1_loss_ce: 0.0989 (0.0949)  frame_1_aux1_loss_giou: 0.2732 (0.2756)  frame_1_aux2_loss_bbox: 0.1357 (0.1353)  frame_1_aux2_loss_ce: 0.0767 (0.0715)  frame_1_aux2_loss_giou: 0.2604 (0.2668)  frame_1_aux3_loss_bbox: 0.1345 (0.1339)  frame_1_aux3_loss_ce: 0.0702 (0.0673)  frame_1_aux3_loss_giou: 0.2523 (0.2635)  frame_1_aux4_loss_bbox: 0.1332 (0.1330)  frame_1_aux4_loss_ce: 0.0713 (0.0667)  frame_1_aux4_loss_giou: 0.2545 (0.2601)  frame_1_loss_bbox: 0.1324 (0.1339)  frame_1_loss_ce: 0.0683 (0.0671)  frame_1_loss_features: 0.0604 (0.0671)  frame_1_loss_giou: 0.2509 (0.2622)  time: 0.8909  data: 0.0001  max mem: 7065
Epoch: [0]  [300/601]  eta: 0:04:29  lr: 0.000200  grad_norm: 77.83  loss: 5.4555 (6.1334)  frame_0_aux0_loss_bbox: 0.1109 (0.1373)  frame_0_aux0_loss_ce: 0.1372 (0.1468)  frame_0_aux0_loss_giou: 0.2566 (0.2975)  frame_0_aux1_loss_bbox: 0.0975 (0.1299)  frame_0_aux1_loss_ce: 0.1362 (0.1417)  frame_0_aux1_loss_giou: 0.2353 (0.2738)  frame_0_aux2_loss_bbox: 0.1021 (0.1290)  frame_0_aux2_loss_ce: 0.0975 (0.1139)  frame_0_aux2_loss_giou: 0.2382 (0.2687)  frame_0_aux3_loss_bbox: 0.0974 (0.1280)  frame_0_aux3_loss_ce: 0.0902 (0.1067)  frame_0_aux3_loss_giou: 0.2383 (0.2676)  frame_0_aux4_loss_bbox: 0.1002 (0.1275)  frame_0_aux4_loss_ce: 0.0883 (0.1056)  frame_0_aux4_loss_giou: 0.2511 (0.2684)  frame_0_loss_bbox: 0.0989 (0.1272)  frame_0_loss_ce: 0.0897 (0.1056)  frame_0_loss_giou: 0.2305 (0.2639)  frame_1_aux0_loss_bbox: 0.1159 (0.1497)  frame_1_aux0_loss_ce: 0.0921 (0.1009)  frame_1_aux0_loss_giou: 0.2790 (0.3166)  frame_1_aux1_loss_bbox: 0.1051 (0.1370)  frame_1_aux1_loss_ce: 0.0862 (0.0947)  frame_1_aux1_loss_giou: 0.2459 (0.2747)  frame_1_aux2_loss_bbox: 0.1030 (0.1347)  frame_1_aux2_loss_ce: 0.0639 (0.0711)  frame_1_aux2_loss_giou: 0.2369 (0.2660)  frame_1_aux3_loss_bbox: 0.1031 (0.1333)  frame_1_aux3_loss_ce: 0.0593 (0.0669)  frame_1_aux3_loss_giou: 0.2343 (0.2626)  frame_1_aux4_loss_bbox: 0.1011 (0.1325)  frame_1_aux4_loss_ce: 0.0578 (0.0663)  frame_1_aux4_loss_giou: 0.2365 (0.2593)  frame_1_loss_bbox: 0.1004 (0.1334)  frame_1_loss_ce: 0.0590 (0.0668)  frame_1_loss_features: 0.0584 (0.0670)  frame_1_loss_giou: 0.2368 (0.2613)  time: 0.7907  data: 0.0001  max mem: 7065
Epoch: [0]  [310/601]  eta: 0:04:19  lr: 0.000200  grad_norm: 103.79  loss: 5.5651 (6.1311)  frame_0_aux0_loss_bbox: 0.1136 (0.1375)  frame_0_aux0_loss_ce: 0.1385 (0.1467)  frame_0_aux0_loss_giou: 0.2626 (0.2973)  frame_0_aux1_loss_bbox: 0.1098 (0.1301)  frame_0_aux1_loss_ce: 0.1345 (0.1416)  frame_0_aux1_loss_giou: 0.2448 (0.2736)  frame_0_aux2_loss_bbox: 0.1153 (0.1292)  frame_0_aux2_loss_ce: 0.0975 (0.1138)  frame_0_aux2_loss_giou: 0.2425 (0.2686)  frame_0_aux3_loss_bbox: 0.1135 (0.1283)  frame_0_aux3_loss_ce: 0.0888 (0.1064)  frame_0_aux3_loss_giou: 0.2386 (0.2676)  frame_0_aux4_loss_bbox: 0.1136 (0.1279)  frame_0_aux4_loss_ce: 0.0840 (0.1053)  frame_0_aux4_loss_giou: 0.2541 (0.2686)  frame_0_loss_bbox: 0.1077 (0.1274)  frame_0_loss_ce: 0.0852 (0.1054)  frame_0_loss_giou: 0.2324 (0.2639)  frame_1_aux0_loss_bbox: 0.1307 (0.1497)  frame_1_aux0_loss_ce: 0.0910 (0.1005)  frame_1_aux0_loss_giou: 0.2790 (0.3160)  frame_1_aux1_loss_bbox: 0.1188 (0.1372)  frame_1_aux1_loss_ce: 0.0851 (0.0943)  frame_1_aux1_loss_giou: 0.2450 (0.2743)  frame_1_aux2_loss_bbox: 0.1170 (0.1349)  frame_1_aux2_loss_ce: 0.0574 (0.0709)  frame_1_aux2_loss_giou: 0.2362 (0.2657)  frame_1_aux3_loss_bbox: 0.1158 (0.1336)  frame_1_aux3_loss_ce: 0.0526 (0.0667)  frame_1_aux3_loss_giou: 0.2345 (0.2624)  frame_1_aux4_loss_bbox: 0.1160 (0.1327)  frame_1_aux4_loss_ce: 0.0536 (0.0661)  frame_1_aux4_loss_giou: 0.2350 (0.2591)  frame_1_loss_bbox: 0.1185 (0.1336)  frame_1_loss_ce: 0.0552 (0.0666)  frame_1_loss_features: 0.0602 (0.0669)  frame_1_loss_giou: 0.2334 (0.2609)  time: 0.7973  data: 0.0001  max mem: 7263
Epoch: [0]  [320/601]  eta: 0:04:09  lr: 0.000200  grad_norm: 91.61  loss: 5.8447 (6.1189)  frame_0_aux0_loss_bbox: 0.1096 (0.1365)  frame_0_aux0_loss_ce: 0.1340 (0.1463)  frame_0_aux0_loss_giou: 0.2850 (0.2974)  frame_0_aux1_loss_bbox: 0.1044 (0.1290)  frame_0_aux1_loss_ce: 0.1327 (0.1414)  frame_0_aux1_loss_giou: 0.2643 (0.2736)  frame_0_aux2_loss_bbox: 0.1002 (0.1282)  frame_0_aux2_loss_ce: 0.1026 (0.1135)  frame_0_aux2_loss_giou: 0.2652 (0.2687)  frame_0_aux3_loss_bbox: 0.1028 (0.1272)  frame_0_aux3_loss_ce: 0.0888 (0.1061)  frame_0_aux3_loss_giou: 0.2698 (0.2679)  frame_0_aux4_loss_bbox: 0.1053 (0.1269)  frame_0_aux4_loss_ce: 0.0909 (0.1049)  frame_0_aux4_loss_giou: 0.2743 (0.2691)  frame_0_loss_bbox: 0.1031 (0.1264)  frame_0_loss_ce: 0.0885 (0.1050)  frame_0_loss_giou: 0.2505 (0.2641)  frame_1_aux0_loss_bbox: 0.1212 (0.1486)  frame_1_aux0_loss_ce: 0.0911 (0.1003)  frame_1_aux0_loss_giou: 0.3005 (0.3165)  frame_1_aux1_loss_bbox: 0.1127 (0.1361)  frame_1_aux1_loss_ce: 0.0853 (0.0941)  frame_1_aux1_loss_giou: 0.2661 (0.2747)  frame_1_aux2_loss_bbox: 0.1098 (0.1339)  frame_1_aux2_loss_ce: 0.0629 (0.0707)  frame_1_aux2_loss_giou: 0.2586 (0.2662)  frame_1_aux3_loss_bbox: 0.1088 (0.1326)  frame_1_aux3_loss_ce: 0.0599 (0.0664)  frame_1_aux3_loss_giou: 0.2565 (0.2629)  frame_1_aux4_loss_bbox: 0.1085 (0.1317)  frame_1_aux4_loss_ce: 0.0588 (0.0659)  frame_1_aux4_loss_giou: 0.2518 (0.2594)  frame_1_loss_bbox: 0.1069 (0.1325)  frame_1_loss_ce: 0.0579 (0.0664)  frame_1_loss_features: 0.0593 (0.0666)  frame_1_loss_giou: 0.2499 (0.2612)  time: 0.8070  data: 0.0001  max mem: 7263
Epoch: [0]  [330/601]  eta: 0:03:59  lr: 0.000200  grad_norm: 1140.82  loss: 5.7851 (6.1215)  frame_0_aux0_loss_bbox: 0.1045 (0.1360)  frame_0_aux0_loss_ce: 0.1333 (0.1463)  frame_0_aux0_loss_giou: 0.2891 (0.2975)  frame_0_aux1_loss_bbox: 0.1029 (0.1286)  frame_0_aux1_loss_ce: 0.1364 (0.1414)  frame_0_aux1_loss_giou: 0.2676 (0.2737)  frame_0_aux2_loss_bbox: 0.1000 (0.1278)  frame_0_aux2_loss_ce: 0.0992 (0.1134)  frame_0_aux2_loss_giou: 0.2654 (0.2687)  frame_0_aux3_loss_bbox: 0.1009 (0.1269)  frame_0_aux3_loss_ce: 0.0905 (0.1060)  frame_0_aux3_loss_giou: 0.2751 (0.2681)  frame_0_aux4_loss_bbox: 0.1055 (0.1270)  frame_0_aux4_loss_ce: 0.0946 (0.1048)  frame_0_aux4_loss_giou: 0.2802 (0.2701)  frame_0_loss_bbox: 0.1031 (0.1265)  frame_0_loss_ce: 0.0986 (0.1050)  frame_0_loss_giou: 0.2614 (0.2648)  frame_1_aux0_loss_bbox: 0.1157 (0.1484)  frame_1_aux0_loss_ce: 0.0936 (0.1004)  frame_1_aux0_loss_giou: 0.3305 (0.3169)  frame_1_aux1_loss_bbox: 0.1029 (0.1359)  frame_1_aux1_loss_ce: 0.0879 (0.0942)  frame_1_aux1_loss_giou: 0.2847 (0.2750)  frame_1_aux2_loss_bbox: 0.1026 (0.1336)  frame_1_aux2_loss_ce: 0.0673 (0.0708)  frame_1_aux2_loss_giou: 0.2768 (0.2665)  frame_1_aux3_loss_bbox: 0.1042 (0.1324)  frame_1_aux3_loss_ce: 0.0620 (0.0665)  frame_1_aux3_loss_giou: 0.2769 (0.2635)  frame_1_aux4_loss_bbox: 0.1043 (0.1316)  frame_1_aux4_loss_ce: 0.0615 (0.0660)  frame_1_aux4_loss_giou: 0.2638 (0.2599)  frame_1_loss_bbox: 0.1047 (0.1326)  frame_1_loss_ce: 0.0641 (0.0665)  frame_1_loss_features: 0.0637 (0.0665)  frame_1_loss_giou: 0.2675 (0.2619)  time: 0.7964  data: 0.0001  max mem: 7263
Epoch: [0]  [340/601]  eta: 0:03:50  lr: 0.000200  grad_norm: 56.86  loss: 6.0301 (6.1120)  frame_0_aux0_loss_bbox: 0.1234 (0.1358)  frame_0_aux0_loss_ce: 0.1425 (0.1464)  frame_0_aux0_loss_giou: 0.2754 (0.2968)  frame_0_aux1_loss_bbox: 0.1193 (0.1286)  frame_0_aux1_loss_ce: 0.1380 (0.1415)  frame_0_aux1_loss_giou: 0.2612 (0.2732)  frame_0_aux2_loss_bbox: 0.1152 (0.1277)  frame_0_aux2_loss_ce: 0.1060 (0.1132)  frame_0_aux2_loss_giou: 0.2501 (0.2681)  frame_0_aux3_loss_bbox: 0.1169 (0.1269)  frame_0_aux3_loss_ce: 0.0983 (0.1058)  frame_0_aux3_loss_giou: 0.2504 (0.2675)  frame_0_aux4_loss_bbox: 0.1238 (0.1270)  frame_0_aux4_loss_ce: 0.0999 (0.1047)  frame_0_aux4_loss_giou: 0.2696 (0.2697)  frame_0_loss_bbox: 0.1227 (0.1263)  frame_0_loss_ce: 0.0986 (0.1048)  frame_0_loss_giou: 0.2599 (0.2642)  frame_1_aux0_loss_bbox: 0.1434 (0.1482)  frame_1_aux0_loss_ce: 0.0948 (0.1001)  frame_1_aux0_loss_giou: 0.3114 (0.3164)  frame_1_aux1_loss_bbox: 0.1280 (0.1357)  frame_1_aux1_loss_ce: 0.0918 (0.0941)  frame_1_aux1_loss_giou: 0.2625 (0.2745)  frame_1_aux2_loss_bbox: 0.1232 (0.1334)  frame_1_aux2_loss_ce: 0.0688 (0.0706)  frame_1_aux2_loss_giou: 0.2655 (0.2660)  frame_1_aux3_loss_bbox: 0.1244 (0.1322)  frame_1_aux3_loss_ce: 0.0620 (0.0663)  frame_1_aux3_loss_giou: 0.2620 (0.2630)  frame_1_aux4_loss_bbox: 0.1271 (0.1314)  frame_1_aux4_loss_ce: 0.0643 (0.0658)  frame_1_aux4_loss_giou: 0.2583 (0.2595)  frame_1_loss_bbox: 0.1330 (0.1325)  frame_1_loss_ce: 0.0641 (0.0663)  frame_1_loss_features: 0.0643 (0.0665)  frame_1_loss_giou: 0.2629 (0.2615)  time: 0.8031  data: 0.0588  max mem: 7263
Epoch: [0]  [350/601]  eta: 0:03:41  lr: 0.000200  grad_norm: 66.22  loss: 5.4571 (6.1024)  frame_0_aux0_loss_bbox: 0.1122 (0.1358)  frame_0_aux0_loss_ce: 0.1387 (0.1465)  frame_0_aux0_loss_giou: 0.2624 (0.2958)  frame_0_aux1_loss_bbox: 0.1093 (0.1286)  frame_0_aux1_loss_ce: 0.1371 (0.1416)  frame_0_aux1_loss_giou: 0.2409 (0.2723)  frame_0_aux2_loss_bbox: 0.1122 (0.1277)  frame_0_aux2_loss_ce: 0.1028 (0.1132)  frame_0_aux2_loss_giou: 0.2393 (0.2672)  frame_0_aux3_loss_bbox: 0.1131 (0.1270)  frame_0_aux3_loss_ce: 0.0913 (0.1057)  frame_0_aux3_loss_giou: 0.2400 (0.2667)  frame_0_aux4_loss_bbox: 0.1116 (0.1271)  frame_0_aux4_loss_ce: 0.0901 (0.1045)  frame_0_aux4_loss_giou: 0.2561 (0.2695)  frame_0_loss_bbox: 0.1131 (0.1266)  frame_0_loss_ce: 0.0898 (0.1047)  frame_0_loss_giou: 0.2427 (0.2638)  frame_1_aux0_loss_bbox: 0.1220 (0.1481)  frame_1_aux0_loss_ce: 0.0915 (0.1000)  frame_1_aux0_loss_giou: 0.2760 (0.3150)  frame_1_aux1_loss_bbox: 0.1145 (0.1356)  frame_1_aux1_loss_ce: 0.0878 (0.0940)  frame_1_aux1_loss_giou: 0.2322 (0.2736)  frame_1_aux2_loss_bbox: 0.1094 (0.1334)  frame_1_aux2_loss_ce: 0.0610 (0.0704)  frame_1_aux2_loss_giou: 0.2295 (0.2651)  frame_1_aux3_loss_bbox: 0.1091 (0.1322)  frame_1_aux3_loss_ce: 0.0595 (0.0662)  frame_1_aux3_loss_giou: 0.2369 (0.2623)  frame_1_aux4_loss_bbox: 0.1105 (0.1314)  frame_1_aux4_loss_ce: 0.0587 (0.0658)  frame_1_aux4_loss_giou: 0.2292 (0.2588)  frame_1_loss_bbox: 0.1126 (0.1326)  frame_1_loss_ce: 0.0571 (0.0662)  frame_1_loss_features: 0.0612 (0.0663)  frame_1_loss_giou: 0.2310 (0.2609)  time: 0.8808  data: 0.0588  max mem: 7263
Epoch: [0]  [360/601]  eta: 0:03:32  lr: 0.000200  grad_norm: 66.59  loss: 5.2706 (6.0964)  frame_0_aux0_loss_bbox: 0.1091 (0.1359)  frame_0_aux0_loss_ce: 0.1365 (0.1464)  frame_0_aux0_loss_giou: 0.2665 (0.2955)  frame_0_aux1_loss_bbox: 0.1007 (0.1286)  frame_0_aux1_loss_ce: 0.1371 (0.1415)  frame_0_aux1_loss_giou: 0.2407 (0.2720)  frame_0_aux2_loss_bbox: 0.1025 (0.1278)  frame_0_aux2_loss_ce: 0.0976 (0.1130)  frame_0_aux2_loss_giou: 0.2345 (0.2669)  frame_0_aux3_loss_bbox: 0.0982 (0.1270)  frame_0_aux3_loss_ce: 0.0902 (0.1056)  frame_0_aux3_loss_giou: 0.2390 (0.2664)  frame_0_aux4_loss_bbox: 0.1006 (0.1271)  frame_0_aux4_loss_ce: 0.0903 (0.1045)  frame_0_aux4_loss_giou: 0.2516 (0.2691)  frame_0_loss_bbox: 0.1052 (0.1266)  frame_0_loss_ce: 0.0911 (0.1046)  frame_0_loss_giou: 0.2464 (0.2636)  frame_1_aux0_loss_bbox: 0.1143 (0.1480)  frame_1_aux0_loss_ce: 0.0894 (0.0998)  frame_1_aux0_loss_giou: 0.2628 (0.3145)  frame_1_aux1_loss_bbox: 0.1047 (0.1356)  frame_1_aux1_loss_ce: 0.0851 (0.0938)  frame_1_aux1_loss_giou: 0.2362 (0.2732)  frame_1_aux2_loss_bbox: 0.1035 (0.1334)  frame_1_aux2_loss_ce: 0.0571 (0.0702)  frame_1_aux2_loss_giou: 0.2304 (0.2648)  frame_1_aux3_loss_bbox: 0.1002 (0.1321)  frame_1_aux3_loss_ce: 0.0574 (0.0660)  frame_1_aux3_loss_giou: 0.2349 (0.2619)  frame_1_aux4_loss_bbox: 0.0987 (0.1314)  frame_1_aux4_loss_ce: 0.0570 (0.0656)  frame_1_aux4_loss_giou: 0.2297 (0.2585)  frame_1_loss_bbox: 0.1033 (0.1325)  frame_1_loss_ce: 0.0567 (0.0661)  frame_1_loss_features: 0.0643 (0.0664)  frame_1_loss_giou: 0.2301 (0.2606)  time: 0.8223  data: 0.0001  max mem: 7263
Epoch: [0]  [370/601]  eta: 0:03:23  lr: 0.000200  grad_norm: 60.24  loss: 5.7055 (6.0894)  frame_0_aux0_loss_bbox: 0.1155 (0.1358)  frame_0_aux0_loss_ce: 0.1413 (0.1465)  frame_0_aux0_loss_giou: 0.2699 (0.2947)  frame_0_aux1_loss_bbox: 0.1068 (0.1286)  frame_0_aux1_loss_ce: 0.1383 (0.1417)  frame_0_aux1_loss_giou: 0.2447 (0.2711)  frame_0_aux2_loss_bbox: 0.1146 (0.1278)  frame_0_aux2_loss_ce: 0.1003 (0.1129)  frame_0_aux2_loss_giou: 0.2448 (0.2662)  frame_0_aux3_loss_bbox: 0.1129 (0.1270)  frame_0_aux3_loss_ce: 0.0988 (0.1055)  frame_0_aux3_loss_giou: 0.2434 (0.2656)  frame_0_aux4_loss_bbox: 0.1099 (0.1272)  frame_0_aux4_loss_ce: 0.0930 (0.1044)  frame_0_aux4_loss_giou: 0.2471 (0.2682)  frame_0_loss_bbox: 0.1100 (0.1267)  frame_0_loss_ce: 0.0948 (0.1045)  frame_0_loss_giou: 0.2467 (0.2629)  frame_1_aux0_loss_bbox: 0.1294 (0.1482)  frame_1_aux0_loss_ce: 0.0894 (0.0996)  frame_1_aux0_loss_giou: 0.2897 (0.3140)  frame_1_aux1_loss_bbox: 0.1148 (0.1357)  frame_1_aux1_loss_ce: 0.0839 (0.0937)  frame_1_aux1_loss_giou: 0.2582 (0.2728)  frame_1_aux2_loss_bbox: 0.1109 (0.1335)  frame_1_aux2_loss_ce: 0.0583 (0.0701)  frame_1_aux2_loss_giou: 0.2546 (0.2645)  frame_1_aux3_loss_bbox: 0.1080 (0.1322)  frame_1_aux3_loss_ce: 0.0524 (0.0659)  frame_1_aux3_loss_giou: 0.2497 (0.2615)  frame_1_aux4_loss_bbox: 0.1078 (0.1315)  frame_1_aux4_loss_ce: 0.0533 (0.0654)  frame_1_aux4_loss_giou: 0.2486 (0.2582)  frame_1_loss_bbox: 0.1099 (0.1327)  frame_1_loss_ce: 0.0551 (0.0659)  frame_1_loss_features: 0.0643 (0.0663)  frame_1_loss_giou: 0.2494 (0.2603)  time: 0.8364  data: 0.0840  max mem: 7263
Epoch: [0]  [380/601]  eta: 0:03:14  lr: 0.000200  grad_norm: 54.29  loss: 5.7815 (6.0878)  frame_0_aux0_loss_bbox: 0.1187 (0.1357)  frame_0_aux0_loss_ce: 0.1395 (0.1463)  frame_0_aux0_loss_giou: 0.2742 (0.2946)  frame_0_aux1_loss_bbox: 0.1118 (0.1285)  frame_0_aux1_loss_ce: 0.1363 (0.1415)  frame_0_aux1_loss_giou: 0.2515 (0.2710)  frame_0_aux2_loss_bbox: 0.1146 (0.1277)  frame_0_aux2_loss_ce: 0.0975 (0.1127)  frame_0_aux2_loss_giou: 0.2506 (0.2661)  frame_0_aux3_loss_bbox: 0.1129 (0.1269)  frame_0_aux3_loss_ce: 0.0932 (0.1053)  frame_0_aux3_loss_giou: 0.2508 (0.2654)  frame_0_aux4_loss_bbox: 0.1125 (0.1270)  frame_0_aux4_loss_ce: 0.0919 (0.1041)  frame_0_aux4_loss_giou: 0.2471 (0.2679)  frame_0_loss_bbox: 0.1121 (0.1266)  frame_0_loss_ce: 0.0948 (0.1042)  frame_0_loss_giou: 0.2478 (0.2627)  frame_1_aux0_loss_bbox: 0.1371 (0.1482)  frame_1_aux0_loss_ce: 0.0896 (0.0995)  frame_1_aux0_loss_giou: 0.2910 (0.3142)  frame_1_aux1_loss_bbox: 0.1185 (0.1358)  frame_1_aux1_loss_ce: 0.0831 (0.0936)  frame_1_aux1_loss_giou: 0.2582 (0.2729)  frame_1_aux2_loss_bbox: 0.1192 (0.1336)  frame_1_aux2_loss_ce: 0.0724 (0.0701)  frame_1_aux2_loss_giou: 0.2570 (0.2647)  frame_1_aux3_loss_bbox: 0.1219 (0.1323)  frame_1_aux3_loss_ce: 0.0643 (0.0658)  frame_1_aux3_loss_giou: 0.2526 (0.2618)  frame_1_aux4_loss_bbox: 0.1243 (0.1317)  frame_1_aux4_loss_ce: 0.0632 (0.0653)  frame_1_aux4_loss_giou: 0.2518 (0.2585)  frame_1_loss_bbox: 0.1269 (0.1329)  frame_1_loss_ce: 0.0644 (0.0658)  frame_1_loss_features: 0.0598 (0.0662)  frame_1_loss_giou: 0.2555 (0.2607)  time: 0.8823  data: 0.0840  max mem: 7263
Epoch: [0]  [390/601]  eta: 0:03:05  lr: 0.000200  grad_norm: 283.55  loss: 5.6102 (6.0856)  frame_0_aux0_loss_bbox: 0.1187 (0.1362)  frame_0_aux0_loss_ce: 0.1381 (0.1461)  frame_0_aux0_loss_giou: 0.2706 (0.2940)  frame_0_aux1_loss_bbox: 0.1054 (0.1289)  frame_0_aux1_loss_ce: 0.1361 (0.1415)  frame_0_aux1_loss_giou: 0.2370 (0.2703)  frame_0_aux2_loss_bbox: 0.1044 (0.1281)  frame_0_aux2_loss_ce: 0.0990 (0.1124)  frame_0_aux2_loss_giou: 0.2388 (0.2653)  frame_0_aux3_loss_bbox: 0.1054 (0.1274)  frame_0_aux3_loss_ce: 0.0921 (0.1050)  frame_0_aux3_loss_giou: 0.2363 (0.2646)  frame_0_aux4_loss_bbox: 0.1101 (0.1275)  frame_0_aux4_loss_ce: 0.0865 (0.1038)  frame_0_aux4_loss_giou: 0.2248 (0.2671)  frame_0_loss_bbox: 0.1121 (0.1272)  frame_0_loss_ce: 0.0908 (0.1039)  frame_0_loss_giou: 0.2275 (0.2621)  frame_1_aux0_loss_bbox: 0.1371 (0.1490)  frame_1_aux0_loss_ce: 0.0869 (0.0993)  frame_1_aux0_loss_giou: 0.2910 (0.3142)  frame_1_aux1_loss_bbox: 0.1185 (0.1366)  frame_1_aux1_loss_ce: 0.0818 (0.0934)  frame_1_aux1_loss_giou: 0.2432 (0.2724)  frame_1_aux2_loss_bbox: 0.1192 (0.1344)  frame_1_aux2_loss_ce: 0.0642 (0.0698)  frame_1_aux2_loss_giou: 0.2367 (0.2641)  frame_1_aux3_loss_bbox: 0.1219 (0.1331)  frame_1_aux3_loss_ce: 0.0610 (0.0657)  frame_1_aux3_loss_giou: 0.2325 (0.2611)  frame_1_aux4_loss_bbox: 0.1243 (0.1324)  frame_1_aux4_loss_ce: 0.0593 (0.0651)  frame_1_aux4_loss_giou: 0.2346 (0.2579)  frame_1_loss_bbox: 0.1269 (0.1336)  frame_1_loss_ce: 0.0577 (0.0656)  frame_1_loss_features: 0.0624 (0.0662)  frame_1_loss_giou: 0.2351 (0.2602)  time: 0.8539  data: 0.0001  max mem: 7263
Epoch: [0]  [400/601]  eta: 0:02:56  lr: 0.000200  grad_norm: 56.49  loss: 6.0435 (6.1027)  frame_0_aux0_loss_bbox: 0.1208 (0.1367)  frame_0_aux0_loss_ce: 0.1460 (0.1463)  frame_0_aux0_loss_giou: 0.2720 (0.2948)  frame_0_aux1_loss_bbox: 0.1127 (0.1295)  frame_0_aux1_loss_ce: 0.1448 (0.1418)  frame_0_aux1_loss_giou: 0.2458 (0.2709)  frame_0_aux2_loss_bbox: 0.1086 (0.1287)  frame_0_aux2_loss_ce: 0.1121 (0.1127)  frame_0_aux2_loss_giou: 0.2412 (0.2659)  frame_0_aux3_loss_bbox: 0.1129 (0.1280)  frame_0_aux3_loss_ce: 0.1045 (0.1054)  frame_0_aux3_loss_giou: 0.2442 (0.2653)  frame_0_aux4_loss_bbox: 0.1170 (0.1283)  frame_0_aux4_loss_ce: 0.1026 (0.1042)  frame_0_aux4_loss_giou: 0.2519 (0.2679)  frame_0_loss_bbox: 0.1157 (0.1278)  frame_0_loss_ce: 0.1046 (0.1042)  frame_0_loss_giou: 0.2388 (0.2627)  frame_1_aux0_loss_bbox: 0.1341 (0.1497)  frame_1_aux0_loss_ce: 0.0935 (0.0994)  frame_1_aux0_loss_giou: 0.3073 (0.3148)  frame_1_aux1_loss_bbox: 0.1235 (0.1372)  frame_1_aux1_loss_ce: 0.0874 (0.0935)  frame_1_aux1_loss_giou: 0.2571 (0.2729)  frame_1_aux2_loss_bbox: 0.1226 (0.1350)  frame_1_aux2_loss_ce: 0.0653 (0.0700)  frame_1_aux2_loss_giou: 0.2495 (0.2645)  frame_1_aux3_loss_bbox: 0.1207 (0.1337)  frame_1_aux3_loss_ce: 0.0629 (0.0658)  frame_1_aux3_loss_giou: 0.2411 (0.2614)  frame_1_aux4_loss_bbox: 0.1225 (0.1330)  frame_1_aux4_loss_ce: 0.0606 (0.0653)  frame_1_aux4_loss_giou: 0.2395 (0.2583)  frame_1_loss_bbox: 0.1233 (0.1343)  frame_1_loss_ce: 0.0605 (0.0657)  frame_1_loss_features: 0.0639 (0.0662)  frame_1_loss_giou: 0.2438 (0.2606)  time: 0.8518  data: 0.0001  max mem: 7263
Epoch: [0]  [410/601]  eta: 0:02:47  lr: 0.000200  grad_norm: 60.48  loss: 6.2789 (6.1123)  frame_0_aux0_loss_bbox: 0.1312 (0.1373)  frame_0_aux0_loss_ce: 0.1495 (0.1465)  frame_0_aux0_loss_giou: 0.2867 (0.2948)  frame_0_aux1_loss_bbox: 0.1245 (0.1300)  frame_0_aux1_loss_ce: 0.1501 (0.1419)  frame_0_aux1_loss_giou: 0.2597 (0.2709)  frame_0_aux2_loss_bbox: 0.1238 (0.1293)  frame_0_aux2_loss_ce: 0.1185 (0.1127)  frame_0_aux2_loss_giou: 0.2553 (0.2659)  frame_0_aux3_loss_bbox: 0.1236 (0.1286)  frame_0_aux3_loss_ce: 0.1149 (0.1054)  frame_0_aux3_loss_giou: 0.2618 (0.2654)  frame_0_aux4_loss_bbox: 0.1250 (0.1289)  frame_0_aux4_loss_ce: 0.1176 (0.1042)  frame_0_aux4_loss_giou: 0.2593 (0.2680)  frame_0_loss_bbox: 0.1235 (0.1284)  frame_0_loss_ce: 0.1184 (0.1043)  frame_0_loss_giou: 0.2508 (0.2628)  frame_1_aux0_loss_bbox: 0.1460 (0.1504)  frame_1_aux0_loss_ce: 0.0955 (0.0993)  frame_1_aux0_loss_giou: 0.3310 (0.3154)  frame_1_aux1_loss_bbox: 0.1280 (0.1379)  frame_1_aux1_loss_ce: 0.0949 (0.0935)  frame_1_aux1_loss_giou: 0.2756 (0.2731)  frame_1_aux2_loss_bbox: 0.1254 (0.1357)  frame_1_aux2_loss_ce: 0.0714 (0.0700)  frame_1_aux2_loss_giou: 0.2823 (0.2647)  frame_1_aux3_loss_bbox: 0.1250 (0.1344)  frame_1_aux3_loss_ce: 0.0654 (0.0658)  frame_1_aux3_loss_giou: 0.2676 (0.2616)  frame_1_aux4_loss_bbox: 0.1225 (0.1337)  frame_1_aux4_loss_ce: 0.0657 (0.0653)  frame_1_aux4_loss_giou: 0.2650 (0.2585)  frame_1_loss_bbox: 0.1235 (0.1349)  frame_1_loss_ce: 0.0669 (0.0658)  frame_1_loss_features: 0.0653 (0.0662)  frame_1_loss_giou: 0.2659 (0.2607)  time: 0.8243  data: 0.0001  max mem: 7263
Epoch: [0]  [420/601]  eta: 0:02:38  lr: 0.000200  grad_norm: 69.47  loss: 6.0683 (6.1081)  frame_0_aux0_loss_bbox: 0.1312 (0.1373)  frame_0_aux0_loss_ce: 0.1495 (0.1464)  frame_0_aux0_loss_giou: 0.2773 (0.2947)  frame_0_aux1_loss_bbox: 0.1261 (0.1300)  frame_0_aux1_loss_ce: 0.1432 (0.1418)  frame_0_aux1_loss_giou: 0.2557 (0.2707)  frame_0_aux2_loss_bbox: 0.1245 (0.1293)  frame_0_aux2_loss_ce: 0.1035 (0.1126)  frame_0_aux2_loss_giou: 0.2498 (0.2656)  frame_0_aux3_loss_bbox: 0.1236 (0.1287)  frame_0_aux3_loss_ce: 0.0992 (0.1053)  frame_0_aux3_loss_giou: 0.2454 (0.2651)  frame_0_aux4_loss_bbox: 0.1234 (0.1288)  frame_0_aux4_loss_ce: 0.1017 (0.1041)  frame_0_aux4_loss_giou: 0.2524 (0.2677)  frame_0_loss_bbox: 0.1235 (0.1284)  frame_0_loss_ce: 0.1041 (0.1043)  frame_0_loss_giou: 0.2481 (0.2626)  frame_1_aux0_loss_bbox: 0.1460 (0.1504)  frame_1_aux0_loss_ce: 0.0885 (0.0991)  frame_1_aux0_loss_giou: 0.3113 (0.3154)  frame_1_aux1_loss_bbox: 0.1280 (0.1379)  frame_1_aux1_loss_ce: 0.0889 (0.0934)  frame_1_aux1_loss_giou: 0.2673 (0.2728)  frame_1_aux2_loss_bbox: 0.1254 (0.1357)  frame_1_aux2_loss_ce: 0.0635 (0.0698)  frame_1_aux2_loss_giou: 0.2558 (0.2645)  frame_1_aux3_loss_bbox: 0.1250 (0.1344)  frame_1_aux3_loss_ce: 0.0617 (0.0657)  frame_1_aux3_loss_giou: 0.2477 (0.2613)  frame_1_aux4_loss_bbox: 0.1217 (0.1337)  frame_1_aux4_loss_ce: 0.0618 (0.0651)  frame_1_aux4_loss_giou: 0.2438 (0.2581)  frame_1_loss_bbox: 0.1250 (0.1349)  frame_1_loss_ce: 0.0617 (0.0656)  frame_1_loss_features: 0.0715 (0.0663)  frame_1_loss_giou: 0.2444 (0.2605)  time: 0.7906  data: 0.0001  max mem: 7526
Epoch: [0]  [430/601]  eta: 0:02:29  lr: 0.000200  grad_norm: 83.75  loss: 5.9530 (6.1132)  frame_0_aux0_loss_bbox: 0.1270 (0.1377)  frame_0_aux0_loss_ce: 0.1447 (0.1465)  frame_0_aux0_loss_giou: 0.2847 (0.2947)  frame_0_aux1_loss_bbox: 0.1219 (0.1305)  frame_0_aux1_loss_ce: 0.1389 (0.1419)  frame_0_aux1_loss_giou: 0.2505 (0.2707)  frame_0_aux2_loss_bbox: 0.1218 (0.1297)  frame_0_aux2_loss_ce: 0.1114 (0.1127)  frame_0_aux2_loss_giou: 0.2404 (0.2655)  frame_0_aux3_loss_bbox: 0.1194 (0.1291)  frame_0_aux3_loss_ce: 0.1046 (0.1054)  frame_0_aux3_loss_giou: 0.2453 (0.2650)  frame_0_aux4_loss_bbox: 0.1198 (0.1292)  frame_0_aux4_loss_ce: 0.1037 (0.1043)  frame_0_aux4_loss_giou: 0.2453 (0.2675)  frame_0_loss_bbox: 0.1212 (0.1288)  frame_0_loss_ce: 0.1073 (0.1045)  frame_0_loss_giou: 0.2429 (0.2626)  frame_1_aux0_loss_bbox: 0.1438 (0.1509)  frame_1_aux0_loss_ce: 0.0874 (0.0989)  frame_1_aux0_loss_giou: 0.3071 (0.3157)  frame_1_aux1_loss_bbox: 0.1260 (0.1383)  frame_1_aux1_loss_ce: 0.0860 (0.0932)  frame_1_aux1_loss_giou: 0.2628 (0.2729)  frame_1_aux2_loss_bbox: 0.1244 (0.1362)  frame_1_aux2_loss_ce: 0.0622 (0.0697)  frame_1_aux2_loss_giou: 0.2493 (0.2645)  frame_1_aux3_loss_bbox: 0.1213 (0.1348)  frame_1_aux3_loss_ce: 0.0581 (0.0656)  frame_1_aux3_loss_giou: 0.2443 (0.2613)  frame_1_aux4_loss_bbox: 0.1217 (0.1341)  frame_1_aux4_loss_ce: 0.0576 (0.0650)  frame_1_aux4_loss_giou: 0.2436 (0.2581)  frame_1_loss_bbox: 0.1223 (0.1353)  frame_1_loss_ce: 0.0599 (0.0655)  frame_1_loss_features: 0.0641 (0.0662)  frame_1_loss_giou: 0.2434 (0.2605)  time: 0.7613  data: 0.0001  max mem: 7526
Epoch: [0]  [440/601]  eta: 0:02:20  lr: 0.000200  grad_norm: 73.53  loss: 5.7133 (6.0974)  frame_0_aux0_loss_bbox: 0.1270 (0.1372)  frame_0_aux0_loss_ce: 0.1400 (0.1464)  frame_0_aux0_loss_giou: 0.2779 (0.2941)  frame_0_aux1_loss_bbox: 0.1148 (0.1299)  frame_0_aux1_loss_ce: 0.1365 (0.1418)  frame_0_aux1_loss_giou: 0.2505 (0.2700)  frame_0_aux2_loss_bbox: 0.1114 (0.1291)  frame_0_aux2_loss_ce: 0.1113 (0.1124)  frame_0_aux2_loss_giou: 0.2404 (0.2648)  frame_0_aux3_loss_bbox: 0.1108 (0.1285)  frame_0_aux3_loss_ce: 0.0927 (0.1050)  frame_0_aux3_loss_giou: 0.2334 (0.2641)  frame_0_aux4_loss_bbox: 0.1124 (0.1287)  frame_0_aux4_loss_ce: 0.0875 (0.1038)  frame_0_aux4_loss_giou: 0.2406 (0.2667)  frame_0_loss_bbox: 0.1138 (0.1283)  frame_0_loss_ce: 0.0891 (0.1040)  frame_0_loss_giou: 0.2410 (0.2618)  frame_1_aux0_loss_bbox: 0.1402 (0.1506)  frame_1_aux0_loss_ce: 0.0885 (0.0987)  frame_1_aux0_loss_giou: 0.3071 (0.3155)  frame_1_aux1_loss_bbox: 0.1198 (0.1380)  frame_1_aux1_loss_ce: 0.0842 (0.0930)  frame_1_aux1_loss_giou: 0.2593 (0.2725)  frame_1_aux2_loss_bbox: 0.1168 (0.1358)  frame_1_aux2_loss_ce: 0.0598 (0.0695)  frame_1_aux2_loss_giou: 0.2487 (0.2641)  frame_1_aux3_loss_bbox: 0.1136 (0.1344)  frame_1_aux3_loss_ce: 0.0563 (0.0653)  frame_1_aux3_loss_giou: 0.2422 (0.2608)  frame_1_aux4_loss_bbox: 0.1120 (0.1337)  frame_1_aux4_loss_ce: 0.0572 (0.0648)  frame_1_aux4_loss_giou: 0.2367 (0.2576)  frame_1_loss_bbox: 0.1150 (0.1349)  frame_1_loss_ce: 0.0573 (0.0652)  frame_1_loss_features: 0.0641 (0.0663)  frame_1_loss_giou: 0.2398 (0.2599)  time: 0.7538  data: 0.0001  max mem: 7526
Epoch: [0]  [450/601]  eta: 0:02:10  lr: 0.000200  grad_norm: 265.97  loss: 5.3378 (6.0811)  frame_0_aux0_loss_bbox: 0.0936 (0.1365)  frame_0_aux0_loss_ce: 0.1364 (0.1462)  frame_0_aux0_loss_giou: 0.2667 (0.2937)  frame_0_aux1_loss_bbox: 0.0840 (0.1292)  frame_0_aux1_loss_ce: 0.1320 (0.1416)  frame_0_aux1_loss_giou: 0.2510 (0.2697)  frame_0_aux2_loss_bbox: 0.0833 (0.1284)  frame_0_aux2_loss_ce: 0.0996 (0.1122)  frame_0_aux2_loss_giou: 0.2425 (0.2644)  frame_0_aux3_loss_bbox: 0.0808 (0.1279)  frame_0_aux3_loss_ce: 0.0888 (0.1048)  frame_0_aux3_loss_giou: 0.2334 (0.2638)  frame_0_aux4_loss_bbox: 0.0804 (0.1280)  frame_0_aux4_loss_ce: 0.0868 (0.1035)  frame_0_aux4_loss_giou: 0.2406 (0.2663)  frame_0_loss_bbox: 0.0815 (0.1277)  frame_0_loss_ce: 0.0815 (0.1037)  frame_0_loss_giou: 0.2372 (0.2615)  frame_1_aux0_loss_bbox: 0.0974 (0.1498)  frame_1_aux0_loss_ce: 0.0885 (0.0985)  frame_1_aux0_loss_giou: 0.2917 (0.3153)  frame_1_aux1_loss_bbox: 0.0847 (0.1372)  frame_1_aux1_loss_ce: 0.0842 (0.0929)  frame_1_aux1_loss_giou: 0.2541 (0.2721)  frame_1_aux2_loss_bbox: 0.0856 (0.1350)  frame_1_aux2_loss_ce: 0.0577 (0.0693)  frame_1_aux2_loss_giou: 0.2401 (0.2637)  frame_1_aux3_loss_bbox: 0.0876 (0.1336)  frame_1_aux3_loss_ce: 0.0508 (0.0651)  frame_1_aux3_loss_giou: 0.2336 (0.2603)  frame_1_aux4_loss_bbox: 0.0877 (0.1329)  frame_1_aux4_loss_ce: 0.0502 (0.0645)  frame_1_aux4_loss_giou: 0.2312 (0.2571)  frame_1_loss_bbox: 0.0880 (0.1341)  frame_1_loss_ce: 0.0515 (0.0650)  frame_1_loss_features: 0.0689 (0.0662)  frame_1_loss_giou: 0.2296 (0.2594)  time: 0.7487  data: 0.0001  max mem: 7526
Epoch: [0]  [460/601]  eta: 0:02:01  lr: 0.000200  grad_norm: 86.66  loss: 5.2476 (6.0663)  frame_0_aux0_loss_bbox: 0.0936 (0.1359)  frame_0_aux0_loss_ce: 0.1367 (0.1463)  frame_0_aux0_loss_giou: 0.2659 (0.2932)  frame_0_aux1_loss_bbox: 0.0840 (0.1286)  frame_0_aux1_loss_ce: 0.1343 (0.1417)  frame_0_aux1_loss_giou: 0.2523 (0.2691)  frame_0_aux2_loss_bbox: 0.0837 (0.1279)  frame_0_aux2_loss_ce: 0.0996 (0.1122)  frame_0_aux2_loss_giou: 0.2394 (0.2638)  frame_0_aux3_loss_bbox: 0.0814 (0.1273)  frame_0_aux3_loss_ce: 0.0952 (0.1047)  frame_0_aux3_loss_giou: 0.2428 (0.2632)  frame_0_aux4_loss_bbox: 0.0804 (0.1275)  frame_0_aux4_loss_ce: 0.0828 (0.1035)  frame_0_aux4_loss_giou: 0.2343 (0.2656)  frame_0_loss_bbox: 0.0815 (0.1271)  frame_0_loss_ce: 0.0852 (0.1037)  frame_0_loss_giou: 0.2322 (0.2609)  frame_1_aux0_loss_bbox: 0.0970 (0.1491)  frame_1_aux0_loss_ce: 0.0905 (0.0984)  frame_1_aux0_loss_giou: 0.2994 (0.3147)  frame_1_aux1_loss_bbox: 0.0879 (0.1365)  frame_1_aux1_loss_ce: 0.0834 (0.0928)  frame_1_aux1_loss_giou: 0.2450 (0.2716)  frame_1_aux2_loss_bbox: 0.0853 (0.1343)  frame_1_aux2_loss_ce: 0.0600 (0.0692)  frame_1_aux2_loss_giou: 0.2368 (0.2632)  frame_1_aux3_loss_bbox: 0.0835 (0.1330)  frame_1_aux3_loss_ce: 0.0559 (0.0650)  frame_1_aux3_loss_giou: 0.2324 (0.2598)  frame_1_aux4_loss_bbox: 0.0832 (0.1322)  frame_1_aux4_loss_ce: 0.0538 (0.0644)  frame_1_aux4_loss_giou: 0.2255 (0.2566)  frame_1_loss_bbox: 0.0842 (0.1334)  frame_1_loss_ce: 0.0529 (0.0649)  frame_1_loss_features: 0.0607 (0.0661)  frame_1_loss_giou: 0.2280 (0.2589)  time: 0.7516  data: 0.0001  max mem: 7526
Epoch: [0]  [470/601]  eta: 0:01:53  lr: 0.000200  grad_norm: 94.08  loss: 5.9229 (6.0670)  frame_0_aux0_loss_bbox: 0.0955 (0.1357)  frame_0_aux0_loss_ce: 0.1505 (0.1465)  frame_0_aux0_loss_giou: 0.2743 (0.2931)  frame_0_aux1_loss_bbox: 0.0936 (0.1284)  frame_0_aux1_loss_ce: 0.1497 (0.1421)  frame_0_aux1_loss_giou: 0.2523 (0.2691)  frame_0_aux2_loss_bbox: 0.0884 (0.1277)  frame_0_aux2_loss_ce: 0.1283 (0.1125)  frame_0_aux2_loss_giou: 0.2433 (0.2638)  frame_0_aux3_loss_bbox: 0.0909 (0.1271)  frame_0_aux3_loss_ce: 0.1148 (0.1050)  frame_0_aux3_loss_giou: 0.2489 (0.2631)  frame_0_aux4_loss_bbox: 0.0892 (0.1273)  frame_0_aux4_loss_ce: 0.1115 (0.1037)  frame_0_aux4_loss_giou: 0.2484 (0.2654)  frame_0_loss_bbox: 0.0901 (0.1269)  frame_0_loss_ce: 0.1165 (0.1040)  frame_0_loss_giou: 0.2414 (0.2608)  frame_1_aux0_loss_bbox: 0.1145 (0.1490)  frame_1_aux0_loss_ce: 0.0952 (0.0985)  frame_1_aux0_loss_giou: 0.2910 (0.3149)  frame_1_aux1_loss_bbox: 0.1012 (0.1364)  frame_1_aux1_loss_ce: 0.0865 (0.0929)  frame_1_aux1_loss_giou: 0.2527 (0.2717)  frame_1_aux2_loss_bbox: 0.1029 (0.1343)  frame_1_aux2_loss_ce: 0.0677 (0.0693)  frame_1_aux2_loss_giou: 0.2473 (0.2632)  frame_1_aux3_loss_bbox: 0.1008 (0.1329)  frame_1_aux3_loss_ce: 0.0628 (0.0651)  frame_1_aux3_loss_giou: 0.2386 (0.2599)  frame_1_aux4_loss_bbox: 0.0987 (0.1322)  frame_1_aux4_loss_ce: 0.0639 (0.0645)  frame_1_aux4_loss_giou: 0.2401 (0.2567)  frame_1_loss_bbox: 0.0974 (0.1333)  frame_1_loss_ce: 0.0678 (0.0650)  frame_1_loss_features: 0.0590 (0.0660)  frame_1_loss_giou: 0.2425 (0.2589)  time: 0.8469  data: 0.0001  max mem: 7526
Epoch: [0]  [480/601]  eta: 0:01:44  lr: 0.000200  grad_norm: 111.84  loss: 6.0339 (6.0597)  frame_0_aux0_loss_bbox: 0.1136 (0.1354)  frame_0_aux0_loss_ce: 0.1505 (0.1465)  frame_0_aux0_loss_giou: 0.2743 (0.2930)  frame_0_aux1_loss_bbox: 0.1073 (0.1282)  frame_0_aux1_loss_ce: 0.1497 (0.1422)  frame_0_aux1_loss_giou: 0.2634 (0.2689)  frame_0_aux2_loss_bbox: 0.1092 (0.1274)  frame_0_aux2_loss_ce: 0.1326 (0.1126)  frame_0_aux2_loss_giou: 0.2496 (0.2635)  frame_0_aux3_loss_bbox: 0.1065 (0.1268)  frame_0_aux3_loss_ce: 0.1138 (0.1050)  frame_0_aux3_loss_giou: 0.2516 (0.2629)  frame_0_aux4_loss_bbox: 0.1069 (0.1269)  frame_0_aux4_loss_ce: 0.1115 (0.1037)  frame_0_aux4_loss_giou: 0.2484 (0.2651)  frame_0_loss_bbox: 0.1069 (0.1266)  frame_0_loss_ce: 0.1165 (0.1040)  frame_0_loss_giou: 0.2425 (0.2605)  frame_1_aux0_loss_bbox: 0.1319 (0.1487)  frame_1_aux0_loss_ce: 0.0919 (0.0983)  frame_1_aux0_loss_giou: 0.2916 (0.3147)  frame_1_aux1_loss_bbox: 0.1167 (0.1361)  frame_1_aux1_loss_ce: 0.0871 (0.0928)  frame_1_aux1_loss_giou: 0.2641 (0.2714)  frame_1_aux2_loss_bbox: 0.1141 (0.1339)  frame_1_aux2_loss_ce: 0.0712 (0.0692)  frame_1_aux2_loss_giou: 0.2528 (0.2629)  frame_1_aux3_loss_bbox: 0.1127 (0.1326)  frame_1_aux3_loss_ce: 0.0677 (0.0650)  frame_1_aux3_loss_giou: 0.2526 (0.2596)  frame_1_aux4_loss_bbox: 0.1142 (0.1318)  frame_1_aux4_loss_ce: 0.0678 (0.0645)  frame_1_aux4_loss_giou: 0.2499 (0.2565)  frame_1_loss_bbox: 0.1140 (0.1330)  frame_1_loss_ce: 0.0675 (0.0649)  frame_1_loss_features: 0.0601 (0.0660)  frame_1_loss_giou: 0.2437 (0.2586)  time: 0.8437  data: 0.0001  max mem: 7526
Epoch: [0]  [490/601]  eta: 0:01:35  lr: 0.000200  grad_norm: 454.66  loss: 5.1521 (6.0415)  frame_0_aux0_loss_bbox: 0.0997 (0.1348)  frame_0_aux0_loss_ce: 0.1358 (0.1462)  frame_0_aux0_loss_giou: 0.2662 (0.2924)  frame_0_aux1_loss_bbox: 0.0969 (0.1276)  frame_0_aux1_loss_ce: 0.1357 (0.1420)  frame_0_aux1_loss_giou: 0.2396 (0.2683)  frame_0_aux2_loss_bbox: 0.0936 (0.1268)  frame_0_aux2_loss_ce: 0.1037 (0.1123)  frame_0_aux2_loss_giou: 0.2292 (0.2628)  frame_0_aux3_loss_bbox: 0.0992 (0.1263)  frame_0_aux3_loss_ce: 0.0933 (0.1047)  frame_0_aux3_loss_giou: 0.2323 (0.2623)  frame_0_aux4_loss_bbox: 0.0937 (0.1263)  frame_0_aux4_loss_ce: 0.0911 (0.1034)  frame_0_aux4_loss_giou: 0.2288 (0.2643)  frame_0_loss_bbox: 0.0956 (0.1260)  frame_0_loss_ce: 0.0933 (0.1037)  frame_0_loss_giou: 0.2227 (0.2597)  frame_1_aux0_loss_bbox: 0.1087 (0.1480)  frame_1_aux0_loss_ce: 0.0868 (0.0980)  frame_1_aux0_loss_giou: 0.2823 (0.3142)  frame_1_aux1_loss_bbox: 0.0984 (0.1355)  frame_1_aux1_loss_ce: 0.0809 (0.0925)  frame_1_aux1_loss_giou: 0.2347 (0.2708)  frame_1_aux2_loss_bbox: 0.0980 (0.1333)  frame_1_aux2_loss_ce: 0.0584 (0.0689)  frame_1_aux2_loss_giou: 0.2264 (0.2623)  frame_1_aux3_loss_bbox: 0.0977 (0.1320)  frame_1_aux3_loss_ce: 0.0538 (0.0648)  frame_1_aux3_loss_giou: 0.2276 (0.2591)  frame_1_aux4_loss_bbox: 0.0955 (0.1312)  frame_1_aux4_loss_ce: 0.0526 (0.0642)  frame_1_aux4_loss_giou: 0.2268 (0.2559)  frame_1_loss_bbox: 0.0953 (0.1324)  frame_1_loss_ce: 0.0542 (0.0646)  frame_1_loss_features: 0.0651 (0.0660)  frame_1_loss_giou: 0.2268 (0.2580)  time: 0.8031  data: 0.0001  max mem: 7526
Epoch: [0]  [500/601]  eta: 0:01:27  lr: 0.000200  grad_norm: 64.35  loss: 5.2187 (6.0358)  frame_0_aux0_loss_bbox: 0.1078 (0.1347)  frame_0_aux0_loss_ce: 0.1358 (0.1463)  frame_0_aux0_loss_giou: 0.2637 (0.2919)  frame_0_aux1_loss_bbox: 0.1027 (0.1276)  frame_0_aux1_loss_ce: 0.1357 (0.1422)  frame_0_aux1_loss_giou: 0.2396 (0.2679)  frame_0_aux2_loss_bbox: 0.0942 (0.1268)  frame_0_aux2_loss_ce: 0.1058 (0.1125)  frame_0_aux2_loss_giou: 0.2292 (0.2623)  frame_0_aux3_loss_bbox: 0.0999 (0.1262)  frame_0_aux3_loss_ce: 0.0933 (0.1048)  frame_0_aux3_loss_giou: 0.2323 (0.2618)  frame_0_aux4_loss_bbox: 0.0985 (0.1263)  frame_0_aux4_loss_ce: 0.0923 (0.1035)  frame_0_aux4_loss_giou: 0.2288 (0.2638)  frame_0_loss_bbox: 0.1004 (0.1259)  frame_0_loss_ce: 0.0955 (0.1037)  frame_0_loss_giou: 0.2304 (0.2592)  frame_1_aux0_loss_bbox: 0.1128 (0.1480)  frame_1_aux0_loss_ce: 0.0868 (0.0979)  frame_1_aux0_loss_giou: 0.2810 (0.3138)  frame_1_aux1_loss_bbox: 0.1007 (0.1355)  frame_1_aux1_loss_ce: 0.0812 (0.0924)  frame_1_aux1_loss_giou: 0.2342 (0.2705)  frame_1_aux2_loss_bbox: 0.0982 (0.1333)  frame_1_aux2_loss_ce: 0.0562 (0.0688)  frame_1_aux2_loss_giou: 0.2268 (0.2620)  frame_1_aux3_loss_bbox: 0.0982 (0.1319)  frame_1_aux3_loss_ce: 0.0523 (0.0647)  frame_1_aux3_loss_giou: 0.2269 (0.2586)  frame_1_aux4_loss_bbox: 0.0959 (0.1312)  frame_1_aux4_loss_ce: 0.0525 (0.0641)  frame_1_aux4_loss_giou: 0.2253 (0.2555)  frame_1_loss_bbox: 0.0967 (0.1323)  frame_1_loss_ce: 0.0524 (0.0645)  frame_1_loss_features: 0.0651 (0.0660)  frame_1_loss_giou: 0.2268 (0.2575)  time: 0.8132  data: 0.0001  max mem: 7526
Epoch: [0]  [510/601]  eta: 0:01:18  lr: 0.000200  grad_norm: 161.31  loss: 5.6533 (6.0352)  frame_0_aux0_loss_bbox: 0.1242 (0.1347)  frame_0_aux0_loss_ce: 0.1534 (0.1465)  frame_0_aux0_loss_giou: 0.2647 (0.2916)  frame_0_aux1_loss_bbox: 0.1204 (0.1276)  frame_0_aux1_loss_ce: 0.1407 (0.1424)  frame_0_aux1_loss_giou: 0.2449 (0.2677)  frame_0_aux2_loss_bbox: 0.1121 (0.1268)  frame_0_aux2_loss_ce: 0.1058 (0.1125)  frame_0_aux2_loss_giou: 0.2449 (0.2622)  frame_0_aux3_loss_bbox: 0.1114 (0.1263)  frame_0_aux3_loss_ce: 0.1000 (0.1049)  frame_0_aux3_loss_giou: 0.2374 (0.2616)  frame_0_aux4_loss_bbox: 0.1112 (0.1263)  frame_0_aux4_loss_ce: 0.0952 (0.1035)  frame_0_aux4_loss_giou: 0.2412 (0.2636)  frame_0_loss_bbox: 0.1100 (0.1259)  frame_0_loss_ce: 0.0961 (0.1038)  frame_0_loss_giou: 0.2341 (0.2590)  frame_1_aux0_loss_bbox: 0.1392 (0.1480)  frame_1_aux0_loss_ce: 0.0946 (0.0980)  frame_1_aux0_loss_giou: 0.2980 (0.3138)  frame_1_aux1_loss_bbox: 0.1308 (0.1355)  frame_1_aux1_loss_ce: 0.0879 (0.0924)  frame_1_aux1_loss_giou: 0.2562 (0.2705)  frame_1_aux2_loss_bbox: 0.1258 (0.1333)  frame_1_aux2_loss_ce: 0.0588 (0.0688)  frame_1_aux2_loss_giou: 0.2423 (0.2619)  frame_1_aux3_loss_bbox: 0.1225 (0.1320)  frame_1_aux3_loss_ce: 0.0566 (0.0646)  frame_1_aux3_loss_giou: 0.2356 (0.2585)  frame_1_aux4_loss_bbox: 0.1223 (0.1312)  frame_1_aux4_loss_ce: 0.0537 (0.0641)  frame_1_aux4_loss_giou: 0.2325 (0.2554)  frame_1_loss_bbox: 0.1226 (0.1323)  frame_1_loss_ce: 0.0524 (0.0645)  frame_1_loss_features: 0.0644 (0.0658)  frame_1_loss_giou: 0.2347 (0.2574)  time: 0.7548  data: 0.0001  max mem: 7526
Epoch: [0]  [520/601]  eta: 0:01:09  lr: 0.000200  grad_norm: 4376.58  loss: 5.9591 (6.0421)  frame_0_aux0_loss_bbox: 0.1067 (0.1347)  frame_0_aux0_loss_ce: 0.1558 (0.1469)  frame_0_aux0_loss_giou: 0.2647 (0.2919)  frame_0_aux1_loss_bbox: 0.1076 (0.1276)  frame_0_aux1_loss_ce: 0.1507 (0.1429)  frame_0_aux1_loss_giou: 0.2496 (0.2681)  frame_0_aux2_loss_bbox: 0.1094 (0.1268)  frame_0_aux2_loss_ce: 0.1058 (0.1129)  frame_0_aux2_loss_giou: 0.2480 (0.2626)  frame_0_aux3_loss_bbox: 0.1089 (0.1262)  frame_0_aux3_loss_ce: 0.1000 (0.1053)  frame_0_aux3_loss_giou: 0.2430 (0.2620)  frame_0_aux4_loss_bbox: 0.1098 (0.1263)  frame_0_aux4_loss_ce: 0.0940 (0.1039)  frame_0_aux4_loss_giou: 0.2444 (0.2639)  frame_0_loss_bbox: 0.1058 (0.1258)  frame_0_loss_ce: 0.0972 (0.1042)  frame_0_loss_giou: 0.2397 (0.2593)  frame_1_aux0_loss_bbox: 0.1277 (0.1480)  frame_1_aux0_loss_ce: 0.1015 (0.0981)  frame_1_aux0_loss_giou: 0.2996 (0.3141)  frame_1_aux1_loss_bbox: 0.1225 (0.1355)  frame_1_aux1_loss_ce: 0.0967 (0.0926)  frame_1_aux1_loss_giou: 0.2675 (0.2709)  frame_1_aux2_loss_bbox: 0.1212 (0.1332)  frame_1_aux2_loss_ce: 0.0695 (0.0690)  frame_1_aux2_loss_giou: 0.2633 (0.2623)  frame_1_aux3_loss_bbox: 0.1187 (0.1319)  frame_1_aux3_loss_ce: 0.0597 (0.0649)  frame_1_aux3_loss_giou: 0.2516 (0.2588)  frame_1_aux4_loss_bbox: 0.1196 (0.1311)  frame_1_aux4_loss_ce: 0.0580 (0.0643)  frame_1_aux4_loss_giou: 0.2425 (0.2558)  frame_1_loss_bbox: 0.1184 (0.1322)  frame_1_loss_ce: 0.0576 (0.0647)  frame_1_loss_features: 0.0644 (0.0658)  frame_1_loss_giou: 0.2419 (0.2576)  time: 0.7553  data: 0.0001  max mem: 7526
Epoch: [0]  [530/601]  eta: 0:01:00  lr: 0.000200  grad_norm: 39.28  loss: 5.9715 (6.0503)  frame_0_aux0_loss_bbox: 0.1337 (0.1347)  frame_0_aux0_loss_ce: 0.1542 (0.1471)  frame_0_aux0_loss_giou: 0.2852 (0.2922)  frame_0_aux1_loss_bbox: 0.1269 (0.1276)  frame_0_aux1_loss_ce: 0.1581 (0.1431)  frame_0_aux1_loss_giou: 0.2648 (0.2685)  frame_0_aux2_loss_bbox: 0.1219 (0.1267)  frame_0_aux2_loss_ce: 0.1193 (0.1131)  frame_0_aux2_loss_giou: 0.2598 (0.2631)  frame_0_aux3_loss_bbox: 0.1199 (0.1263)  frame_0_aux3_loss_ce: 0.1105 (0.1054)  frame_0_aux3_loss_giou: 0.2701 (0.2625)  frame_0_aux4_loss_bbox: 0.1219 (0.1263)  frame_0_aux4_loss_ce: 0.1056 (0.1040)  frame_0_aux4_loss_giou: 0.2646 (0.2643)  frame_0_loss_bbox: 0.1162 (0.1258)  frame_0_loss_ce: 0.1082 (0.1043)  frame_0_loss_giou: 0.2621 (0.2598)  frame_1_aux0_loss_bbox: 0.1298 (0.1480)  frame_1_aux0_loss_ce: 0.1055 (0.0982)  frame_1_aux0_loss_giou: 0.3120 (0.3148)  frame_1_aux1_loss_bbox: 0.1207 (0.1355)  frame_1_aux1_loss_ce: 0.0982 (0.0927)  frame_1_aux1_loss_giou: 0.2760 (0.2715)  frame_1_aux2_loss_bbox: 0.1144 (0.1333)  frame_1_aux2_loss_ce: 0.0733 (0.0691)  frame_1_aux2_loss_giou: 0.2720 (0.2630)  frame_1_aux3_loss_bbox: 0.1135 (0.1319)  frame_1_aux3_loss_ce: 0.0673 (0.0650)  frame_1_aux3_loss_giou: 0.2652 (0.2593)  frame_1_aux4_loss_bbox: 0.1180 (0.1312)  frame_1_aux4_loss_ce: 0.0675 (0.0644)  frame_1_aux4_loss_giou: 0.2671 (0.2563)  frame_1_loss_bbox: 0.1165 (0.1323)  frame_1_loss_ce: 0.0671 (0.0648)  frame_1_loss_features: 0.0694 (0.0660)  frame_1_loss_giou: 0.2704 (0.2582)  time: 0.8024  data: 0.0001  max mem: 7526
Epoch: [0]  [540/601]  eta: 0:00:52  lr: 0.000200  grad_norm: 257.46  loss: 5.7393 (6.0450)  frame_0_aux0_loss_bbox: 0.1306 (0.1348)  frame_0_aux0_loss_ce: 0.1435 (0.1471)  frame_0_aux0_loss_giou: 0.2737 (0.2918)  frame_0_aux1_loss_bbox: 0.1269 (0.1276)  frame_0_aux1_loss_ce: 0.1450 (0.1432)  frame_0_aux1_loss_giou: 0.2476 (0.2681)  frame_0_aux2_loss_bbox: 0.1219 (0.1268)  frame_0_aux2_loss_ce: 0.1121 (0.1131)  frame_0_aux2_loss_giou: 0.2514 (0.2629)  frame_0_aux3_loss_bbox: 0.1199 (0.1263)  frame_0_aux3_loss_ce: 0.0998 (0.1053)  frame_0_aux3_loss_giou: 0.2439 (0.2621)  frame_0_aux4_loss_bbox: 0.1219 (0.1264)  frame_0_aux4_loss_ce: 0.0980 (0.1039)  frame_0_aux4_loss_giou: 0.2394 (0.2638)  frame_0_loss_bbox: 0.1162 (0.1259)  frame_0_loss_ce: 0.0973 (0.1041)  frame_0_loss_giou: 0.2395 (0.2593)  frame_1_aux0_loss_bbox: 0.1362 (0.1481)  frame_1_aux0_loss_ce: 0.0960 (0.0980)  frame_1_aux0_loss_giou: 0.2899 (0.3141)  frame_1_aux1_loss_bbox: 0.1227 (0.1357)  frame_1_aux1_loss_ce: 0.0913 (0.0925)  frame_1_aux1_loss_giou: 0.2549 (0.2710)  frame_1_aux2_loss_bbox: 0.1234 (0.1335)  frame_1_aux2_loss_ce: 0.0609 (0.0689)  frame_1_aux2_loss_giou: 0.2633 (0.2628)  frame_1_aux3_loss_bbox: 0.1234 (0.1321)  frame_1_aux3_loss_ce: 0.0576 (0.0648)  frame_1_aux3_loss_giou: 0.2460 (0.2590)  frame_1_aux4_loss_bbox: 0.1208 (0.1314)  frame_1_aux4_loss_ce: 0.0560 (0.0641)  frame_1_aux4_loss_giou: 0.2417 (0.2559)  frame_1_loss_bbox: 0.1212 (0.1324)  frame_1_loss_ce: 0.0600 (0.0646)  frame_1_loss_features: 0.0610 (0.0658)  frame_1_loss_giou: 0.2445 (0.2578)  time: 0.7844  data: 0.0001  max mem: 7526
Epoch: [0]  [550/601]  eta: 0:00:43  lr: 0.000200  grad_norm: 197.30  loss: 5.7393 (6.0527)  frame_0_aux0_loss_bbox: 0.1306 (0.1352)  frame_0_aux0_loss_ce: 0.1437 (0.1472)  frame_0_aux0_loss_giou: 0.2604 (0.2917)  frame_0_aux1_loss_bbox: 0.1281 (0.1280)  frame_0_aux1_loss_ce: 0.1450 (0.1434)  frame_0_aux1_loss_giou: 0.2381 (0.2680)  frame_0_aux2_loss_bbox: 0.1300 (0.1272)  frame_0_aux2_loss_ce: 0.1121 (0.1131)  frame_0_aux2_loss_giou: 0.2377 (0.2629)  frame_0_aux3_loss_bbox: 0.1277 (0.1268)  frame_0_aux3_loss_ce: 0.0998 (0.1054)  frame_0_aux3_loss_giou: 0.2353 (0.2621)  frame_0_aux4_loss_bbox: 0.1248 (0.1268)  frame_0_aux4_loss_ce: 0.0980 (0.1039)  frame_0_aux4_loss_giou: 0.2279 (0.2637)  frame_0_loss_bbox: 0.1259 (0.1264)  frame_0_loss_ce: 0.0973 (0.1042)  frame_0_loss_giou: 0.2291 (0.2593)  frame_1_aux0_loss_bbox: 0.1471 (0.1486)  frame_1_aux0_loss_ce: 0.0940 (0.0981)  frame_1_aux0_loss_giou: 0.2838 (0.3142)  frame_1_aux1_loss_bbox: 0.1319 (0.1362)  frame_1_aux1_loss_ce: 0.0889 (0.0926)  frame_1_aux1_loss_giou: 0.2456 (0.2712)  frame_1_aux2_loss_bbox: 0.1291 (0.1340)  frame_1_aux2_loss_ce: 0.0592 (0.0690)  frame_1_aux2_loss_giou: 0.2512 (0.2631)  frame_1_aux3_loss_bbox: 0.1303 (0.1326)  frame_1_aux3_loss_ce: 0.0556 (0.0649)  frame_1_aux3_loss_giou: 0.2401 (0.2592)  frame_1_aux4_loss_bbox: 0.1264 (0.1320)  frame_1_aux4_loss_ce: 0.0549 (0.0642)  frame_1_aux4_loss_giou: 0.2356 (0.2561)  frame_1_loss_bbox: 0.1295 (0.1330)  frame_1_loss_ce: 0.0592 (0.0647)  frame_1_loss_features: 0.0552 (0.0658)  frame_1_loss_giou: 0.2443 (0.2580)  time: 0.8841  data: 0.0001  max mem: 7526
Epoch: [0]  [560/601]  eta: 0:00:35  lr: 0.000200  grad_norm: 95.10  loss: 5.8342 (6.0427)  frame_0_aux0_loss_bbox: 0.1333 (0.1352)  frame_0_aux0_loss_ce: 0.1439 (0.1472)  frame_0_aux0_loss_giou: 0.2581 (0.2911)  frame_0_aux1_loss_bbox: 0.1382 (0.1281)  frame_0_aux1_loss_ce: 0.1435 (0.1434)  frame_0_aux1_loss_giou: 0.2381 (0.2675)  frame_0_aux2_loss_bbox: 0.1353 (0.1273)  frame_0_aux2_loss_ce: 0.1012 (0.1129)  frame_0_aux2_loss_giou: 0.2322 (0.2623)  frame_0_aux3_loss_bbox: 0.1360 (0.1268)  frame_0_aux3_loss_ce: 0.0902 (0.1052)  frame_0_aux3_loss_giou: 0.2304 (0.2615)  frame_0_aux4_loss_bbox: 0.1293 (0.1269)  frame_0_aux4_loss_ce: 0.0908 (0.1037)  frame_0_aux4_loss_giou: 0.2279 (0.2631)  frame_0_loss_bbox: 0.1270 (0.1264)  frame_0_loss_ce: 0.0899 (0.1040)  frame_0_loss_giou: 0.2291 (0.2587)  frame_1_aux0_loss_bbox: 0.1542 (0.1486)  frame_1_aux0_loss_ce: 0.0866 (0.0978)  frame_1_aux0_loss_giou: 0.2901 (0.3135)  frame_1_aux1_loss_bbox: 0.1422 (0.1362)  frame_1_aux1_loss_ce: 0.0849 (0.0924)  frame_1_aux1_loss_giou: 0.2497 (0.2705)  frame_1_aux2_loss_bbox: 0.1370 (0.1339)  frame_1_aux2_loss_ce: 0.0582 (0.0687)  frame_1_aux2_loss_giou: 0.2484 (0.2625)  frame_1_aux3_loss_bbox: 0.1382 (0.1326)  frame_1_aux3_loss_ce: 0.0556 (0.0646)  frame_1_aux3_loss_giou: 0.2451 (0.2586)  frame_1_aux4_loss_bbox: 0.1377 (0.1319)  frame_1_aux4_loss_ce: 0.0549 (0.0639)  frame_1_aux4_loss_giou: 0.2378 (0.2555)  frame_1_loss_bbox: 0.1391 (0.1329)  frame_1_loss_ce: 0.0592 (0.0644)  frame_1_loss_features: 0.0598 (0.0657)  frame_1_loss_giou: 0.2443 (0.2574)  time: 0.9507  data: 0.0001  max mem: 7526
Epoch: [0]  [570/601]  eta: 0:00:26  lr: 0.000200  grad_norm: 70.40  loss: 5.5790 (6.0379)  frame_0_aux0_loss_bbox: 0.1273 (0.1352)  frame_0_aux0_loss_ce: 0.1435 (0.1472)  frame_0_aux0_loss_giou: 0.2581 (0.2905)  frame_0_aux1_loss_bbox: 0.1245 (0.1282)  frame_0_aux1_loss_ce: 0.1408 (0.1433)  frame_0_aux1_loss_giou: 0.2395 (0.2671)  frame_0_aux2_loss_bbox: 0.1201 (0.1274)  frame_0_aux2_loss_ce: 0.0986 (0.1126)  frame_0_aux2_loss_giou: 0.2243 (0.2617)  frame_0_aux3_loss_bbox: 0.1194 (0.1270)  frame_0_aux3_loss_ce: 0.0887 (0.1049)  frame_0_aux3_loss_giou: 0.2304 (0.2611)  frame_0_aux4_loss_bbox: 0.1270 (0.1271)  frame_0_aux4_loss_ce: 0.0850 (0.1034)  frame_0_aux4_loss_giou: 0.2320 (0.2626)  frame_0_loss_bbox: 0.1211 (0.1266)  frame_0_loss_ce: 0.0861 (0.1036)  frame_0_loss_giou: 0.2214 (0.2582)  frame_1_aux0_loss_bbox: 0.1460 (0.1488)  frame_1_aux0_loss_ce: 0.0823 (0.0977)  frame_1_aux0_loss_giou: 0.2922 (0.3132)  frame_1_aux1_loss_bbox: 0.1392 (0.1364)  frame_1_aux1_loss_ce: 0.0809 (0.0922)  frame_1_aux1_loss_giou: 0.2451 (0.2703)  frame_1_aux2_loss_bbox: 0.1326 (0.1342)  frame_1_aux2_loss_ce: 0.0563 (0.0685)  frame_1_aux2_loss_giou: 0.2301 (0.2621)  frame_1_aux3_loss_bbox: 0.1277 (0.1328)  frame_1_aux3_loss_ce: 0.0510 (0.0644)  frame_1_aux3_loss_giou: 0.2256 (0.2583)  frame_1_aux4_loss_bbox: 0.1270 (0.1322)  frame_1_aux4_loss_ce: 0.0496 (0.0638)  frame_1_aux4_loss_giou: 0.2267 (0.2551)  frame_1_loss_bbox: 0.1267 (0.1332)  frame_1_loss_ce: 0.0501 (0.0642)  frame_1_loss_features: 0.0577 (0.0656)  frame_1_loss_giou: 0.2289 (0.2571)  time: 0.8485  data: 0.0444  max mem: 7526
Epoch: [0]  [580/601]  eta: 0:00:18  lr: 0.000200  grad_norm: 73.38  loss: 5.5677 (6.0345)  frame_0_aux0_loss_bbox: 0.1219 (0.1349)  frame_0_aux0_loss_ce: 0.1458 (0.1473)  frame_0_aux0_loss_giou: 0.2626 (0.2903)  frame_0_aux1_loss_bbox: 0.1148 (0.1280)  frame_0_aux1_loss_ce: 0.1435 (0.1434)  frame_0_aux1_loss_giou: 0.2497 (0.2670)  frame_0_aux2_loss_bbox: 0.1150 (0.1272)  frame_0_aux2_loss_ce: 0.1048 (0.1126)  frame_0_aux2_loss_giou: 0.2442 (0.2617)  frame_0_aux3_loss_bbox: 0.1165 (0.1268)  frame_0_aux3_loss_ce: 0.0952 (0.1048)  frame_0_aux3_loss_giou: 0.2499 (0.2611)  frame_0_aux4_loss_bbox: 0.1182 (0.1270)  frame_0_aux4_loss_ce: 0.0922 (0.1033)  frame_0_aux4_loss_giou: 0.2479 (0.2626)  frame_0_loss_bbox: 0.1147 (0.1265)  frame_0_loss_ce: 0.0918 (0.1035)  frame_0_loss_giou: 0.2405 (0.2582)  frame_1_aux0_loss_bbox: 0.1287 (0.1485)  frame_1_aux0_loss_ce: 0.0889 (0.0977)  frame_1_aux0_loss_giou: 0.2938 (0.3131)  frame_1_aux1_loss_bbox: 0.1224 (0.1362)  frame_1_aux1_loss_ce: 0.0871 (0.0922)  frame_1_aux1_loss_giou: 0.2591 (0.2704)  frame_1_aux2_loss_bbox: 0.1220 (0.1340)  frame_1_aux2_loss_ce: 0.0593 (0.0685)  frame_1_aux2_loss_giou: 0.2497 (0.2621)  frame_1_aux3_loss_bbox: 0.1207 (0.1326)  frame_1_aux3_loss_ce: 0.0581 (0.0644)  frame_1_aux3_loss_giou: 0.2519 (0.2583)  frame_1_aux4_loss_bbox: 0.1214 (0.1320)  frame_1_aux4_loss_ce: 0.0556 (0.0637)  frame_1_aux4_loss_giou: 0.2416 (0.2551)  frame_1_loss_bbox: 0.1215 (0.1330)  frame_1_loss_ce: 0.0601 (0.0642)  frame_1_loss_features: 0.0577 (0.0655)  frame_1_loss_giou: 0.2437 (0.2570)  time: 0.8536  data: 0.0444  max mem: 7526
Epoch: [0]  [590/601]  eta: 0:00:09  lr: 0.000200  grad_norm: 98.33  loss: 5.6428 (6.0340)  frame_0_aux0_loss_bbox: 0.1219 (0.1351)  frame_0_aux0_loss_ce: 0.1469 (0.1472)  frame_0_aux0_loss_giou: 0.2853 (0.2902)  frame_0_aux1_loss_bbox: 0.1148 (0.1281)  frame_0_aux1_loss_ce: 0.1409 (0.1434)  frame_0_aux1_loss_giou: 0.2593 (0.2668)  frame_0_aux2_loss_bbox: 0.1156 (0.1274)  frame_0_aux2_loss_ce: 0.1054 (0.1125)  frame_0_aux2_loss_giou: 0.2577 (0.2616)  frame_0_aux3_loss_bbox: 0.1165 (0.1270)  frame_0_aux3_loss_ce: 0.0962 (0.1046)  frame_0_aux3_loss_giou: 0.2547 (0.2609)  frame_0_aux4_loss_bbox: 0.1192 (0.1272)  frame_0_aux4_loss_ce: 0.0945 (0.1031)  frame_0_aux4_loss_giou: 0.2535 (0.2625)  frame_0_loss_bbox: 0.1169 (0.1267)  frame_0_loss_ce: 0.0973 (0.1034)  frame_0_loss_giou: 0.2533 (0.2581)  frame_1_aux0_loss_bbox: 0.1287 (0.1487)  frame_1_aux0_loss_ce: 0.0924 (0.0977)  frame_1_aux0_loss_giou: 0.3058 (0.3133)  frame_1_aux1_loss_bbox: 0.1186 (0.1363)  frame_1_aux1_loss_ce: 0.0898 (0.0922)  frame_1_aux1_loss_giou: 0.2585 (0.2702)  frame_1_aux2_loss_bbox: 0.1207 (0.1341)  frame_1_aux2_loss_ce: 0.0609 (0.0685)  frame_1_aux2_loss_giou: 0.2501 (0.2618)  frame_1_aux3_loss_bbox: 0.1194 (0.1328)  frame_1_aux3_loss_ce: 0.0594 (0.0643)  frame_1_aux3_loss_giou: 0.2492 (0.2580)  frame_1_aux4_loss_bbox: 0.1170 (0.1322)  frame_1_aux4_loss_ce: 0.0603 (0.0637)  frame_1_aux4_loss_giou: 0.2463 (0.2549)  frame_1_loss_bbox: 0.1180 (0.1332)  frame_1_loss_ce: 0.0609 (0.0642)  frame_1_loss_features: 0.0570 (0.0654)  frame_1_loss_giou: 0.2468 (0.2568)  time: 0.8262  data: 0.0001  max mem: 7526
Epoch: [0]  [600/601]  eta: 0:00:00  lr: 0.000200  grad_norm: 43.51  loss: 5.6075 (6.0305)  frame_0_aux0_loss_bbox: 0.0998 (0.1349)  frame_0_aux0_loss_ce: 0.1469 (0.1472)  frame_0_aux0_loss_giou: 0.2815 (0.2901)  frame_0_aux1_loss_bbox: 0.0940 (0.1280)  frame_0_aux1_loss_ce: 0.1443 (0.1435)  frame_0_aux1_loss_giou: 0.2577 (0.2667)  frame_0_aux2_loss_bbox: 0.0958 (0.1273)  frame_0_aux2_loss_ce: 0.1068 (0.1125)  frame_0_aux2_loss_giou: 0.2492 (0.2614)  frame_0_aux3_loss_bbox: 0.0982 (0.1269)  frame_0_aux3_loss_ce: 0.0968 (0.1046)  frame_0_aux3_loss_giou: 0.2526 (0.2608)  frame_0_aux4_loss_bbox: 0.1012 (0.1271)  frame_0_aux4_loss_ce: 0.0910 (0.1031)  frame_0_aux4_loss_giou: 0.2492 (0.2622)  frame_0_loss_bbox: 0.0990 (0.1265)  frame_0_loss_ce: 0.0977 (0.1034)  frame_0_loss_giou: 0.2505 (0.2579)  frame_1_aux0_loss_bbox: 0.1264 (0.1487)  frame_1_aux0_loss_ce: 0.0924 (0.0976)  frame_1_aux0_loss_giou: 0.3064 (0.3133)  frame_1_aux1_loss_bbox: 0.1140 (0.1363)  frame_1_aux1_loss_ce: 0.0849 (0.0921)  frame_1_aux1_loss_giou: 0.2551 (0.2700)  frame_1_aux2_loss_bbox: 0.1143 (0.1341)  frame_1_aux2_loss_ce: 0.0620 (0.0684)  frame_1_aux2_loss_giou: 0.2470 (0.2616)  frame_1_aux3_loss_bbox: 0.1137 (0.1328)  frame_1_aux3_loss_ce: 0.0595 (0.0642)  frame_1_aux3_loss_giou: 0.2466 (0.2578)  frame_1_aux4_loss_bbox: 0.1120 (0.1322)  frame_1_aux4_loss_ce: 0.0606 (0.0636)  frame_1_aux4_loss_giou: 0.2445 (0.2547)  frame_1_loss_bbox: 0.1140 (0.1332)  frame_1_loss_ce: 0.0609 (0.0641)  frame_1_loss_features: 0.0579 (0.0653)  frame_1_loss_giou: 0.2468 (0.2567)  time: 0.8265  data: 0.0001  max mem: 7526
Epoch: [0] Total time: 0:08:35 (0.8579 s / it)
Averaged stats: lr: 0.000200  grad_norm: 43.51  loss: 5.6075 (6.0305)  frame_0_aux0_loss_bbox: 0.0998 (0.1349)  frame_0_aux0_loss_ce: 0.1469 (0.1472)  frame_0_aux0_loss_giou: 0.2815 (0.2901)  frame_0_aux1_loss_bbox: 0.0940 (0.1280)  frame_0_aux1_loss_ce: 0.1443 (0.1435)  frame_0_aux1_loss_giou: 0.2577 (0.2667)  frame_0_aux2_loss_bbox: 0.0958 (0.1273)  frame_0_aux2_loss_ce: 0.1068 (0.1125)  frame_0_aux2_loss_giou: 0.2492 (0.2614)  frame_0_aux3_loss_bbox: 0.0982 (0.1269)  frame_0_aux3_loss_ce: 0.0968 (0.1046)  frame_0_aux3_loss_giou: 0.2526 (0.2608)  frame_0_aux4_loss_bbox: 0.1012 (0.1271)  frame_0_aux4_loss_ce: 0.0910 (0.1031)  frame_0_aux4_loss_giou: 0.2492 (0.2622)  frame_0_loss_bbox: 0.0990 (0.1265)  frame_0_loss_ce: 0.0977 (0.1034)  frame_0_loss_giou: 0.2505 (0.2579)  frame_1_aux0_loss_bbox: 0.1264 (0.1487)  frame_1_aux0_loss_ce: 0.0924 (0.0976)  frame_1_aux0_loss_giou: 0.3064 (0.3133)  frame_1_aux1_loss_bbox: 0.1140 (0.1363)  frame_1_aux1_loss_ce: 0.0849 (0.0921)  frame_1_aux1_loss_giou: 0.2551 (0.2700)  frame_1_aux2_loss_bbox: 0.1143 (0.1341)  frame_1_aux2_loss_ce: 0.0620 (0.0684)  frame_1_aux2_loss_giou: 0.2470 (0.2616)  frame_1_aux3_loss_bbox: 0.1137 (0.1328)  frame_1_aux3_loss_ce: 0.0595 (0.0642)  frame_1_aux3_loss_giou: 0.2466 (0.2578)  frame_1_aux4_loss_bbox: 0.1120 (0.1322)  frame_1_aux4_loss_ce: 0.0606 (0.0636)  frame_1_aux4_loss_giou: 0.2445 (0.2547)  frame_1_loss_bbox: 0.1140 (0.1332)  frame_1_loss_ce: 0.0609 (0.0641)  frame_1_loss_features: 0.0579 (0.0653)  frame_1_loss_giou: 0.2468 (0.2567)
Dataset: epoch 0 finishes
set epoch: epoch 1 period_idx=0
Dataset: epoch 0 finishes
set epoch: epoch 1 period_idx=0
Epoch: [1]  [  0/601]  eta: 0:15:41  lr: 0.000200  grad_norm: 55.68  loss: 4.9853 (4.9853)  frame_0_aux0_loss_bbox: 0.0681 (0.0681)  frame_0_aux0_loss_ce: 0.1343 (0.1343)  frame_0_aux0_loss_giou: 0.2915 (0.2915)  frame_0_aux1_loss_bbox: 0.0643 (0.0643)  frame_0_aux1_loss_ce: 0.1333 (0.1333)  frame_0_aux1_loss_giou: 0.2664 (0.2664)  frame_0_aux2_loss_bbox: 0.0689 (0.0689)  frame_0_aux2_loss_ce: 0.0867 (0.0867)  frame_0_aux2_loss_giou: 0.2574 (0.2574)  frame_0_aux3_loss_bbox: 0.0668 (0.0668)  frame_0_aux3_loss_ce: 0.0787 (0.0787)  frame_0_aux3_loss_giou: 0.2376 (0.2376)  frame_0_aux4_loss_bbox: 0.0643 (0.0643)  frame_0_aux4_loss_ce: 0.0833 (0.0833)  frame_0_aux4_loss_giou: 0.2314 (0.2314)  frame_0_loss_bbox: 0.0679 (0.0679)  frame_0_loss_ce: 0.0764 (0.0764)  frame_0_loss_giou: 0.2422 (0.2422)  frame_1_aux0_loss_bbox: 0.0718 (0.0718)  frame_1_aux0_loss_ce: 0.1057 (0.1057)  frame_1_aux0_loss_giou: 0.3646 (0.3646)  frame_1_aux1_loss_bbox: 0.0557 (0.0557)  frame_1_aux1_loss_ce: 0.0933 (0.0933)  frame_1_aux1_loss_giou: 0.2737 (0.2737)  frame_1_aux2_loss_bbox: 0.0541 (0.0541)  frame_1_aux2_loss_ce: 0.0565 (0.0565)  frame_1_aux2_loss_giou: 0.2578 (0.2578)  frame_1_aux3_loss_bbox: 0.0523 (0.0523)  frame_1_aux3_loss_ce: 0.0576 (0.0576)  frame_1_aux3_loss_giou: 0.2420 (0.2420)  frame_1_aux4_loss_bbox: 0.0520 (0.0520)  frame_1_aux4_loss_ce: 0.0543 (0.0543)  frame_1_aux4_loss_giou: 0.2396 (0.2396)  frame_1_loss_bbox: 0.0549 (0.0549)  frame_1_loss_ce: 0.0546 (0.0546)  frame_1_loss_features: 0.0838 (0.0838)  frame_1_loss_giou: 0.2418 (0.2418)  time: 1.5661  data: 0.7727  max mem: 7526
Epoch: [1]  [ 10/601]  eta: 0:09:00  lr: 0.000200  grad_norm: 82.94  loss: 5.5682 (5.4064)  frame_0_aux0_loss_bbox: 0.0969 (0.1067)  frame_0_aux0_loss_ce: 0.1343 (0.1348)  frame_0_aux0_loss_giou: 0.2729 (0.2705)  frame_0_aux1_loss_bbox: 0.0934 (0.1025)  frame_0_aux1_loss_ce: 0.1308 (0.1301)  frame_0_aux1_loss_giou: 0.2541 (0.2489)  frame_0_aux2_loss_bbox: 0.0952 (0.1031)  frame_0_aux2_loss_ce: 0.0867 (0.0945)  frame_0_aux2_loss_giou: 0.2550 (0.2471)  frame_0_aux3_loss_bbox: 0.0980 (0.1052)  frame_0_aux3_loss_ce: 0.0794 (0.0841)  frame_0_aux3_loss_giou: 0.2440 (0.2414)  frame_0_aux4_loss_bbox: 0.0944 (0.1043)  frame_0_aux4_loss_ce: 0.0833 (0.0823)  frame_0_aux4_loss_giou: 0.2459 (0.2389)  frame_0_loss_bbox: 0.0894 (0.1025)  frame_0_loss_ce: 0.0768 (0.0821)  frame_0_loss_giou: 0.2422 (0.2390)  frame_1_aux0_loss_bbox: 0.1146 (0.1236)  frame_1_aux0_loss_ce: 0.0921 (0.0948)  frame_1_aux0_loss_giou: 0.3270 (0.3131)  frame_1_aux1_loss_bbox: 0.0990 (0.1116)  frame_1_aux1_loss_ce: 0.0932 (0.0887)  frame_1_aux1_loss_giou: 0.2596 (0.2602)  frame_1_aux2_loss_bbox: 0.0945 (0.1103)  frame_1_aux2_loss_ce: 0.0565 (0.0597)  frame_1_aux2_loss_giou: 0.2562 (0.2514)  frame_1_aux3_loss_bbox: 0.0920 (0.1080)  frame_1_aux3_loss_ce: 0.0572 (0.0549)  frame_1_aux3_loss_giou: 0.2435 (0.2422)  frame_1_aux4_loss_bbox: 0.0911 (0.1072)  frame_1_aux4_loss_ce: 0.0543 (0.0537)  frame_1_aux4_loss_giou: 0.2400 (0.2395)  frame_1_loss_bbox: 0.0912 (0.1085)  frame_1_loss_ce: 0.0546 (0.0533)  frame_1_loss_features: 0.0695 (0.0659)  frame_1_loss_giou: 0.2425 (0.2423)  time: 0.9148  data: 0.0704  max mem: 7526
Epoch: [1]  [ 20/601]  eta: 0:08:04  lr: 0.000200  grad_norm: 1506.19  loss: 5.5666 (5.5341)  frame_0_aux0_loss_bbox: 0.1071 (0.1136)  frame_0_aux0_loss_ce: 0.1352 (0.1366)  frame_0_aux0_loss_giou: 0.2651 (0.2744)  frame_0_aux1_loss_bbox: 0.1049 (0.1088)  frame_0_aux1_loss_ce: 0.1317 (0.1339)  frame_0_aux1_loss_giou: 0.2443 (0.2544)  frame_0_aux2_loss_bbox: 0.1008 (0.1085)  frame_0_aux2_loss_ce: 0.0960 (0.0991)  frame_0_aux2_loss_giou: 0.2426 (0.2491)  frame_0_aux3_loss_bbox: 0.1031 (0.1100)  frame_0_aux3_loss_ce: 0.0904 (0.0895)  frame_0_aux3_loss_giou: 0.2440 (0.2462)  frame_0_aux4_loss_bbox: 0.1048 (0.1090)  frame_0_aux4_loss_ce: 0.0884 (0.0885)  frame_0_aux4_loss_giou: 0.2459 (0.2440)  frame_0_loss_bbox: 0.1040 (0.1083)  frame_0_loss_ce: 0.0870 (0.0890)  frame_0_loss_giou: 0.2403 (0.2438)  frame_1_aux0_loss_bbox: 0.1235 (0.1291)  frame_1_aux0_loss_ce: 0.0921 (0.0966)  frame_1_aux0_loss_giou: 0.2833 (0.3069)  frame_1_aux1_loss_bbox: 0.1111 (0.1175)  frame_1_aux1_loss_ce: 0.0872 (0.0888)  frame_1_aux1_loss_giou: 0.2516 (0.2595)  frame_1_aux2_loss_bbox: 0.1065 (0.1151)  frame_1_aux2_loss_ce: 0.0567 (0.0629)  frame_1_aux2_loss_giou: 0.2434 (0.2491)  frame_1_aux3_loss_bbox: 0.1030 (0.1128)  frame_1_aux3_loss_ce: 0.0537 (0.0580)  frame_1_aux3_loss_giou: 0.2435 (0.2420)  frame_1_aux4_loss_bbox: 0.1034 (0.1120)  frame_1_aux4_loss_ce: 0.0540 (0.0567)  frame_1_aux4_loss_giou: 0.2400 (0.2398)  frame_1_loss_bbox: 0.1043 (0.1133)  frame_1_loss_ce: 0.0546 (0.0571)  frame_1_loss_features: 0.0689 (0.0669)  frame_1_loss_giou: 0.2425 (0.2435)  time: 0.7980  data: 0.0001  max mem: 7526
Epoch: [1]  [ 30/601]  eta: 0:08:02  lr: 0.000200  grad_norm: 41.64  loss: 5.5535 (5.8721)  frame_0_aux0_loss_bbox: 0.1289 (0.1374)  frame_0_aux0_loss_ce: 0.1455 (0.1424)  frame_0_aux0_loss_giou: 0.2700 (0.2847)  frame_0_aux1_loss_bbox: 0.1232 (0.1322)  frame_0_aux1_loss_ce: 0.1433 (0.1388)  frame_0_aux1_loss_giou: 0.2605 (0.2658)  frame_0_aux2_loss_bbox: 0.1223 (0.1303)  frame_0_aux2_loss_ce: 0.1059 (0.1064)  frame_0_aux2_loss_giou: 0.2548 (0.2600)  frame_0_aux3_loss_bbox: 0.1195 (0.1308)  frame_0_aux3_loss_ce: 0.1003 (0.0979)  frame_0_aux3_loss_giou: 0.2530 (0.2571)  frame_0_aux4_loss_bbox: 0.1180 (0.1305)  frame_0_aux4_loss_ce: 0.1014 (0.0961)  frame_0_aux4_loss_giou: 0.2540 (0.2567)  frame_0_loss_bbox: 0.1185 (0.1310)  frame_0_loss_ce: 0.1010 (0.0968)  frame_0_loss_giou: 0.2575 (0.2578)  frame_1_aux0_loss_bbox: 0.1333 (0.1352)  frame_1_aux0_loss_ce: 0.0927 (0.0968)  frame_1_aux0_loss_giou: 0.2905 (0.3105)  frame_1_aux1_loss_bbox: 0.1262 (0.1233)  frame_1_aux1_loss_ce: 0.0849 (0.0899)  frame_1_aux1_loss_giou: 0.2594 (0.2676)  frame_1_aux2_loss_bbox: 0.1231 (0.1210)  frame_1_aux2_loss_ce: 0.0607 (0.0653)  frame_1_aux2_loss_giou: 0.2498 (0.2579)  frame_1_aux3_loss_bbox: 0.1219 (0.1188)  frame_1_aux3_loss_ce: 0.0585 (0.0605)  frame_1_aux3_loss_giou: 0.2401 (0.2506)  frame_1_aux4_loss_bbox: 0.1199 (0.1178)  frame_1_aux4_loss_ce: 0.0602 (0.0591)  frame_1_aux4_loss_giou: 0.2389 (0.2485)  frame_1_loss_bbox: 0.1231 (0.1201)  frame_1_loss_ce: 0.0608 (0.0600)  frame_1_loss_features: 0.0626 (0.0636)  frame_1_loss_giou: 0.2483 (0.2531)  time: 0.8061  data: 0.0001  max mem: 7526
Epoch: [1]  [ 40/601]  eta: 0:07:40  lr: 0.000200  grad_norm: 36.66  loss: 5.6684 (5.8208)  frame_0_aux0_loss_bbox: 0.1175 (0.1328)  frame_0_aux0_loss_ce: 0.1455 (0.1426)  frame_0_aux0_loss_giou: 0.2809 (0.2821)  frame_0_aux1_loss_bbox: 0.1139 (0.1282)  frame_0_aux1_loss_ce: 0.1363 (0.1384)  frame_0_aux1_loss_giou: 0.2627 (0.2624)  frame_0_aux2_loss_bbox: 0.1091 (0.1264)  frame_0_aux2_loss_ce: 0.1088 (0.1071)  frame_0_aux2_loss_giou: 0.2528 (0.2563)  frame_0_aux3_loss_bbox: 0.1079 (0.1263)  frame_0_aux3_loss_ce: 0.1078 (0.0998)  frame_0_aux3_loss_giou: 0.2530 (0.2530)  frame_0_aux4_loss_bbox: 0.1078 (0.1266)  frame_0_aux4_loss_ce: 0.1058 (0.0979)  frame_0_aux4_loss_giou: 0.2588 (0.2542)  frame_0_loss_bbox: 0.1150 (0.1271)  frame_0_loss_ce: 0.1072 (0.0989)  frame_0_loss_giou: 0.2575 (0.2548)  frame_1_aux0_loss_bbox: 0.1333 (0.1351)  frame_1_aux0_loss_ce: 0.0877 (0.0962)  frame_1_aux0_loss_giou: 0.2905 (0.3074)  frame_1_aux1_loss_bbox: 0.1201 (0.1226)  frame_1_aux1_loss_ce: 0.0845 (0.0896)  frame_1_aux1_loss_giou: 0.2668 (0.2632)  frame_1_aux2_loss_bbox: 0.1180 (0.1201)  frame_1_aux2_loss_ce: 0.0612 (0.0653)  frame_1_aux2_loss_giou: 0.2592 (0.2549)  frame_1_aux3_loss_bbox: 0.1154 (0.1183)  frame_1_aux3_loss_ce: 0.0585 (0.0612)  frame_1_aux3_loss_giou: 0.2576 (0.2489)  frame_1_aux4_loss_bbox: 0.1137 (0.1180)  frame_1_aux4_loss_ce: 0.0602 (0.0601)  frame_1_aux4_loss_giou: 0.2555 (0.2474)  frame_1_loss_bbox: 0.1213 (0.1204)  frame_1_loss_ce: 0.0608 (0.0610)  frame_1_loss_features: 0.0605 (0.0639)  frame_1_loss_giou: 0.2598 (0.2520)  time: 0.8059  data: 0.0001  max mem: 7526
Epoch: [1]  [ 50/601]  eta: 0:07:26  lr: 0.000200  grad_norm: 50.85  loss: 5.4732 (5.7381)  frame_0_aux0_loss_bbox: 0.0996 (0.1282)  frame_0_aux0_loss_ce: 0.1309 (0.1400)  frame_0_aux0_loss_giou: 0.2698 (0.2822)  frame_0_aux1_loss_bbox: 0.0914 (0.1231)  frame_0_aux1_loss_ce: 0.1231 (0.1359)  frame_0_aux1_loss_giou: 0.2437 (0.2606)  frame_0_aux2_loss_bbox: 0.0914 (0.1215)  frame_0_aux2_loss_ce: 0.0966 (0.1037)  frame_0_aux2_loss_giou: 0.2289 (0.2538)  frame_0_aux3_loss_bbox: 0.0972 (0.1217)  frame_0_aux3_loss_ce: 0.0935 (0.0960)  frame_0_aux3_loss_giou: 0.2338 (0.2515)  frame_0_aux4_loss_bbox: 0.0964 (0.1218)  frame_0_aux4_loss_ce: 0.0918 (0.0941)  frame_0_aux4_loss_giou: 0.2338 (0.2525)  frame_0_loss_bbox: 0.0961 (0.1224)  frame_0_loss_ce: 0.0919 (0.0951)  frame_0_loss_giou: 0.2277 (0.2529)  frame_1_aux0_loss_bbox: 0.1074 (0.1325)  frame_1_aux0_loss_ce: 0.0915 (0.0948)  frame_1_aux0_loss_giou: 0.2929 (0.3089)  frame_1_aux1_loss_bbox: 0.0961 (0.1199)  frame_1_aux1_loss_ce: 0.0827 (0.0882)  frame_1_aux1_loss_giou: 0.2533 (0.2639)  frame_1_aux2_loss_bbox: 0.0950 (0.1176)  frame_1_aux2_loss_ce: 0.0612 (0.0632)  frame_1_aux2_loss_giou: 0.2381 (0.2545)  frame_1_aux3_loss_bbox: 0.0897 (0.1159)  frame_1_aux3_loss_ce: 0.0527 (0.0591)  frame_1_aux3_loss_giou: 0.2369 (0.2485)  frame_1_aux4_loss_bbox: 0.0928 (0.1157)  frame_1_aux4_loss_ce: 0.0521 (0.0581)  frame_1_aux4_loss_giou: 0.2328 (0.2472)  frame_1_loss_bbox: 0.0964 (0.1184)  frame_1_loss_ce: 0.0525 (0.0587)  frame_1_loss_features: 0.0620 (0.0637)  frame_1_loss_giou: 0.2475 (0.2526)  time: 0.7556  data: 0.0001  max mem: 7526
Epoch: [1]  [ 60/601]  eta: 0:07:23  lr: 0.000200  grad_norm: 47.60  loss: 5.4732 (5.8132)  frame_0_aux0_loss_bbox: 0.1009 (0.1299)  frame_0_aux0_loss_ce: 0.1251 (0.1395)  frame_0_aux0_loss_giou: 0.2580 (0.2850)  frame_0_aux1_loss_bbox: 0.0982 (0.1253)  frame_0_aux1_loss_ce: 0.1231 (0.1356)  frame_0_aux1_loss_giou: 0.2494 (0.2644)  frame_0_aux2_loss_bbox: 0.0979 (0.1239)  frame_0_aux2_loss_ce: 0.0865 (0.1024)  frame_0_aux2_loss_giou: 0.2395 (0.2581)  frame_0_aux3_loss_bbox: 0.0974 (0.1237)  frame_0_aux3_loss_ce: 0.0837 (0.0949)  frame_0_aux3_loss_giou: 0.2343 (0.2557)  frame_0_aux4_loss_bbox: 0.0981 (0.1238)  frame_0_aux4_loss_ce: 0.0830 (0.0929)  frame_0_aux4_loss_giou: 0.2365 (0.2557)  frame_0_loss_bbox: 0.0975 (0.1244)  frame_0_loss_ce: 0.0852 (0.0937)  frame_0_loss_giou: 0.2368 (0.2565)  frame_1_aux0_loss_bbox: 0.1064 (0.1359)  frame_1_aux0_loss_ce: 0.0936 (0.0959)  frame_1_aux0_loss_giou: 0.2929 (0.3112)  frame_1_aux1_loss_bbox: 0.0923 (0.1240)  frame_1_aux1_loss_ce: 0.0869 (0.0897)  frame_1_aux1_loss_giou: 0.2533 (0.2673)  frame_1_aux2_loss_bbox: 0.0950 (0.1220)  frame_1_aux2_loss_ce: 0.0564 (0.0643)  frame_1_aux2_loss_giou: 0.2381 (0.2572)  frame_1_aux3_loss_bbox: 0.0931 (0.1201)  frame_1_aux3_loss_ce: 0.0520 (0.0602)  frame_1_aux3_loss_giou: 0.2369 (0.2511)  frame_1_aux4_loss_bbox: 0.0909 (0.1197)  frame_1_aux4_loss_ce: 0.0493 (0.0591)  frame_1_aux4_loss_giou: 0.2338 (0.2495)  frame_1_loss_bbox: 0.0906 (0.1221)  frame_1_loss_ce: 0.0515 (0.0597)  frame_1_loss_features: 0.0643 (0.0641)  frame_1_loss_giou: 0.2445 (0.2544)  time: 0.8180  data: 0.0001  max mem: 7526
Epoch: [1]  [ 70/601]  eta: 0:07:11  lr: 0.000200  grad_norm: 175.04  loss: 5.6779 (5.8208)  frame_0_aux0_loss_bbox: 0.1009 (0.1304)  frame_0_aux0_loss_ce: 0.1470 (0.1407)  frame_0_aux0_loss_giou: 0.2580 (0.2825)  frame_0_aux1_loss_bbox: 0.1045 (0.1265)  frame_0_aux1_loss_ce: 0.1373 (0.1364)  frame_0_aux1_loss_giou: 0.2494 (0.2634)  frame_0_aux2_loss_bbox: 0.1004 (0.1249)  frame_0_aux2_loss_ce: 0.1005 (0.1029)  frame_0_aux2_loss_giou: 0.2527 (0.2566)  frame_0_aux3_loss_bbox: 0.0968 (0.1246)  frame_0_aux3_loss_ce: 0.0942 (0.0956)  frame_0_aux3_loss_giou: 0.2396 (0.2538)  frame_0_aux4_loss_bbox: 0.1002 (0.1247)  frame_0_aux4_loss_ce: 0.0867 (0.0936)  frame_0_aux4_loss_giou: 0.2439 (0.2538)  frame_0_loss_bbox: 0.0999 (0.1250)  frame_0_loss_ce: 0.0871 (0.0945)  frame_0_loss_giou: 0.2423 (0.2546)  frame_1_aux0_loss_bbox: 0.1100 (0.1381)  frame_1_aux0_loss_ce: 0.0936 (0.0956)  frame_1_aux0_loss_giou: 0.2975 (0.3086)  frame_1_aux1_loss_bbox: 0.1045 (0.1271)  frame_1_aux1_loss_ce: 0.0889 (0.0895)  frame_1_aux1_loss_giou: 0.2663 (0.2665)  frame_1_aux2_loss_bbox: 0.1035 (0.1250)  frame_1_aux2_loss_ce: 0.0627 (0.0641)  frame_1_aux2_loss_giou: 0.2521 (0.2563)  frame_1_aux3_loss_bbox: 0.1009 (0.1232)  frame_1_aux3_loss_ce: 0.0595 (0.0603)  frame_1_aux3_loss_giou: 0.2457 (0.2501)  frame_1_aux4_loss_bbox: 0.1016 (0.1228)  frame_1_aux4_loss_ce: 0.0566 (0.0594)  frame_1_aux4_loss_giou: 0.2408 (0.2485)  frame_1_loss_bbox: 0.1010 (0.1250)  frame_1_loss_ce: 0.0592 (0.0599)  frame_1_loss_features: 0.0636 (0.0636)  frame_1_loss_giou: 0.2436 (0.2529)  time: 0.8202  data: 0.0001  max mem: 7526
Epoch: [1]  [ 80/601]  eta: 0:07:03  lr: 0.000200  grad_norm: 87.98  loss: 5.7308 (5.9081)  frame_0_aux0_loss_bbox: 0.1122 (0.1343)  frame_0_aux0_loss_ce: 0.1493 (0.1438)  frame_0_aux0_loss_giou: 0.2797 (0.2831)  frame_0_aux1_loss_bbox: 0.1096 (0.1302)  frame_0_aux1_loss_ce: 0.1433 (0.1394)  frame_0_aux1_loss_giou: 0.2554 (0.2640)  frame_0_aux2_loss_bbox: 0.1078 (0.1288)  frame_0_aux2_loss_ce: 0.1130 (0.1058)  frame_0_aux2_loss_giou: 0.2529 (0.2577)  frame_0_aux3_loss_bbox: 0.1056 (0.1281)  frame_0_aux3_loss_ce: 0.1078 (0.0988)  frame_0_aux3_loss_giou: 0.2396 (0.2549)  frame_0_aux4_loss_bbox: 0.1062 (0.1285)  frame_0_aux4_loss_ce: 0.1062 (0.0966)  frame_0_aux4_loss_giou: 0.2482 (0.2550)  frame_0_loss_bbox: 0.1056 (0.1288)  frame_0_loss_ce: 0.1086 (0.0974)  frame_0_loss_giou: 0.2428 (0.2558)  frame_1_aux0_loss_bbox: 0.1251 (0.1431)  frame_1_aux0_loss_ce: 0.0934 (0.0966)  frame_1_aux0_loss_giou: 0.3084 (0.3087)  frame_1_aux1_loss_bbox: 0.1187 (0.1319)  frame_1_aux1_loss_ce: 0.0896 (0.0908)  frame_1_aux1_loss_giou: 0.2662 (0.2669)  frame_1_aux2_loss_bbox: 0.1239 (0.1298)  frame_1_aux2_loss_ce: 0.0627 (0.0654)  frame_1_aux2_loss_giou: 0.2527 (0.2570)  frame_1_aux3_loss_bbox: 0.1193 (0.1279)  frame_1_aux3_loss_ce: 0.0595 (0.0616)  frame_1_aux3_loss_giou: 0.2494 (0.2511)  frame_1_aux4_loss_bbox: 0.1219 (0.1277)  frame_1_aux4_loss_ce: 0.0606 (0.0608)  frame_1_aux4_loss_giou: 0.2509 (0.2497)  frame_1_loss_bbox: 0.1213 (0.1298)  frame_1_loss_ce: 0.0592 (0.0614)  frame_1_loss_features: 0.0589 (0.0630)  frame_1_loss_giou: 0.2514 (0.2538)  time: 0.7922  data: 0.0001  max mem: 7526
Epoch: [1]  [ 90/601]  eta: 0:06:51  lr: 0.000200  grad_norm: 40.70  loss: 6.2734 (5.9460)  frame_0_aux0_loss_bbox: 0.1208 (0.1337)  frame_0_aux0_loss_ce: 0.1536 (0.1450)  frame_0_aux0_loss_giou: 0.2825 (0.2857)  frame_0_aux1_loss_bbox: 0.1161 (0.1293)  frame_0_aux1_loss_ce: 0.1433 (0.1405)  frame_0_aux1_loss_giou: 0.2675 (0.2656)  frame_0_aux2_loss_bbox: 0.1180 (0.1278)  frame_0_aux2_loss_ce: 0.1104 (0.1073)  frame_0_aux2_loss_giou: 0.2618 (0.2596)  frame_0_aux3_loss_bbox: 0.1184 (0.1274)  frame_0_aux3_loss_ce: 0.1078 (0.1001)  frame_0_aux3_loss_giou: 0.2585 (0.2572)  frame_0_aux4_loss_bbox: 0.1246 (0.1284)  frame_0_aux4_loss_ce: 0.1050 (0.0981)  frame_0_aux4_loss_giou: 0.2693 (0.2579)  frame_0_loss_bbox: 0.1255 (0.1288)  frame_0_loss_ce: 0.1044 (0.0988)  frame_0_loss_giou: 0.2595 (0.2590)  frame_1_aux0_loss_bbox: 0.1466 (0.1433)  frame_1_aux0_loss_ce: 0.0955 (0.0969)  frame_1_aux0_loss_giou: 0.3227 (0.3126)  frame_1_aux1_loss_bbox: 0.1384 (0.1319)  frame_1_aux1_loss_ce: 0.0923 (0.0913)  frame_1_aux1_loss_giou: 0.2761 (0.2691)  frame_1_aux2_loss_bbox: 0.1312 (0.1297)  frame_1_aux2_loss_ce: 0.0692 (0.0664)  frame_1_aux2_loss_giou: 0.2565 (0.2590)  frame_1_aux3_loss_bbox: 0.1269 (0.1276)  frame_1_aux3_loss_ce: 0.0738 (0.0627)  frame_1_aux3_loss_giou: 0.2533 (0.2529)  frame_1_aux4_loss_bbox: 0.1284 (0.1276)  frame_1_aux4_loss_ce: 0.0735 (0.0620)  frame_1_aux4_loss_giou: 0.2594 (0.2518)  frame_1_loss_bbox: 0.1297 (0.1297)  frame_1_loss_ce: 0.0715 (0.0625)  frame_1_loss_features: 0.0593 (0.0630)  frame_1_loss_giou: 0.2548 (0.2560)  time: 0.7793  data: 0.0001  max mem: 7526
Epoch: [1]  [100/601]  eta: 0:06:44  lr: 0.000200  grad_norm: 92.44  loss: 6.0992 (5.9517)  frame_0_aux0_loss_bbox: 0.1208 (0.1341)  frame_0_aux0_loss_ce: 0.1448 (0.1459)  frame_0_aux0_loss_giou: 0.2746 (0.2846)  frame_0_aux1_loss_bbox: 0.1228 (0.1297)  frame_0_aux1_loss_ce: 0.1375 (0.1414)  frame_0_aux1_loss_giou: 0.2442 (0.2644)  frame_0_aux2_loss_bbox: 0.1217 (0.1285)  frame_0_aux2_loss_ce: 0.1064 (0.1082)  frame_0_aux2_loss_giou: 0.2372 (0.2584)  frame_0_aux3_loss_bbox: 0.1230 (0.1284)  frame_0_aux3_loss_ce: 0.1008 (0.1009)  frame_0_aux3_loss_giou: 0.2493 (0.2566)  frame_0_aux4_loss_bbox: 0.1374 (0.1301)  frame_0_aux4_loss_ce: 0.0996 (0.0991)  frame_0_aux4_loss_giou: 0.2502 (0.2575)  frame_0_loss_bbox: 0.1313 (0.1298)  frame_0_loss_ce: 0.1005 (0.0998)  frame_0_loss_giou: 0.2423 (0.2575)  frame_1_aux0_loss_bbox: 0.1457 (0.1442)  frame_1_aux0_loss_ce: 0.0955 (0.0971)  frame_1_aux0_loss_giou: 0.3195 (0.3117)  frame_1_aux1_loss_bbox: 0.1352 (0.1325)  frame_1_aux1_loss_ce: 0.0966 (0.0919)  frame_1_aux1_loss_giou: 0.2705 (0.2678)  frame_1_aux2_loss_bbox: 0.1302 (0.1304)  frame_1_aux2_loss_ce: 0.0679 (0.0669)  frame_1_aux2_loss_giou: 0.2554 (0.2577)  frame_1_aux3_loss_bbox: 0.1241 (0.1283)  frame_1_aux3_loss_ce: 0.0624 (0.0633)  frame_1_aux3_loss_giou: 0.2440 (0.2522)  frame_1_aux4_loss_bbox: 0.1244 (0.1283)  frame_1_aux4_loss_ce: 0.0595 (0.0626)  frame_1_aux4_loss_giou: 0.2490 (0.2511)  frame_1_loss_bbox: 0.1249 (0.1303)  frame_1_loss_ce: 0.0606 (0.0631)  frame_1_loss_features: 0.0594 (0.0628)  frame_1_loss_giou: 0.2517 (0.2547)  time: 0.7840  data: 0.0001  max mem: 7526
Epoch: [1]  [110/601]  eta: 0:06:38  lr: 0.000200  grad_norm: 72.86  loss: 5.9514 (5.9540)  frame_0_aux0_loss_bbox: 0.1322 (0.1332)  frame_0_aux0_loss_ce: 0.1549 (0.1468)  frame_0_aux0_loss_giou: 0.2852 (0.2860)  frame_0_aux1_loss_bbox: 0.1266 (0.1289)  frame_0_aux1_loss_ce: 0.1460 (0.1422)  frame_0_aux1_loss_giou: 0.2686 (0.2653)  frame_0_aux2_loss_bbox: 0.1272 (0.1277)  frame_0_aux2_loss_ce: 0.1204 (0.1091)  frame_0_aux2_loss_giou: 0.2606 (0.2595)  frame_0_aux3_loss_bbox: 0.1258 (0.1275)  frame_0_aux3_loss_ce: 0.1039 (0.1016)  frame_0_aux3_loss_giou: 0.2579 (0.2580)  frame_0_aux4_loss_bbox: 0.1309 (0.1293)  frame_0_aux4_loss_ce: 0.1056 (0.1000)  frame_0_aux4_loss_giou: 0.2694 (0.2591)  frame_0_loss_bbox: 0.1307 (0.1287)  frame_0_loss_ce: 0.1105 (0.1007)  frame_0_loss_giou: 0.2576 (0.2581)  frame_1_aux0_loss_bbox: 0.1317 (0.1429)  frame_1_aux0_loss_ce: 0.0939 (0.0969)  frame_1_aux0_loss_giou: 0.3085 (0.3115)  frame_1_aux1_loss_bbox: 0.1221 (0.1315)  frame_1_aux1_loss_ce: 0.0910 (0.0914)  frame_1_aux1_loss_giou: 0.2696 (0.2683)  frame_1_aux2_loss_bbox: 0.1242 (0.1294)  frame_1_aux2_loss_ce: 0.0624 (0.0668)  frame_1_aux2_loss_giou: 0.2554 (0.2582)  frame_1_aux3_loss_bbox: 0.1234 (0.1274)  frame_1_aux3_loss_ce: 0.0559 (0.0631)  frame_1_aux3_loss_giou: 0.2543 (0.2530)  frame_1_aux4_loss_bbox: 0.1244 (0.1273)  frame_1_aux4_loss_ce: 0.0558 (0.0625)  frame_1_aux4_loss_giou: 0.2528 (0.2518)  frame_1_loss_bbox: 0.1238 (0.1292)  frame_1_loss_ce: 0.0580 (0.0629)  frame_1_loss_features: 0.0656 (0.0630)  frame_1_loss_giou: 0.2535 (0.2551)  time: 0.8446  data: 0.0001  max mem: 7526
Epoch: [1]  [120/601]  eta: 0:06:28  lr: 0.000200  grad_norm: 97.38  loss: 5.9864 (6.0292)  frame_0_aux0_loss_bbox: 0.1308 (0.1349)  frame_0_aux0_loss_ce: 0.1549 (0.1483)  frame_0_aux0_loss_giou: 0.2892 (0.2879)  frame_0_aux1_loss_bbox: 0.1266 (0.1306)  frame_0_aux1_loss_ce: 0.1510 (0.1441)  frame_0_aux1_loss_giou: 0.2745 (0.2675)  frame_0_aux2_loss_bbox: 0.1303 (0.1294)  frame_0_aux2_loss_ce: 0.1204 (0.1111)  frame_0_aux2_loss_giou: 0.2713 (0.2616)  frame_0_aux3_loss_bbox: 0.1258 (0.1294)  frame_0_aux3_loss_ce: 0.1096 (0.1037)  frame_0_aux3_loss_giou: 0.2644 (0.2603)  frame_0_aux4_loss_bbox: 0.1243 (0.1310)  frame_0_aux4_loss_ce: 0.1075 (0.1022)  frame_0_aux4_loss_giou: 0.2721 (0.2616)  frame_0_loss_bbox: 0.1245 (0.1303)  frame_0_loss_ce: 0.1105 (0.1029)  frame_0_loss_giou: 0.2634 (0.2606)  frame_1_aux0_loss_bbox: 0.1445 (0.1455)  frame_1_aux0_loss_ce: 0.1014 (0.0987)  frame_1_aux0_loss_giou: 0.3085 (0.3136)  frame_1_aux1_loss_bbox: 0.1346 (0.1341)  frame_1_aux1_loss_ce: 0.0923 (0.0931)  frame_1_aux1_loss_giou: 0.2696 (0.2705)  frame_1_aux2_loss_bbox: 0.1248 (0.1318)  frame_1_aux2_loss_ce: 0.0681 (0.0685)  frame_1_aux2_loss_giou: 0.2591 (0.2605)  frame_1_aux3_loss_bbox: 0.1281 (0.1300)  frame_1_aux3_loss_ce: 0.0634 (0.0646)  frame_1_aux3_loss_giou: 0.2549 (0.2556)  frame_1_aux4_loss_bbox: 0.1258 (0.1298)  frame_1_aux4_loss_ce: 0.0625 (0.0640)  frame_1_aux4_loss_giou: 0.2528 (0.2545)  frame_1_loss_bbox: 0.1254 (0.1316)  frame_1_loss_ce: 0.0644 (0.0646)  frame_1_loss_features: 0.0701 (0.0633)  frame_1_loss_giou: 0.2542 (0.2577)  time: 0.8137  data: 0.0001  max mem: 7526
Epoch: [1]  [130/601]  eta: 0:06:18  lr: 0.000200  grad_norm: 122.67  loss: 6.3718 (6.0970)  frame_0_aux0_loss_bbox: 0.1226 (0.1360)  frame_0_aux0_loss_ce: 0.1584 (0.1509)  frame_0_aux0_loss_giou: 0.2737 (0.2893)  frame_0_aux1_loss_bbox: 0.1259 (0.1317)  frame_0_aux1_loss_ce: 0.1532 (0.1467)  frame_0_aux1_loss_giou: 0.2556 (0.2692)  frame_0_aux2_loss_bbox: 0.1196 (0.1303)  frame_0_aux2_loss_ce: 0.1263 (0.1143)  frame_0_aux2_loss_giou: 0.2544 (0.2627)  frame_0_aux3_loss_bbox: 0.1205 (0.1303)  frame_0_aux3_loss_ce: 0.1213 (0.1068)  frame_0_aux3_loss_giou: 0.2525 (0.2614)  frame_0_aux4_loss_bbox: 0.1294 (0.1321)  frame_0_aux4_loss_ce: 0.1187 (0.1053)  frame_0_aux4_loss_giou: 0.2479 (0.2630)  frame_0_loss_bbox: 0.1239 (0.1313)  frame_0_loss_ce: 0.1190 (0.1059)  frame_0_loss_giou: 0.2495 (0.2618)  frame_1_aux0_loss_bbox: 0.1581 (0.1477)  frame_1_aux0_loss_ce: 0.1091 (0.1001)  frame_1_aux0_loss_giou: 0.3028 (0.3155)  frame_1_aux1_loss_bbox: 0.1449 (0.1362)  frame_1_aux1_loss_ce: 0.1006 (0.0945)  frame_1_aux1_loss_giou: 0.2774 (0.2732)  frame_1_aux2_loss_bbox: 0.1389 (0.1336)  frame_1_aux2_loss_ce: 0.0815 (0.0705)  frame_1_aux2_loss_giou: 0.2635 (0.2628)  frame_1_aux3_loss_bbox: 0.1367 (0.1317)  frame_1_aux3_loss_ce: 0.0817 (0.0667)  frame_1_aux3_loss_giou: 0.2697 (0.2580)  frame_1_aux4_loss_bbox: 0.1360 (0.1314)  frame_1_aux4_loss_ce: 0.0810 (0.0660)  frame_1_aux4_loss_giou: 0.2646 (0.2568)  frame_1_loss_bbox: 0.1398 (0.1333)  frame_1_loss_ce: 0.0797 (0.0666)  frame_1_loss_features: 0.0624 (0.0630)  frame_1_loss_giou: 0.2704 (0.2601)  time: 0.7519  data: 0.0001  max mem: 7526
Epoch: [1]  [140/601]  eta: 0:06:13  lr: 0.000200  grad_norm: 187.21  loss: 6.6806 (6.1439)  frame_0_aux0_loss_bbox: 0.1226 (0.1381)  frame_0_aux0_loss_ce: 0.1549 (0.1518)  frame_0_aux0_loss_giou: 0.2895 (0.2898)  frame_0_aux1_loss_bbox: 0.1259 (0.1335)  frame_0_aux1_loss_ce: 0.1508 (0.1476)  frame_0_aux1_loss_giou: 0.2663 (0.2697)  frame_0_aux2_loss_bbox: 0.1225 (0.1321)  frame_0_aux2_loss_ce: 0.1263 (0.1158)  frame_0_aux2_loss_giou: 0.2621 (0.2631)  frame_0_aux3_loss_bbox: 0.1177 (0.1320)  frame_0_aux3_loss_ce: 0.1213 (0.1083)  frame_0_aux3_loss_giou: 0.2525 (0.2617)  frame_0_aux4_loss_bbox: 0.1294 (0.1338)  frame_0_aux4_loss_ce: 0.1187 (0.1066)  frame_0_aux4_loss_giou: 0.2494 (0.2631)  frame_0_loss_bbox: 0.1239 (0.1332)  frame_0_loss_ce: 0.1190 (0.1073)  frame_0_loss_giou: 0.2532 (0.2619)  frame_1_aux0_loss_bbox: 0.1654 (0.1502)  frame_1_aux0_loss_ce: 0.1055 (0.1011)  frame_1_aux0_loss_giou: 0.3273 (0.3163)  frame_1_aux1_loss_bbox: 0.1514 (0.1388)  frame_1_aux1_loss_ce: 0.1001 (0.0954)  frame_1_aux1_loss_giou: 0.2843 (0.2744)  frame_1_aux2_loss_bbox: 0.1522 (0.1363)  frame_1_aux2_loss_ce: 0.0779 (0.0711)  frame_1_aux2_loss_giou: 0.2728 (0.2640)  frame_1_aux3_loss_bbox: 0.1439 (0.1344)  frame_1_aux3_loss_ce: 0.0767 (0.0674)  frame_1_aux3_loss_giou: 0.2657 (0.2591)  frame_1_aux4_loss_bbox: 0.1463 (0.1341)  frame_1_aux4_loss_ce: 0.0781 (0.0667)  frame_1_aux4_loss_giou: 0.2646 (0.2579)  frame_1_loss_bbox: 0.1532 (0.1361)  frame_1_loss_ce: 0.0779 (0.0672)  frame_1_loss_features: 0.0600 (0.0630)  frame_1_loss_giou: 0.2704 (0.2613)  time: 0.8216  data: 0.0298  max mem: 7526
Epoch: [1]  [150/601]  eta: 0:06:07  lr: 0.000200  grad_norm: 90.64  loss: 6.3149 (6.1867)  frame_0_aux0_loss_bbox: 0.1252 (0.1386)  frame_0_aux0_loss_ce: 0.1457 (0.1525)  frame_0_aux0_loss_giou: 0.2945 (0.2926)  frame_0_aux1_loss_bbox: 0.1209 (0.1340)  frame_0_aux1_loss_ce: 0.1498 (0.1482)  frame_0_aux1_loss_giou: 0.2835 (0.2725)  frame_0_aux2_loss_bbox: 0.1225 (0.1325)  frame_0_aux2_loss_ce: 0.1218 (0.1164)  frame_0_aux2_loss_giou: 0.2664 (0.2657)  frame_0_aux3_loss_bbox: 0.1180 (0.1321)  frame_0_aux3_loss_ce: 0.1184 (0.1090)  frame_0_aux3_loss_giou: 0.2568 (0.2638)  frame_0_aux4_loss_bbox: 0.1258 (0.1341)  frame_0_aux4_loss_ce: 0.1156 (0.1073)  frame_0_aux4_loss_giou: 0.2606 (0.2653)  frame_0_loss_bbox: 0.1229 (0.1336)  frame_0_loss_ce: 0.1174 (0.1080)  frame_0_loss_giou: 0.2634 (0.2644)  frame_1_aux0_loss_bbox: 0.1580 (0.1509)  frame_1_aux0_loss_ce: 0.1041 (0.1022)  frame_1_aux0_loss_giou: 0.3274 (0.3183)  frame_1_aux1_loss_bbox: 0.1315 (0.1392)  frame_1_aux1_loss_ce: 0.1022 (0.0962)  frame_1_aux1_loss_giou: 0.2843 (0.2765)  frame_1_aux2_loss_bbox: 0.1256 (0.1368)  frame_1_aux2_loss_ce: 0.0758 (0.0719)  frame_1_aux2_loss_giou: 0.2728 (0.2664)  frame_1_aux3_loss_bbox: 0.1273 (0.1347)  frame_1_aux3_loss_ce: 0.0726 (0.0681)  frame_1_aux3_loss_giou: 0.2652 (0.2614)  frame_1_aux4_loss_bbox: 0.1279 (0.1345)  frame_1_aux4_loss_ce: 0.0725 (0.0675)  frame_1_aux4_loss_giou: 0.2588 (0.2602)  frame_1_loss_bbox: 0.1275 (0.1365)  frame_1_loss_ce: 0.0737 (0.0679)  frame_1_loss_features: 0.0582 (0.0631)  frame_1_loss_giou: 0.2707 (0.2637)  time: 0.8835  data: 0.0298  max mem: 7526
Epoch: [1]  [160/601]  eta: 0:05:58  lr: 0.000200  grad_norm: 114.17  loss: 6.2988 (6.2403)  frame_0_aux0_loss_bbox: 0.1201 (0.1393)  frame_0_aux0_loss_ce: 0.1459 (0.1537)  frame_0_aux0_loss_giou: 0.2925 (0.2954)  frame_0_aux1_loss_bbox: 0.1153 (0.1350)  frame_0_aux1_loss_ce: 0.1525 (0.1497)  frame_0_aux1_loss_giou: 0.2824 (0.2758)  frame_0_aux2_loss_bbox: 0.1134 (0.1334)  frame_0_aux2_loss_ce: 0.1300 (0.1181)  frame_0_aux2_loss_giou: 0.2634 (0.2687)  frame_0_aux3_loss_bbox: 0.1064 (0.1328)  frame_0_aux3_loss_ce: 0.1171 (0.1102)  frame_0_aux3_loss_giou: 0.2568 (0.2664)  frame_0_aux4_loss_bbox: 0.1139 (0.1347)  frame_0_aux4_loss_ce: 0.1205 (0.1086)  frame_0_aux4_loss_giou: 0.2606 (0.2679)  frame_0_loss_bbox: 0.1171 (0.1342)  frame_0_loss_ce: 0.1174 (0.1092)  frame_0_loss_giou: 0.2641 (0.2672)  frame_1_aux0_loss_bbox: 0.1318 (0.1514)  frame_1_aux0_loss_ce: 0.1041 (0.1032)  frame_1_aux0_loss_giou: 0.3284 (0.3205)  frame_1_aux1_loss_bbox: 0.1223 (0.1397)  frame_1_aux1_loss_ce: 0.1022 (0.0973)  frame_1_aux1_loss_giou: 0.2893 (0.2788)  frame_1_aux2_loss_bbox: 0.1191 (0.1373)  frame_1_aux2_loss_ce: 0.0823 (0.0735)  frame_1_aux2_loss_giou: 0.2795 (0.2688)  frame_1_aux3_loss_bbox: 0.1133 (0.1351)  frame_1_aux3_loss_ce: 0.0713 (0.0693)  frame_1_aux3_loss_giou: 0.2696 (0.2636)  frame_1_aux4_loss_bbox: 0.1142 (0.1348)  frame_1_aux4_loss_ce: 0.0734 (0.0688)  frame_1_aux4_loss_giou: 0.2704 (0.2625)  frame_1_loss_bbox: 0.1222 (0.1370)  frame_1_loss_ce: 0.0735 (0.0692)  frame_1_loss_features: 0.0647 (0.0633)  frame_1_loss_giou: 0.2807 (0.2661)  time: 0.8358  data: 0.0001  max mem: 7526
Epoch: [1]  [170/601]  eta: 0:05:50  lr: 0.000200  grad_norm: 73.26  loss: 6.8046 (6.2795)  frame_0_aux0_loss_bbox: 0.1360 (0.1416)  frame_0_aux0_loss_ce: 0.1638 (0.1550)  frame_0_aux0_loss_giou: 0.2866 (0.2953)  frame_0_aux1_loss_bbox: 0.1319 (0.1371)  frame_0_aux1_loss_ce: 0.1643 (0.1508)  frame_0_aux1_loss_giou: 0.2747 (0.2756)  frame_0_aux2_loss_bbox: 0.1324 (0.1357)  frame_0_aux2_loss_ce: 0.1278 (0.1190)  frame_0_aux2_loss_giou: 0.2624 (0.2688)  frame_0_aux3_loss_bbox: 0.1317 (0.1351)  frame_0_aux3_loss_ce: 0.1171 (0.1111)  frame_0_aux3_loss_giou: 0.2617 (0.2666)  frame_0_aux4_loss_bbox: 0.1276 (0.1368)  frame_0_aux4_loss_ce: 0.1205 (0.1094)  frame_0_aux4_loss_giou: 0.2593 (0.2679)  frame_0_loss_bbox: 0.1301 (0.1363)  frame_0_loss_ce: 0.1181 (0.1102)  frame_0_loss_giou: 0.2629 (0.2672)  frame_1_aux0_loss_bbox: 0.1369 (0.1543)  frame_1_aux0_loss_ce: 0.1061 (0.1034)  frame_1_aux0_loss_giou: 0.3196 (0.3204)  frame_1_aux1_loss_bbox: 0.1227 (0.1421)  frame_1_aux1_loss_ce: 0.1039 (0.0975)  frame_1_aux1_loss_giou: 0.2845 (0.2788)  frame_1_aux2_loss_bbox: 0.1270 (0.1398)  frame_1_aux2_loss_ce: 0.0818 (0.0739)  frame_1_aux2_loss_giou: 0.2774 (0.2693)  frame_1_aux3_loss_bbox: 0.1248 (0.1378)  frame_1_aux3_loss_ce: 0.0746 (0.0697)  frame_1_aux3_loss_giou: 0.2696 (0.2644)  frame_1_aux4_loss_bbox: 0.1210 (0.1374)  frame_1_aux4_loss_ce: 0.0734 (0.0692)  frame_1_aux4_loss_giou: 0.2704 (0.2630)  frame_1_loss_bbox: 0.1231 (0.1394)  frame_1_loss_ce: 0.0735 (0.0697)  frame_1_loss_features: 0.0645 (0.0632)  frame_1_loss_giou: 0.2777 (0.2665)  time: 0.8170  data: 0.0001  max mem: 7526
Epoch: [1]  [180/601]  eta: 0:05:41  lr: 0.000200  grad_norm: 77.75  loss: 6.2016 (6.2546)  frame_0_aux0_loss_bbox: 0.1251 (0.1405)  frame_0_aux0_loss_ce: 0.1638 (0.1551)  frame_0_aux0_loss_giou: 0.2799 (0.2942)  frame_0_aux1_loss_bbox: 0.1228 (0.1360)  frame_0_aux1_loss_ce: 0.1567 (0.1510)  frame_0_aux1_loss_giou: 0.2678 (0.2746)  frame_0_aux2_loss_bbox: 0.1145 (0.1345)  frame_0_aux2_loss_ce: 0.1201 (0.1188)  frame_0_aux2_loss_giou: 0.2582 (0.2679)  frame_0_aux3_loss_bbox: 0.1237 (0.1339)  frame_0_aux3_loss_ce: 0.1110 (0.1108)  frame_0_aux3_loss_giou: 0.2513 (0.2657)  frame_0_aux4_loss_bbox: 0.1155 (0.1353)  frame_0_aux4_loss_ce: 0.1116 (0.1091)  frame_0_aux4_loss_giou: 0.2467 (0.2666)  frame_0_loss_bbox: 0.1182 (0.1349)  frame_0_loss_ce: 0.1087 (0.1098)  frame_0_loss_giou: 0.2509 (0.2659)  frame_1_aux0_loss_bbox: 0.1369 (0.1536)  frame_1_aux0_loss_ce: 0.1061 (0.1033)  frame_1_aux0_loss_giou: 0.3080 (0.3195)  frame_1_aux1_loss_bbox: 0.1227 (0.1414)  frame_1_aux1_loss_ce: 0.1009 (0.0975)  frame_1_aux1_loss_giou: 0.2712 (0.2783)  frame_1_aux2_loss_bbox: 0.1226 (0.1389)  frame_1_aux2_loss_ce: 0.0815 (0.0741)  frame_1_aux2_loss_giou: 0.2524 (0.2685)  frame_1_aux3_loss_bbox: 0.1217 (0.1369)  frame_1_aux3_loss_ce: 0.0746 (0.0698)  frame_1_aux3_loss_giou: 0.2547 (0.2637)  frame_1_aux4_loss_bbox: 0.1188 (0.1363)  frame_1_aux4_loss_ce: 0.0732 (0.0692)  frame_1_aux4_loss_giou: 0.2471 (0.2622)  frame_1_loss_bbox: 0.1178 (0.1383)  frame_1_loss_ce: 0.0718 (0.0698)  frame_1_loss_features: 0.0589 (0.0630)  frame_1_loss_giou: 0.2504 (0.2657)  time: 0.7840  data: 0.0001  max mem: 7526
Epoch: [1]  [190/601]  eta: 0:05:31  lr: 0.000200  grad_norm: 236.05  loss: 6.0035 (6.2625)  frame_0_aux0_loss_bbox: 0.1233 (0.1405)  frame_0_aux0_loss_ce: 0.1635 (0.1558)  frame_0_aux0_loss_giou: 0.2731 (0.2934)  frame_0_aux1_loss_bbox: 0.1213 (0.1360)  frame_0_aux1_loss_ce: 0.1565 (0.1515)  frame_0_aux1_loss_giou: 0.2576 (0.2740)  frame_0_aux2_loss_bbox: 0.1196 (0.1345)  frame_0_aux2_loss_ce: 0.1271 (0.1195)  frame_0_aux2_loss_giou: 0.2459 (0.2674)  frame_0_aux3_loss_bbox: 0.1255 (0.1343)  frame_0_aux3_loss_ce: 0.1172 (0.1117)  frame_0_aux3_loss_giou: 0.2503 (0.2656)  frame_0_aux4_loss_bbox: 0.1210 (0.1355)  frame_0_aux4_loss_ce: 0.1143 (0.1099)  frame_0_aux4_loss_giou: 0.2459 (0.2666)  frame_0_loss_bbox: 0.1206 (0.1350)  frame_0_loss_ce: 0.1169 (0.1106)  frame_0_loss_giou: 0.2509 (0.2656)  frame_1_aux0_loss_bbox: 0.1392 (0.1546)  frame_1_aux0_loss_ce: 0.0995 (0.1031)  frame_1_aux0_loss_giou: 0.3080 (0.3190)  frame_1_aux1_loss_bbox: 0.1298 (0.1422)  frame_1_aux1_loss_ce: 0.0963 (0.0974)  frame_1_aux1_loss_giou: 0.2645 (0.2783)  frame_1_aux2_loss_bbox: 0.1256 (0.1397)  frame_1_aux2_loss_ce: 0.0768 (0.0742)  frame_1_aux2_loss_giou: 0.2524 (0.2685)  frame_1_aux3_loss_bbox: 0.1309 (0.1378)  frame_1_aux3_loss_ce: 0.0737 (0.0699)  frame_1_aux3_loss_giou: 0.2536 (0.2639)  frame_1_aux4_loss_bbox: 0.1251 (0.1371)  frame_1_aux4_loss_ce: 0.0681 (0.0692)  frame_1_aux4_loss_giou: 0.2434 (0.2624)  frame_1_loss_bbox: 0.1253 (0.1390)  frame_1_loss_ce: 0.0722 (0.0698)  frame_1_loss_features: 0.0560 (0.0626)  frame_1_loss_giou: 0.2474 (0.2659)  time: 0.7399  data: 0.0001  max mem: 7526
Epoch: [1]  [200/601]  eta: 0:05:22  lr: 0.000200  grad_norm: 88.22  loss: 5.8762 (6.2380)  frame_0_aux0_loss_bbox: 0.1296 (0.1401)  frame_0_aux0_loss_ce: 0.1611 (0.1554)  frame_0_aux0_loss_giou: 0.2743 (0.2923)  frame_0_aux1_loss_bbox: 0.1242 (0.1354)  frame_0_aux1_loss_ce: 0.1522 (0.1513)  frame_0_aux1_loss_giou: 0.2527 (0.2727)  frame_0_aux2_loss_bbox: 0.1254 (0.1340)  frame_0_aux2_loss_ce: 0.1207 (0.1190)  frame_0_aux2_loss_giou: 0.2437 (0.2663)  frame_0_aux3_loss_bbox: 0.1324 (0.1341)  frame_0_aux3_loss_ce: 0.1108 (0.1111)  frame_0_aux3_loss_giou: 0.2567 (0.2650)  frame_0_aux4_loss_bbox: 0.1284 (0.1351)  frame_0_aux4_loss_ce: 0.1096 (0.1092)  frame_0_aux4_loss_giou: 0.2639 (0.2659)  frame_0_loss_bbox: 0.1286 (0.1346)  frame_0_loss_ce: 0.1074 (0.1098)  frame_0_loss_giou: 0.2537 (0.2647)  frame_1_aux0_loss_bbox: 0.1434 (0.1542)  frame_1_aux0_loss_ce: 0.0975 (0.1026)  frame_1_aux0_loss_giou: 0.3088 (0.3178)  frame_1_aux1_loss_bbox: 0.1309 (0.1419)  frame_1_aux1_loss_ce: 0.0937 (0.0969)  frame_1_aux1_loss_giou: 0.2598 (0.2769)  frame_1_aux2_loss_bbox: 0.1307 (0.1395)  frame_1_aux2_loss_ce: 0.0695 (0.0736)  frame_1_aux2_loss_giou: 0.2568 (0.2672)  frame_1_aux3_loss_bbox: 0.1313 (0.1376)  frame_1_aux3_loss_ce: 0.0644 (0.0692)  frame_1_aux3_loss_giou: 0.2542 (0.2628)  frame_1_aux4_loss_bbox: 0.1315 (0.1369)  frame_1_aux4_loss_ce: 0.0635 (0.0686)  frame_1_aux4_loss_giou: 0.2529 (0.2611)  frame_1_loss_bbox: 0.1286 (0.1388)  frame_1_loss_ce: 0.0616 (0.0692)  frame_1_loss_features: 0.0574 (0.0624)  frame_1_loss_giou: 0.2544 (0.2645)  time: 0.7391  data: 0.0001  max mem: 7526
Epoch: [1]  [210/601]  eta: 0:05:14  lr: 0.000200  grad_norm: 53.76  loss: 5.8024 (6.2389)  frame_0_aux0_loss_bbox: 0.1267 (0.1396)  frame_0_aux0_loss_ce: 0.1440 (0.1551)  frame_0_aux0_loss_giou: 0.2701 (0.2929)  frame_0_aux1_loss_bbox: 0.1203 (0.1349)  frame_0_aux1_loss_ce: 0.1467 (0.1511)  frame_0_aux1_loss_giou: 0.2453 (0.2730)  frame_0_aux2_loss_bbox: 0.1228 (0.1335)  frame_0_aux2_loss_ce: 0.1140 (0.1191)  frame_0_aux2_loss_giou: 0.2437 (0.2667)  frame_0_aux3_loss_bbox: 0.1211 (0.1336)  frame_0_aux3_loss_ce: 0.1040 (0.1110)  frame_0_aux3_loss_giou: 0.2494 (0.2654)  frame_0_aux4_loss_bbox: 0.1208 (0.1347)  frame_0_aux4_loss_ce: 0.1023 (0.1092)  frame_0_aux4_loss_giou: 0.2520 (0.2669)  frame_0_loss_bbox: 0.1226 (0.1342)  frame_0_loss_ce: 0.1024 (0.1099)  frame_0_loss_giou: 0.2458 (0.2655)  frame_1_aux0_loss_bbox: 0.1366 (0.1536)  frame_1_aux0_loss_ce: 0.0901 (0.1025)  frame_1_aux0_loss_giou: 0.3116 (0.3179)  frame_1_aux1_loss_bbox: 0.1278 (0.1414)  frame_1_aux1_loss_ce: 0.0938 (0.0968)  frame_1_aux1_loss_giou: 0.2653 (0.2774)  frame_1_aux2_loss_bbox: 0.1277 (0.1391)  frame_1_aux2_loss_ce: 0.0683 (0.0737)  frame_1_aux2_loss_giou: 0.2594 (0.2678)  frame_1_aux3_loss_bbox: 0.1268 (0.1373)  frame_1_aux3_loss_ce: 0.0624 (0.0693)  frame_1_aux3_loss_giou: 0.2492 (0.2635)  frame_1_aux4_loss_bbox: 0.1265 (0.1365)  frame_1_aux4_loss_ce: 0.0623 (0.0687)  frame_1_aux4_loss_giou: 0.2529 (0.2619)  frame_1_loss_bbox: 0.1271 (0.1385)  frame_1_loss_ce: 0.0631 (0.0693)  frame_1_loss_features: 0.0597 (0.0621)  frame_1_loss_giou: 0.2562 (0.2653)  time: 0.7777  data: 0.0378  max mem: 7526
Epoch: [1]  [220/601]  eta: 0:05:05  lr: 0.000200  grad_norm: 80.42  loss: 6.1539 (6.2277)  frame_0_aux0_loss_bbox: 0.1214 (0.1394)  frame_0_aux0_loss_ce: 0.1507 (0.1550)  frame_0_aux0_loss_giou: 0.2742 (0.2924)  frame_0_aux1_loss_bbox: 0.1182 (0.1347)  frame_0_aux1_loss_ce: 0.1467 (0.1510)  frame_0_aux1_loss_giou: 0.2457 (0.2724)  frame_0_aux2_loss_bbox: 0.1155 (0.1334)  frame_0_aux2_loss_ce: 0.1169 (0.1191)  frame_0_aux2_loss_giou: 0.2470 (0.2664)  frame_0_aux3_loss_bbox: 0.1141 (0.1334)  frame_0_aux3_loss_ce: 0.1085 (0.1109)  frame_0_aux3_loss_giou: 0.2452 (0.2651)  frame_0_aux4_loss_bbox: 0.1157 (0.1346)  frame_0_aux4_loss_ce: 0.1037 (0.1091)  frame_0_aux4_loss_giou: 0.2708 (0.2675)  frame_0_loss_bbox: 0.1164 (0.1342)  frame_0_loss_ce: 0.1047 (0.1097)  frame_0_loss_giou: 0.2526 (0.2659)  frame_1_aux0_loss_bbox: 0.1313 (0.1531)  frame_1_aux0_loss_ce: 0.0936 (0.1024)  frame_1_aux0_loss_giou: 0.3116 (0.3172)  frame_1_aux1_loss_bbox: 0.1192 (0.1408)  frame_1_aux1_loss_ce: 0.0966 (0.0967)  frame_1_aux1_loss_giou: 0.2653 (0.2764)  frame_1_aux2_loss_bbox: 0.1202 (0.1385)  frame_1_aux2_loss_ce: 0.0702 (0.0734)  frame_1_aux2_loss_giou: 0.2566 (0.2670)  frame_1_aux3_loss_bbox: 0.1184 (0.1367)  frame_1_aux3_loss_ce: 0.0642 (0.0691)  frame_1_aux3_loss_giou: 0.2506 (0.2626)  frame_1_aux4_loss_bbox: 0.1201 (0.1361)  frame_1_aux4_loss_ce: 0.0661 (0.0684)  frame_1_aux4_loss_giou: 0.2542 (0.2613)  frame_1_loss_bbox: 0.1240 (0.1380)  frame_1_loss_ce: 0.0640 (0.0690)  frame_1_loss_features: 0.0575 (0.0620)  frame_1_loss_giou: 0.2596 (0.2650)  time: 0.7801  data: 0.0378  max mem: 7526
Epoch: [1]  [230/601]  eta: 0:04:59  lr: 0.000200  grad_norm: 73.93  loss: 5.9715 (6.2259)  frame_0_aux0_loss_bbox: 0.1214 (0.1395)  frame_0_aux0_loss_ce: 0.1521 (0.1552)  frame_0_aux0_loss_giou: 0.2917 (0.2929)  frame_0_aux1_loss_bbox: 0.1152 (0.1345)  frame_0_aux1_loss_ce: 0.1457 (0.1511)  frame_0_aux1_loss_giou: 0.2640 (0.2723)  frame_0_aux2_loss_bbox: 0.1155 (0.1333)  frame_0_aux2_loss_ce: 0.1189 (0.1194)  frame_0_aux2_loss_giou: 0.2558 (0.2664)  frame_0_aux3_loss_bbox: 0.1105 (0.1332)  frame_0_aux3_loss_ce: 0.1065 (0.1111)  frame_0_aux3_loss_giou: 0.2564 (0.2652)  frame_0_aux4_loss_bbox: 0.1157 (0.1344)  frame_0_aux4_loss_ce: 0.1041 (0.1093)  frame_0_aux4_loss_giou: 0.2651 (0.2678)  frame_0_loss_bbox: 0.1122 (0.1340)  frame_0_loss_ce: 0.1052 (0.1099)  frame_0_loss_giou: 0.2667 (0.2663)  frame_1_aux0_loss_bbox: 0.1155 (0.1530)  frame_1_aux0_loss_ce: 0.0956 (0.1023)  frame_1_aux0_loss_giou: 0.3031 (0.3165)  frame_1_aux1_loss_bbox: 0.0994 (0.1406)  frame_1_aux1_loss_ce: 0.0903 (0.0965)  frame_1_aux1_loss_giou: 0.2647 (0.2759)  frame_1_aux2_loss_bbox: 0.0996 (0.1384)  frame_1_aux2_loss_ce: 0.0709 (0.0733)  frame_1_aux2_loss_giou: 0.2565 (0.2667)  frame_1_aux3_loss_bbox: 0.0977 (0.1366)  frame_1_aux3_loss_ce: 0.0662 (0.0691)  frame_1_aux3_loss_giou: 0.2509 (0.2623)  frame_1_aux4_loss_bbox: 0.0977 (0.1359)  frame_1_aux4_loss_ce: 0.0638 (0.0684)  frame_1_aux4_loss_giou: 0.2537 (0.2611)  frame_1_loss_bbox: 0.1049 (0.1380)  frame_1_loss_ce: 0.0633 (0.0689)  frame_1_loss_features: 0.0580 (0.0617)  frame_1_loss_giou: 0.2654 (0.2652)  time: 0.8350  data: 0.0001  max mem: 7526
Epoch: [1]  [240/601]  eta: 0:04:50  lr: 0.000200  grad_norm: 100.25  loss: 5.9086 (6.2320)  frame_0_aux0_loss_bbox: 0.1367 (0.1399)  frame_0_aux0_loss_ce: 0.1601 (0.1556)  frame_0_aux0_loss_giou: 0.2845 (0.2928)  frame_0_aux1_loss_bbox: 0.1312 (0.1350)  frame_0_aux1_loss_ce: 0.1469 (0.1513)  frame_0_aux1_loss_giou: 0.2593 (0.2720)  frame_0_aux2_loss_bbox: 0.1350 (0.1338)  frame_0_aux2_loss_ce: 0.1196 (0.1197)  frame_0_aux2_loss_giou: 0.2496 (0.2661)  frame_0_aux3_loss_bbox: 0.1306 (0.1337)  frame_0_aux3_loss_ce: 0.1129 (0.1114)  frame_0_aux3_loss_giou: 0.2505 (0.2650)  frame_0_aux4_loss_bbox: 0.1252 (0.1349)  frame_0_aux4_loss_ce: 0.1112 (0.1096)  frame_0_aux4_loss_giou: 0.2631 (0.2680)  frame_0_loss_bbox: 0.1272 (0.1345)  frame_0_loss_ce: 0.1103 (0.1103)  frame_0_loss_giou: 0.2667 (0.2666)  frame_1_aux0_loss_bbox: 0.1461 (0.1535)  frame_1_aux0_loss_ce: 0.0997 (0.1022)  frame_1_aux0_loss_giou: 0.3027 (0.3159)  frame_1_aux1_loss_bbox: 0.1306 (0.1410)  frame_1_aux1_loss_ce: 0.0913 (0.0965)  frame_1_aux1_loss_giou: 0.2677 (0.2755)  frame_1_aux2_loss_bbox: 0.1284 (0.1388)  frame_1_aux2_loss_ce: 0.0730 (0.0735)  frame_1_aux2_loss_giou: 0.2610 (0.2664)  frame_1_aux3_loss_bbox: 0.1277 (0.1370)  frame_1_aux3_loss_ce: 0.0692 (0.0691)  frame_1_aux3_loss_giou: 0.2584 (0.2620)  frame_1_aux4_loss_bbox: 0.1285 (0.1365)  frame_1_aux4_loss_ce: 0.0653 (0.0685)  frame_1_aux4_loss_giou: 0.2526 (0.2609)  frame_1_loss_bbox: 0.1287 (0.1385)  frame_1_loss_ce: 0.0647 (0.0690)  frame_1_loss_features: 0.0596 (0.0619)  frame_1_loss_giou: 0.2666 (0.2653)  time: 0.8357  data: 0.0001  max mem: 7526
Epoch: [1]  [250/601]  eta: 0:04:41  lr: 0.000200  grad_norm: 131.99  loss: 5.7856 (6.2266)  frame_0_aux0_loss_bbox: 0.1325 (0.1393)  frame_0_aux0_loss_ce: 0.1601 (0.1558)  frame_0_aux0_loss_giou: 0.2741 (0.2926)  frame_0_aux1_loss_bbox: 0.1243 (0.1343)  frame_0_aux1_loss_ce: 0.1489 (0.1514)  frame_0_aux1_loss_giou: 0.2521 (0.2718)  frame_0_aux2_loss_bbox: 0.1234 (0.1333)  frame_0_aux2_loss_ce: 0.1181 (0.1198)  frame_0_aux2_loss_giou: 0.2436 (0.2660)  frame_0_aux3_loss_bbox: 0.1211 (0.1333)  frame_0_aux3_loss_ce: 0.1074 (0.1114)  frame_0_aux3_loss_giou: 0.2379 (0.2650)  frame_0_aux4_loss_bbox: 0.1252 (0.1344)  frame_0_aux4_loss_ce: 0.1106 (0.1096)  frame_0_aux4_loss_giou: 0.2636 (0.2684)  frame_0_loss_bbox: 0.1242 (0.1339)  frame_0_loss_ce: 0.1103 (0.1103)  frame_0_loss_giou: 0.2717 (0.2673)  frame_1_aux0_loss_bbox: 0.1441 (0.1530)  frame_1_aux0_loss_ce: 0.1019 (0.1024)  frame_1_aux0_loss_giou: 0.2883 (0.3161)  frame_1_aux1_loss_bbox: 0.1286 (0.1404)  frame_1_aux1_loss_ce: 0.0913 (0.0966)  frame_1_aux1_loss_giou: 0.2569 (0.2752)  frame_1_aux2_loss_bbox: 0.1275 (0.1381)  frame_1_aux2_loss_ce: 0.0727 (0.0736)  frame_1_aux2_loss_giou: 0.2461 (0.2660)  frame_1_aux3_loss_bbox: 0.1275 (0.1364)  frame_1_aux3_loss_ce: 0.0688 (0.0693)  frame_1_aux3_loss_giou: 0.2440 (0.2617)  frame_1_aux4_loss_bbox: 0.1274 (0.1358)  frame_1_aux4_loss_ce: 0.0701 (0.0686)  frame_1_aux4_loss_giou: 0.2466 (0.2607)  frame_1_loss_bbox: 0.1287 (0.1379)  frame_1_loss_ce: 0.0664 (0.0692)  frame_1_loss_features: 0.0676 (0.0620)  frame_1_loss_giou: 0.2611 (0.2659)  time: 0.7374  data: 0.0001  max mem: 7526
Epoch: [1]  [260/601]  eta: 0:04:33  lr: 0.000200  grad_norm: 133.81  loss: 6.2070 (6.2458)  frame_0_aux0_loss_bbox: 0.1224 (0.1395)  frame_0_aux0_loss_ce: 0.1478 (0.1557)  frame_0_aux0_loss_giou: 0.2848 (0.2936)  frame_0_aux1_loss_bbox: 0.1174 (0.1345)  frame_0_aux1_loss_ce: 0.1523 (0.1515)  frame_0_aux1_loss_giou: 0.2595 (0.2725)  frame_0_aux2_loss_bbox: 0.1126 (0.1334)  frame_0_aux2_loss_ce: 0.1181 (0.1200)  frame_0_aux2_loss_giou: 0.2540 (0.2666)  frame_0_aux3_loss_bbox: 0.1211 (0.1333)  frame_0_aux3_loss_ce: 0.1074 (0.1114)  frame_0_aux3_loss_giou: 0.2659 (0.2657)  frame_0_aux4_loss_bbox: 0.1225 (0.1344)  frame_0_aux4_loss_ce: 0.1022 (0.1095)  frame_0_aux4_loss_giou: 0.2700 (0.2697)  frame_0_loss_bbox: 0.1167 (0.1339)  frame_0_loss_ce: 0.1091 (0.1103)  frame_0_loss_giou: 0.2849 (0.2689)  frame_1_aux0_loss_bbox: 0.1393 (0.1534)  frame_1_aux0_loss_ce: 0.1055 (0.1027)  frame_1_aux0_loss_giou: 0.3285 (0.3173)  frame_1_aux1_loss_bbox: 0.1288 (0.1410)  frame_1_aux1_loss_ce: 0.0999 (0.0970)  frame_1_aux1_loss_giou: 0.2921 (0.2765)  frame_1_aux2_loss_bbox: 0.1266 (0.1386)  frame_1_aux2_loss_ce: 0.0759 (0.0738)  frame_1_aux2_loss_giou: 0.2833 (0.2673)  frame_1_aux3_loss_bbox: 0.1159 (0.1368)  frame_1_aux3_loss_ce: 0.0737 (0.0695)  frame_1_aux3_loss_giou: 0.2743 (0.2630)  frame_1_aux4_loss_bbox: 0.1157 (0.1362)  frame_1_aux4_loss_ce: 0.0743 (0.0689)  frame_1_aux4_loss_giou: 0.2775 (0.2620)  frame_1_loss_bbox: 0.1224 (0.1382)  frame_1_loss_ce: 0.0714 (0.0694)  frame_1_loss_features: 0.0606 (0.0618)  frame_1_loss_giou: 0.2823 (0.2681)  time: 0.7737  data: 0.0001  max mem: 7526
Epoch: [1]  [270/601]  eta: 0:04:24  lr: 0.000200  grad_norm: 71.49  loss: 6.4644 (6.2685)  frame_0_aux0_loss_bbox: 0.1368 (0.1404)  frame_0_aux0_loss_ce: 0.1600 (0.1563)  frame_0_aux0_loss_giou: 0.3081 (0.2949)  frame_0_aux1_loss_bbox: 0.1250 (0.1349)  frame_0_aux1_loss_ce: 0.1565 (0.1523)  frame_0_aux1_loss_giou: 0.2794 (0.2729)  frame_0_aux2_loss_bbox: 0.1221 (0.1338)  frame_0_aux2_loss_ce: 0.1328 (0.1207)  frame_0_aux2_loss_giou: 0.2687 (0.2668)  frame_0_aux3_loss_bbox: 0.1248 (0.1337)  frame_0_aux3_loss_ce: 0.1204 (0.1120)  frame_0_aux3_loss_giou: 0.2669 (0.2659)  frame_0_aux4_loss_bbox: 0.1225 (0.1348)  frame_0_aux4_loss_ce: 0.1185 (0.1101)  frame_0_aux4_loss_giou: 0.2928 (0.2707)  frame_0_loss_bbox: 0.1265 (0.1344)  frame_0_loss_ce: 0.1205 (0.1110)  frame_0_loss_giou: 0.2963 (0.2700)  frame_1_aux0_loss_bbox: 0.1471 (0.1542)  frame_1_aux0_loss_ce: 0.1125 (0.1033)  frame_1_aux0_loss_giou: 0.3423 (0.3182)  frame_1_aux1_loss_bbox: 0.1358 (0.1417)  frame_1_aux1_loss_ce: 0.1082 (0.0975)  frame_1_aux1_loss_giou: 0.2986 (0.2770)  frame_1_aux2_loss_bbox: 0.1286 (0.1392)  frame_1_aux2_loss_ce: 0.0852 (0.0743)  frame_1_aux2_loss_giou: 0.2879 (0.2678)  frame_1_aux3_loss_bbox: 0.1275 (0.1373)  frame_1_aux3_loss_ce: 0.0859 (0.0702)  frame_1_aux3_loss_giou: 0.2824 (0.2634)  frame_1_aux4_loss_bbox: 0.1266 (0.1368)  frame_1_aux4_loss_ce: 0.0797 (0.0696)  frame_1_aux4_loss_giou: 0.2798 (0.2625)  frame_1_loss_bbox: 0.1318 (0.1389)  frame_1_loss_ce: 0.0797 (0.0700)  frame_1_loss_features: 0.0570 (0.0620)  frame_1_loss_giou: 0.2939 (0.2689)  time: 0.7752  data: 0.0001  max mem: 7526
Epoch: [1]  [280/601]  eta: 0:04:15  lr: 0.000200  grad_norm: 622.04  loss: 6.0912 (6.2540)  frame_0_aux0_loss_bbox: 0.1377 (0.1397)  frame_0_aux0_loss_ce: 0.1640 (0.1560)  frame_0_aux0_loss_giou: 0.2976 (0.2948)  frame_0_aux1_loss_bbox: 0.1211 (0.1342)  frame_0_aux1_loss_ce: 0.1611 (0.1520)  frame_0_aux1_loss_giou: 0.2635 (0.2727)  frame_0_aux2_loss_bbox: 0.1134 (0.1330)  frame_0_aux2_loss_ce: 0.1315 (0.1203)  frame_0_aux2_loss_giou: 0.2543 (0.2665)  frame_0_aux3_loss_bbox: 0.1110 (0.1329)  frame_0_aux3_loss_ce: 0.1131 (0.1116)  frame_0_aux3_loss_giou: 0.2537 (0.2654)  frame_0_aux4_loss_bbox: 0.1168 (0.1340)  frame_0_aux4_loss_ce: 0.1180 (0.1097)  frame_0_aux4_loss_giou: 0.2702 (0.2703)  frame_0_loss_bbox: 0.1190 (0.1337)  frame_0_loss_ce: 0.1158 (0.1106)  frame_0_loss_giou: 0.2846 (0.2702)  frame_1_aux0_loss_bbox: 0.1323 (0.1536)  frame_1_aux0_loss_ce: 0.1051 (0.1031)  frame_1_aux0_loss_giou: 0.3171 (0.3180)  frame_1_aux1_loss_bbox: 0.1123 (0.1410)  frame_1_aux1_loss_ce: 0.1002 (0.0973)  frame_1_aux1_loss_giou: 0.2692 (0.2768)  frame_1_aux2_loss_bbox: 0.1083 (0.1386)  frame_1_aux2_loss_ce: 0.0749 (0.0739)  frame_1_aux2_loss_giou: 0.2565 (0.2676)  frame_1_aux3_loss_bbox: 0.1050 (0.1367)  frame_1_aux3_loss_ce: 0.0703 (0.0698)  frame_1_aux3_loss_giou: 0.2505 (0.2632)  frame_1_aux4_loss_bbox: 0.1054 (0.1362)  frame_1_aux4_loss_ce: 0.0688 (0.0692)  frame_1_aux4_loss_giou: 0.2559 (0.2623)  frame_1_loss_bbox: 0.1121 (0.1383)  frame_1_loss_ce: 0.0699 (0.0697)  frame_1_loss_features: 0.0562 (0.0618)  frame_1_loss_giou: 0.2747 (0.2693)  time: 0.7275  data: 0.0001  max mem: 7526
Epoch: [1]  [290/601]  eta: 0:04:09  lr: 0.000200  grad_norm: 65.62  loss: 5.4605 (6.2299)  frame_0_aux0_loss_bbox: 0.1059 (0.1386)  frame_0_aux0_loss_ce: 0.1503 (0.1558)  frame_0_aux0_loss_giou: 0.2638 (0.2946)  frame_0_aux1_loss_bbox: 0.0973 (0.1329)  frame_0_aux1_loss_ce: 0.1467 (0.1516)  frame_0_aux1_loss_giou: 0.2269 (0.2720)  frame_0_aux2_loss_bbox: 0.0932 (0.1317)  frame_0_aux2_loss_ce: 0.1113 (0.1200)  frame_0_aux2_loss_giou: 0.2280 (0.2657)  frame_0_aux3_loss_bbox: 0.0951 (0.1315)  frame_0_aux3_loss_ce: 0.1039 (0.1112)  frame_0_aux3_loss_giou: 0.2316 (0.2646)  frame_0_aux4_loss_bbox: 0.0966 (0.1326)  frame_0_aux4_loss_ce: 0.0972 (0.1093)  frame_0_aux4_loss_giou: 0.2254 (0.2695)  frame_0_loss_bbox: 0.0971 (0.1325)  frame_0_loss_ce: 0.1005 (0.1102)  frame_0_loss_giou: 0.2610 (0.2706)  frame_1_aux0_loss_bbox: 0.1161 (0.1525)  frame_1_aux0_loss_ce: 0.0984 (0.1029)  frame_1_aux0_loss_giou: 0.2988 (0.3176)  frame_1_aux1_loss_bbox: 0.0990 (0.1398)  frame_1_aux1_loss_ce: 0.0919 (0.0970)  frame_1_aux1_loss_giou: 0.2400 (0.2761)  frame_1_aux2_loss_bbox: 0.1006 (0.1374)  frame_1_aux2_loss_ce: 0.0613 (0.0735)  frame_1_aux2_loss_giou: 0.2360 (0.2669)  frame_1_aux3_loss_bbox: 0.0982 (0.1355)  frame_1_aux3_loss_ce: 0.0540 (0.0693)  frame_1_aux3_loss_giou: 0.2350 (0.2627)  frame_1_aux4_loss_bbox: 0.1018 (0.1350)  frame_1_aux4_loss_ce: 0.0546 (0.0688)  frame_1_aux4_loss_giou: 0.2373 (0.2617)  frame_1_loss_bbox: 0.1014 (0.1373)  frame_1_loss_ce: 0.0536 (0.0692)  frame_1_loss_features: 0.0605 (0.0618)  frame_1_loss_giou: 0.2752 (0.2698)  time: 0.8670  data: 0.0001  max mem: 7526
Epoch: [1]  [300/601]  eta: 0:04:02  lr: 0.000200  grad_norm: 117.55  loss: 5.6875 (6.2332)  frame_0_aux0_loss_bbox: 0.1080 (0.1391)  frame_0_aux0_loss_ce: 0.1530 (0.1562)  frame_0_aux0_loss_giou: 0.2694 (0.2943)  frame_0_aux1_loss_bbox: 0.0991 (0.1334)  frame_0_aux1_loss_ce: 0.1543 (0.1519)  frame_0_aux1_loss_giou: 0.2452 (0.2717)  frame_0_aux2_loss_bbox: 0.0981 (0.1321)  frame_0_aux2_loss_ce: 0.1184 (0.1204)  frame_0_aux2_loss_giou: 0.2330 (0.2653)  frame_0_aux3_loss_bbox: 0.0953 (0.1319)  frame_0_aux3_loss_ce: 0.1047 (0.1115)  frame_0_aux3_loss_giou: 0.2330 (0.2641)  frame_0_aux4_loss_bbox: 0.0979 (0.1329)  frame_0_aux4_loss_ce: 0.1034 (0.1095)  frame_0_aux4_loss_giou: 0.2326 (0.2688)  frame_0_loss_bbox: 0.1026 (0.1329)  frame_0_loss_ce: 0.1051 (0.1103)  frame_0_loss_giou: 0.2518 (0.2702)  frame_1_aux0_loss_bbox: 0.1269 (0.1532)  frame_1_aux0_loss_ce: 0.0994 (0.1028)  frame_1_aux0_loss_giou: 0.3007 (0.3177)  frame_1_aux1_loss_bbox: 0.1113 (0.1404)  frame_1_aux1_loss_ce: 0.0918 (0.0969)  frame_1_aux1_loss_giou: 0.2646 (0.2758)  frame_1_aux2_loss_bbox: 0.1090 (0.1379)  frame_1_aux2_loss_ce: 0.0732 (0.0735)  frame_1_aux2_loss_giou: 0.2398 (0.2665)  frame_1_aux3_loss_bbox: 0.1098 (0.1361)  frame_1_aux3_loss_ce: 0.0649 (0.0693)  frame_1_aux3_loss_giou: 0.2350 (0.2623)  frame_1_aux4_loss_bbox: 0.1082 (0.1356)  frame_1_aux4_loss_ce: 0.0626 (0.0687)  frame_1_aux4_loss_giou: 0.2373 (0.2612)  frame_1_loss_bbox: 0.1149 (0.1379)  frame_1_loss_ce: 0.0618 (0.0691)  frame_1_loss_features: 0.0686 (0.0620)  frame_1_loss_giou: 0.2768 (0.2697)  time: 0.9530  data: 0.0001  max mem: 7526
Epoch: [1]  [310/601]  eta: 0:03:54  lr: 0.000200  grad_norm: 1751.92  loss: 5.6971 (6.2135)  frame_0_aux0_loss_bbox: 0.1249 (0.1387)  frame_0_aux0_loss_ce: 0.1544 (0.1559)  frame_0_aux0_loss_giou: 0.2695 (0.2941)  frame_0_aux1_loss_bbox: 0.1157 (0.1328)  frame_0_aux1_loss_ce: 0.1543 (0.1517)  frame_0_aux1_loss_giou: 0.2422 (0.2711)  frame_0_aux2_loss_bbox: 0.1131 (0.1315)  frame_0_aux2_loss_ce: 0.1193 (0.1198)  frame_0_aux2_loss_giou: 0.2316 (0.2647)  frame_0_aux3_loss_bbox: 0.1101 (0.1312)  frame_0_aux3_loss_ce: 0.1010 (0.1109)  frame_0_aux3_loss_giou: 0.2305 (0.2636)  frame_0_aux4_loss_bbox: 0.1095 (0.1323)  frame_0_aux4_loss_ce: 0.1034 (0.1089)  frame_0_aux4_loss_giou: 0.2299 (0.2680)  frame_0_loss_bbox: 0.1132 (0.1323)  frame_0_loss_ce: 0.1026 (0.1097)  frame_0_loss_giou: 0.2284 (0.2696)  frame_1_aux0_loss_bbox: 0.1367 (0.1526)  frame_1_aux0_loss_ce: 0.0931 (0.1023)  frame_1_aux0_loss_giou: 0.2909 (0.3168)  frame_1_aux1_loss_bbox: 0.1226 (0.1397)  frame_1_aux1_loss_ce: 0.0914 (0.0966)  frame_1_aux1_loss_giou: 0.2411 (0.2750)  frame_1_aux2_loss_bbox: 0.1199 (0.1373)  frame_1_aux2_loss_ce: 0.0713 (0.0731)  frame_1_aux2_loss_giou: 0.2340 (0.2659)  frame_1_aux3_loss_bbox: 0.1187 (0.1355)  frame_1_aux3_loss_ce: 0.0659 (0.0690)  frame_1_aux3_loss_giou: 0.2292 (0.2617)  frame_1_aux4_loss_bbox: 0.1216 (0.1350)  frame_1_aux4_loss_ce: 0.0626 (0.0684)  frame_1_aux4_loss_giou: 0.2319 (0.2606)  frame_1_loss_bbox: 0.1242 (0.1373)  frame_1_loss_ce: 0.0618 (0.0688)  frame_1_loss_features: 0.0562 (0.0617)  frame_1_loss_giou: 0.2370 (0.2691)  time: 0.8146  data: 0.0001  max mem: 7526
Epoch: [1]  [320/601]  eta: 0:03:46  lr: 0.000200  grad_norm: 279.40  loss: 5.6971 (6.2032)  frame_0_aux0_loss_bbox: 0.1253 (0.1387)  frame_0_aux0_loss_ce: 0.1480 (0.1557)  frame_0_aux0_loss_giou: 0.2654 (0.2935)  frame_0_aux1_loss_bbox: 0.1180 (0.1328)  frame_0_aux1_loss_ce: 0.1494 (0.1516)  frame_0_aux1_loss_giou: 0.2315 (0.2704)  frame_0_aux2_loss_bbox: 0.1218 (0.1316)  frame_0_aux2_loss_ce: 0.1067 (0.1196)  frame_0_aux2_loss_giou: 0.2242 (0.2641)  frame_0_aux3_loss_bbox: 0.1199 (0.1313)  frame_0_aux3_loss_ce: 0.0961 (0.1106)  frame_0_aux3_loss_giou: 0.2248 (0.2629)  frame_0_aux4_loss_bbox: 0.1202 (0.1323)  frame_0_aux4_loss_ce: 0.0936 (0.1086)  frame_0_aux4_loss_giou: 0.2237 (0.2674)  frame_0_loss_bbox: 0.1200 (0.1323)  frame_0_loss_ce: 0.0928 (0.1094)  frame_0_loss_giou: 0.2263 (0.2690)  frame_1_aux0_loss_bbox: 0.1344 (0.1527)  frame_1_aux0_loss_ce: 0.0831 (0.1021)  frame_1_aux0_loss_giou: 0.2735 (0.3160)  frame_1_aux1_loss_bbox: 0.1225 (0.1398)  frame_1_aux1_loss_ce: 0.0829 (0.0964)  frame_1_aux1_loss_giou: 0.2322 (0.2743)  frame_1_aux2_loss_bbox: 0.1223 (0.1374)  frame_1_aux2_loss_ce: 0.0624 (0.0729)  frame_1_aux2_loss_giou: 0.2277 (0.2654)  frame_1_aux3_loss_bbox: 0.1213 (0.1356)  frame_1_aux3_loss_ce: 0.0608 (0.0688)  frame_1_aux3_loss_giou: 0.2218 (0.2611)  frame_1_aux4_loss_bbox: 0.1217 (0.1351)  frame_1_aux4_loss_ce: 0.0602 (0.0682)  frame_1_aux4_loss_giou: 0.2199 (0.2600)  frame_1_loss_bbox: 0.1222 (0.1374)  frame_1_loss_ce: 0.0582 (0.0686)  frame_1_loss_features: 0.0505 (0.0615)  frame_1_loss_giou: 0.2303 (0.2684)  time: 0.7972  data: 0.0001  max mem: 7526
Epoch: [1]  [330/601]  eta: 0:03:38  lr: 0.000200  grad_norm: 219.17  loss: 6.1292 (6.2046)  frame_0_aux0_loss_bbox: 0.1298 (0.1392)  frame_0_aux0_loss_ce: 0.1517 (0.1557)  frame_0_aux0_loss_giou: 0.2751 (0.2934)  frame_0_aux1_loss_bbox: 0.1255 (0.1332)  frame_0_aux1_loss_ce: 0.1553 (0.1517)  frame_0_aux1_loss_giou: 0.2359 (0.2702)  frame_0_aux2_loss_bbox: 0.1274 (0.1321)  frame_0_aux2_loss_ce: 0.1191 (0.1196)  frame_0_aux2_loss_giou: 0.2326 (0.2640)  frame_0_aux3_loss_bbox: 0.1253 (0.1316)  frame_0_aux3_loss_ce: 0.1020 (0.1106)  frame_0_aux3_loss_giou: 0.2256 (0.2625)  frame_0_aux4_loss_bbox: 0.1247 (0.1326)  frame_0_aux4_loss_ce: 0.0965 (0.1085)  frame_0_aux4_loss_giou: 0.2323 (0.2671)  frame_0_loss_bbox: 0.1224 (0.1326)  frame_0_loss_ce: 0.0977 (0.1093)  frame_0_loss_giou: 0.2358 (0.2686)  frame_1_aux0_loss_bbox: 0.1378 (0.1531)  frame_1_aux0_loss_ce: 0.0856 (0.1018)  frame_1_aux0_loss_giou: 0.2999 (0.3160)  frame_1_aux1_loss_bbox: 0.1297 (0.1403)  frame_1_aux1_loss_ce: 0.0820 (0.0962)  frame_1_aux1_loss_giou: 0.2646 (0.2739)  frame_1_aux2_loss_bbox: 0.1293 (0.1380)  frame_1_aux2_loss_ce: 0.0624 (0.0727)  frame_1_aux2_loss_giou: 0.2522 (0.2651)  frame_1_aux3_loss_bbox: 0.1269 (0.1362)  frame_1_aux3_loss_ce: 0.0600 (0.0686)  frame_1_aux3_loss_giou: 0.2434 (0.2608)  frame_1_aux4_loss_bbox: 0.1276 (0.1356)  frame_1_aux4_loss_ce: 0.0587 (0.0680)  frame_1_aux4_loss_giou: 0.2454 (0.2597)  frame_1_loss_bbox: 0.1290 (0.1379)  frame_1_loss_ce: 0.0581 (0.0684)  frame_1_loss_features: 0.0571 (0.0613)  frame_1_loss_giou: 0.2515 (0.2683)  time: 0.8099  data: 0.0001  max mem: 7526
Epoch: [1]  [340/601]  eta: 0:03:30  lr: 0.000200  grad_norm: 139.61  loss: 6.0829 (6.2095)  frame_0_aux0_loss_bbox: 0.1296 (0.1389)  frame_0_aux0_loss_ce: 0.1507 (0.1555)  frame_0_aux0_loss_giou: 0.2921 (0.2942)  frame_0_aux1_loss_bbox: 0.1255 (0.1329)  frame_0_aux1_loss_ce: 0.1538 (0.1516)  frame_0_aux1_loss_giou: 0.2689 (0.2711)  frame_0_aux2_loss_bbox: 0.1252 (0.1318)  frame_0_aux2_loss_ce: 0.1181 (0.1194)  frame_0_aux2_loss_giou: 0.2658 (0.2650)  frame_0_aux3_loss_bbox: 0.1215 (0.1314)  frame_0_aux3_loss_ce: 0.1073 (0.1106)  frame_0_aux3_loss_giou: 0.2508 (0.2635)  frame_0_aux4_loss_bbox: 0.1205 (0.1323)  frame_0_aux4_loss_ce: 0.1097 (0.1085)  frame_0_aux4_loss_giou: 0.2677 (0.2680)  frame_0_loss_bbox: 0.1198 (0.1323)  frame_0_loss_ce: 0.1131 (0.1093)  frame_0_loss_giou: 0.2619 (0.2693)  frame_1_aux0_loss_bbox: 0.1418 (0.1527)  frame_1_aux0_loss_ce: 0.0961 (0.1019)  frame_1_aux0_loss_giou: 0.3115 (0.3171)  frame_1_aux1_loss_bbox: 0.1297 (0.1399)  frame_1_aux1_loss_ce: 0.0885 (0.0962)  frame_1_aux1_loss_giou: 0.2673 (0.2746)  frame_1_aux2_loss_bbox: 0.1293 (0.1376)  frame_1_aux2_loss_ce: 0.0681 (0.0728)  frame_1_aux2_loss_giou: 0.2615 (0.2659)  frame_1_aux3_loss_bbox: 0.1269 (0.1357)  frame_1_aux3_loss_ce: 0.0609 (0.0687)  frame_1_aux3_loss_giou: 0.2558 (0.2615)  frame_1_aux4_loss_bbox: 0.1276 (0.1352)  frame_1_aux4_loss_ce: 0.0606 (0.0680)  frame_1_aux4_loss_giou: 0.2583 (0.2604)  frame_1_loss_bbox: 0.1290 (0.1374)  frame_1_loss_ce: 0.0602 (0.0685)  frame_1_loss_features: 0.0571 (0.0613)  frame_1_loss_giou: 0.2637 (0.2688)  time: 0.8406  data: 0.0001  max mem: 7526
Epoch: [1]  [350/601]  eta: 0:03:22  lr: 0.000200  grad_norm: 111.44  loss: 5.8779 (6.2044)  frame_0_aux0_loss_bbox: 0.1156 (0.1386)  frame_0_aux0_loss_ce: 0.1479 (0.1552)  frame_0_aux0_loss_giou: 0.2921 (0.2943)  frame_0_aux1_loss_bbox: 0.1145 (0.1326)  frame_0_aux1_loss_ce: 0.1450 (0.1514)  frame_0_aux1_loss_giou: 0.2689 (0.2710)  frame_0_aux2_loss_bbox: 0.1152 (0.1316)  frame_0_aux2_loss_ce: 0.1161 (0.1194)  frame_0_aux2_loss_giou: 0.2621 (0.2651)  frame_0_aux3_loss_bbox: 0.1156 (0.1311)  frame_0_aux3_loss_ce: 0.1073 (0.1106)  frame_0_aux3_loss_giou: 0.2573 (0.2634)  frame_0_aux4_loss_bbox: 0.1137 (0.1320)  frame_0_aux4_loss_ce: 0.1097 (0.1086)  frame_0_aux4_loss_giou: 0.2614 (0.2677)  frame_0_loss_bbox: 0.1153 (0.1319)  frame_0_loss_ce: 0.1089 (0.1094)  frame_0_loss_giou: 0.2567 (0.2690)  frame_1_aux0_loss_bbox: 0.1259 (0.1523)  frame_1_aux0_loss_ce: 0.0973 (0.1018)  frame_1_aux0_loss_giou: 0.3127 (0.3169)  frame_1_aux1_loss_bbox: 0.1180 (0.1396)  frame_1_aux1_loss_ce: 0.0943 (0.0962)  frame_1_aux1_loss_giou: 0.2673 (0.2746)  frame_1_aux2_loss_bbox: 0.1165 (0.1374)  frame_1_aux2_loss_ce: 0.0712 (0.0728)  frame_1_aux2_loss_giou: 0.2569 (0.2658)  frame_1_aux3_loss_bbox: 0.1149 (0.1356)  frame_1_aux3_loss_ce: 0.0699 (0.0687)  frame_1_aux3_loss_giou: 0.2519 (0.2614)  frame_1_aux4_loss_bbox: 0.1139 (0.1350)  frame_1_aux4_loss_ce: 0.0691 (0.0681)  frame_1_aux4_loss_giou: 0.2467 (0.2603)  frame_1_loss_bbox: 0.1132 (0.1371)  frame_1_loss_ce: 0.0697 (0.0685)  frame_1_loss_features: 0.0549 (0.0610)  frame_1_loss_giou: 0.2449 (0.2685)  time: 0.8279  data: 0.0001  max mem: 7526
Epoch: [1]  [360/601]  eta: 0:03:13  lr: 0.000200  grad_norm: 95.64  loss: 6.2513 (6.2076)  frame_0_aux0_loss_bbox: 0.1364 (0.1387)  frame_0_aux0_loss_ce: 0.1534 (0.1553)  frame_0_aux0_loss_giou: 0.2970 (0.2943)  frame_0_aux1_loss_bbox: 0.1255 (0.1327)  frame_0_aux1_loss_ce: 0.1450 (0.1515)  frame_0_aux1_loss_giou: 0.2668 (0.2709)  frame_0_aux2_loss_bbox: 0.1269 (0.1317)  frame_0_aux2_loss_ce: 0.1170 (0.1195)  frame_0_aux2_loss_giou: 0.2616 (0.2650)  frame_0_aux3_loss_bbox: 0.1261 (0.1313)  frame_0_aux3_loss_ce: 0.1125 (0.1106)  frame_0_aux3_loss_giou: 0.2548 (0.2634)  frame_0_aux4_loss_bbox: 0.1230 (0.1321)  frame_0_aux4_loss_ce: 0.1110 (0.1086)  frame_0_aux4_loss_giou: 0.2531 (0.2676)  frame_0_loss_bbox: 0.1225 (0.1319)  frame_0_loss_ce: 0.1094 (0.1095)  frame_0_loss_giou: 0.2567 (0.2688)  frame_1_aux0_loss_bbox: 0.1476 (0.1525)  frame_1_aux0_loss_ce: 0.1027 (0.1019)  frame_1_aux0_loss_giou: 0.3262 (0.3172)  frame_1_aux1_loss_bbox: 0.1271 (0.1399)  frame_1_aux1_loss_ce: 0.0972 (0.0962)  frame_1_aux1_loss_giou: 0.2855 (0.2749)  frame_1_aux2_loss_bbox: 0.1240 (0.1377)  frame_1_aux2_loss_ce: 0.0737 (0.0727)  frame_1_aux2_loss_giou: 0.2742 (0.2662)  frame_1_aux3_loss_bbox: 0.1222 (0.1359)  frame_1_aux3_loss_ce: 0.0708 (0.0686)  frame_1_aux3_loss_giou: 0.2624 (0.2618)  frame_1_aux4_loss_bbox: 0.1272 (0.1353)  frame_1_aux4_loss_ce: 0.0702 (0.0680)  frame_1_aux4_loss_giou: 0.2637 (0.2606)  frame_1_loss_bbox: 0.1230 (0.1374)  frame_1_loss_ce: 0.0699 (0.0684)  frame_1_loss_features: 0.0548 (0.0608)  frame_1_loss_giou: 0.2618 (0.2686)  time: 0.7370  data: 0.0001  max mem: 7526
Epoch: [1]  [370/601]  eta: 0:03:05  lr: 0.000200  grad_norm: 232.19  loss: 5.5780 (6.1960)  frame_0_aux0_loss_bbox: 0.1228 (0.1386)  frame_0_aux0_loss_ce: 0.1500 (0.1552)  frame_0_aux0_loss_giou: 0.2911 (0.2944)  frame_0_aux1_loss_bbox: 0.1173 (0.1324)  frame_0_aux1_loss_ce: 0.1426 (0.1513)  frame_0_aux1_loss_giou: 0.2589 (0.2710)  frame_0_aux2_loss_bbox: 0.1186 (0.1314)  frame_0_aux2_loss_ce: 0.1068 (0.1192)  frame_0_aux2_loss_giou: 0.2565 (0.2650)  frame_0_aux3_loss_bbox: 0.1166 (0.1309)  frame_0_aux3_loss_ce: 0.0958 (0.1104)  frame_0_aux3_loss_giou: 0.2482 (0.2632)  frame_0_aux4_loss_bbox: 0.1157 (0.1317)  frame_0_aux4_loss_ce: 0.0932 (0.1084)  frame_0_aux4_loss_giou: 0.2472 (0.2672)  frame_0_loss_bbox: 0.1157 (0.1316)  frame_0_loss_ce: 0.0950 (0.1092)  frame_0_loss_giou: 0.2383 (0.2683)  frame_1_aux0_loss_bbox: 0.1439 (0.1520)  frame_1_aux0_loss_ce: 0.0997 (0.1017)  frame_1_aux0_loss_giou: 0.2787 (0.3163)  frame_1_aux1_loss_bbox: 0.1236 (0.1394)  frame_1_aux1_loss_ce: 0.0898 (0.0960)  frame_1_aux1_loss_giou: 0.2821 (0.2746)  frame_1_aux2_loss_bbox: 0.1209 (0.1372)  frame_1_aux2_loss_ce: 0.0662 (0.0724)  frame_1_aux2_loss_giou: 0.2673 (0.2660)  frame_1_aux3_loss_bbox: 0.1221 (0.1354)  frame_1_aux3_loss_ce: 0.0610 (0.0682)  frame_1_aux3_loss_giou: 0.2624 (0.2614)  frame_1_aux4_loss_bbox: 0.1215 (0.1348)  frame_1_aux4_loss_ce: 0.0586 (0.0676)  frame_1_aux4_loss_giou: 0.2554 (0.2601)  frame_1_loss_bbox: 0.1180 (0.1368)  frame_1_loss_ce: 0.0579 (0.0681)  frame_1_loss_features: 0.0556 (0.0608)  frame_1_loss_giou: 0.2494 (0.2679)  time: 0.7351  data: 0.0001  max mem: 7526
Epoch: [1]  [380/601]  eta: 0:02:56  lr: 0.000200  grad_norm: 86.30  loss: 5.3792 (6.1902)  frame_0_aux0_loss_bbox: 0.1085 (0.1386)  frame_0_aux0_loss_ce: 0.1442 (0.1553)  frame_0_aux0_loss_giou: 0.2776 (0.2941)  frame_0_aux1_loss_bbox: 0.0969 (0.1324)  frame_0_aux1_loss_ce: 0.1407 (0.1512)  frame_0_aux1_loss_giou: 0.2515 (0.2708)  frame_0_aux2_loss_bbox: 0.0980 (0.1315)  frame_0_aux2_loss_ce: 0.0986 (0.1189)  frame_0_aux2_loss_giou: 0.2540 (0.2649)  frame_0_aux3_loss_bbox: 0.0954 (0.1310)  frame_0_aux3_loss_ce: 0.0942 (0.1102)  frame_0_aux3_loss_giou: 0.2354 (0.2630)  frame_0_aux4_loss_bbox: 0.0947 (0.1317)  frame_0_aux4_loss_ce: 0.0926 (0.1082)  frame_0_aux4_loss_giou: 0.2331 (0.2668)  frame_0_loss_bbox: 0.0939 (0.1316)  frame_0_loss_ce: 0.0917 (0.1090)  frame_0_loss_giou: 0.2383 (0.2680)  frame_1_aux0_loss_bbox: 0.1187 (0.1519)  frame_1_aux0_loss_ce: 0.0955 (0.1016)  frame_1_aux0_loss_giou: 0.2686 (0.3158)  frame_1_aux1_loss_bbox: 0.1078 (0.1394)  frame_1_aux1_loss_ce: 0.0871 (0.0958)  frame_1_aux1_loss_giou: 0.2505 (0.2744)  frame_1_aux2_loss_bbox: 0.1034 (0.1372)  frame_1_aux2_loss_ce: 0.0658 (0.0723)  frame_1_aux2_loss_giou: 0.2520 (0.2657)  frame_1_aux3_loss_bbox: 0.1043 (0.1353)  frame_1_aux3_loss_ce: 0.0588 (0.0680)  frame_1_aux3_loss_giou: 0.2385 (0.2610)  frame_1_aux4_loss_bbox: 0.1033 (0.1348)  frame_1_aux4_loss_ce: 0.0584 (0.0674)  frame_1_aux4_loss_giou: 0.2357 (0.2597)  frame_1_loss_bbox: 0.1014 (0.1368)  frame_1_loss_ce: 0.0579 (0.0679)  frame_1_loss_features: 0.0567 (0.0608)  frame_1_loss_giou: 0.2382 (0.2673)  time: 0.7346  data: 0.0001  max mem: 7526
Epoch: [1]  [390/601]  eta: 0:02:48  lr: 0.000200  grad_norm: 84.78  loss: 5.5481 (6.1810)  frame_0_aux0_loss_bbox: 0.0996 (0.1385)  frame_0_aux0_loss_ce: 0.1442 (0.1551)  frame_0_aux0_loss_giou: 0.2670 (0.2934)  frame_0_aux1_loss_bbox: 0.0969 (0.1323)  frame_0_aux1_loss_ce: 0.1347 (0.1509)  frame_0_aux1_loss_giou: 0.2479 (0.2703)  frame_0_aux2_loss_bbox: 0.0950 (0.1314)  frame_0_aux2_loss_ce: 0.0948 (0.1186)  frame_0_aux2_loss_giou: 0.2536 (0.2646)  frame_0_aux3_loss_bbox: 0.0913 (0.1309)  frame_0_aux3_loss_ce: 0.0901 (0.1098)  frame_0_aux3_loss_giou: 0.2347 (0.2624)  frame_0_aux4_loss_bbox: 0.0922 (0.1317)  frame_0_aux4_loss_ce: 0.0850 (0.1078)  frame_0_aux4_loss_giou: 0.2498 (0.2664)  frame_0_loss_bbox: 0.0925 (0.1315)  frame_0_loss_ce: 0.0890 (0.1087)  frame_0_loss_giou: 0.2426 (0.2674)  frame_1_aux0_loss_bbox: 0.1214 (0.1520)  frame_1_aux0_loss_ce: 0.0943 (0.1013)  frame_1_aux0_loss_giou: 0.2771 (0.3153)  frame_1_aux1_loss_bbox: 0.1089 (0.1395)  frame_1_aux1_loss_ce: 0.0864 (0.0955)  frame_1_aux1_loss_giou: 0.2578 (0.2741)  frame_1_aux2_loss_bbox: 0.1102 (0.1373)  frame_1_aux2_loss_ce: 0.0584 (0.0719)  frame_1_aux2_loss_giou: 0.2520 (0.2655)  frame_1_aux3_loss_bbox: 0.1061 (0.1354)  frame_1_aux3_loss_ce: 0.0571 (0.0678)  frame_1_aux3_loss_giou: 0.2385 (0.2605)  frame_1_aux4_loss_bbox: 0.1064 (0.1349)  frame_1_aux4_loss_ce: 0.0564 (0.0672)  frame_1_aux4_loss_giou: 0.2422 (0.2592)  frame_1_loss_bbox: 0.1083 (0.1369)  frame_1_loss_ce: 0.0560 (0.0676)  frame_1_loss_features: 0.0578 (0.0607)  frame_1_loss_giou: 0.2429 (0.2668)  time: 0.7694  data: 0.0001  max mem: 7526
Epoch: [1]  [400/601]  eta: 0:02:40  lr: 0.000200  grad_norm: 65.40  loss: 5.1868 (6.1612)  frame_0_aux0_loss_bbox: 0.0987 (0.1378)  frame_0_aux0_loss_ce: 0.1403 (0.1547)  frame_0_aux0_loss_giou: 0.2569 (0.2929)  frame_0_aux1_loss_bbox: 0.0937 (0.1316)  frame_0_aux1_loss_ce: 0.1330 (0.1505)  frame_0_aux1_loss_giou: 0.2367 (0.2697)  frame_0_aux2_loss_bbox: 0.0948 (0.1308)  frame_0_aux2_loss_ce: 0.0948 (0.1180)  frame_0_aux2_loss_giou: 0.2476 (0.2642)  frame_0_aux3_loss_bbox: 0.0916 (0.1302)  frame_0_aux3_loss_ce: 0.0848 (0.1093)  frame_0_aux3_loss_giou: 0.2297 (0.2616)  frame_0_aux4_loss_bbox: 0.0915 (0.1309)  frame_0_aux4_loss_ce: 0.0850 (0.1074)  frame_0_aux4_loss_giou: 0.2369 (0.2657)  frame_0_loss_bbox: 0.0900 (0.1308)  frame_0_loss_ce: 0.0883 (0.1082)  frame_0_loss_giou: 0.2384 (0.2665)  frame_1_aux0_loss_bbox: 0.1137 (0.1514)  frame_1_aux0_loss_ce: 0.0873 (0.1009)  frame_1_aux0_loss_giou: 0.2870 (0.3150)  frame_1_aux1_loss_bbox: 0.0983 (0.1388)  frame_1_aux1_loss_ce: 0.0800 (0.0952)  frame_1_aux1_loss_giou: 0.2437 (0.2735)  frame_1_aux2_loss_bbox: 0.0994 (0.1366)  frame_1_aux2_loss_ce: 0.0565 (0.0715)  frame_1_aux2_loss_giou: 0.2487 (0.2653)  frame_1_aux3_loss_bbox: 0.0976 (0.1347)  frame_1_aux3_loss_ce: 0.0502 (0.0673)  frame_1_aux3_loss_giou: 0.2361 (0.2602)  frame_1_aux4_loss_bbox: 0.0980 (0.1342)  frame_1_aux4_loss_ce: 0.0516 (0.0668)  frame_1_aux4_loss_giou: 0.2294 (0.2587)  frame_1_loss_bbox: 0.0996 (0.1362)  frame_1_loss_ce: 0.0556 (0.0673)  frame_1_loss_features: 0.0515 (0.0606)  frame_1_loss_giou: 0.2376 (0.2662)  time: 0.7952  data: 0.0001  max mem: 7526
Epoch: [1]  [410/601]  eta: 0:02:32  lr: 0.000200  grad_norm: 134.30  loss: 5.4649 (6.1572)  frame_0_aux0_loss_bbox: 0.0987 (0.1375)  frame_0_aux0_loss_ce: 0.1345 (0.1543)  frame_0_aux0_loss_giou: 0.2627 (0.2934)  frame_0_aux1_loss_bbox: 0.0879 (0.1312)  frame_0_aux1_loss_ce: 0.1301 (0.1502)  frame_0_aux1_loss_giou: 0.2463 (0.2700)  frame_0_aux2_loss_bbox: 0.0931 (0.1304)  frame_0_aux2_loss_ce: 0.0949 (0.1174)  frame_0_aux2_loss_giou: 0.2476 (0.2647)  frame_0_aux3_loss_bbox: 0.0916 (0.1299)  frame_0_aux3_loss_ce: 0.0875 (0.1087)  frame_0_aux3_loss_giou: 0.2358 (0.2621)  frame_0_aux4_loss_bbox: 0.0915 (0.1306)  frame_0_aux4_loss_ce: 0.0865 (0.1069)  frame_0_aux4_loss_giou: 0.2369 (0.2661)  frame_0_loss_bbox: 0.0900 (0.1305)  frame_0_loss_ce: 0.0878 (0.1077)  frame_0_loss_giou: 0.2384 (0.2667)  frame_1_aux0_loss_bbox: 0.1047 (0.1509)  frame_1_aux0_loss_ce: 0.0919 (0.1008)  frame_1_aux0_loss_giou: 0.3028 (0.3152)  frame_1_aux1_loss_bbox: 0.0951 (0.1384)  frame_1_aux1_loss_ce: 0.0892 (0.0951)  frame_1_aux1_loss_giou: 0.2468 (0.2739)  frame_1_aux2_loss_bbox: 0.0977 (0.1362)  frame_1_aux2_loss_ce: 0.0621 (0.0713)  frame_1_aux2_loss_giou: 0.2487 (0.2656)  frame_1_aux3_loss_bbox: 0.0967 (0.1343)  frame_1_aux3_loss_ce: 0.0565 (0.0671)  frame_1_aux3_loss_giou: 0.2410 (0.2606)  frame_1_aux4_loss_bbox: 0.0937 (0.1338)  frame_1_aux4_loss_ce: 0.0573 (0.0666)  frame_1_aux4_loss_giou: 0.2357 (0.2591)  frame_1_loss_bbox: 0.0950 (0.1358)  frame_1_loss_ce: 0.0576 (0.0670)  frame_1_loss_features: 0.0581 (0.0606)  frame_1_loss_giou: 0.2412 (0.2663)  time: 0.8040  data: 0.0001  max mem: 7526
Epoch: [1]  [420/601]  eta: 0:02:25  lr: 0.000200  grad_norm: 275.47  loss: 5.4649 (6.1461)  frame_0_aux0_loss_bbox: 0.0929 (0.1373)  frame_0_aux0_loss_ce: 0.1341 (0.1544)  frame_0_aux0_loss_giou: 0.2760 (0.2927)  frame_0_aux1_loss_bbox: 0.0871 (0.1310)  frame_0_aux1_loss_ce: 0.1319 (0.1502)  frame_0_aux1_loss_giou: 0.2520 (0.2694)  frame_0_aux2_loss_bbox: 0.0876 (0.1303)  frame_0_aux2_loss_ce: 0.0960 (0.1173)  frame_0_aux2_loss_giou: 0.2446 (0.2642)  frame_0_aux3_loss_bbox: 0.0868 (0.1298)  frame_0_aux3_loss_ce: 0.0870 (0.1085)  frame_0_aux3_loss_giou: 0.2505 (0.2616)  frame_0_aux4_loss_bbox: 0.0877 (0.1305)  frame_0_aux4_loss_ce: 0.0865 (0.1066)  frame_0_aux4_loss_giou: 0.2354 (0.2655)  frame_0_loss_bbox: 0.0866 (0.1303)  frame_0_loss_ce: 0.0837 (0.1075)  frame_0_loss_giou: 0.2314 (0.2660)  frame_1_aux0_loss_bbox: 0.1144 (0.1508)  frame_1_aux0_loss_ce: 0.0970 (0.1008)  frame_1_aux0_loss_giou: 0.2903 (0.3144)  frame_1_aux1_loss_bbox: 0.0914 (0.1382)  frame_1_aux1_loss_ce: 0.0922 (0.0950)  frame_1_aux1_loss_giou: 0.2617 (0.2733)  frame_1_aux2_loss_bbox: 0.0939 (0.1361)  frame_1_aux2_loss_ce: 0.0661 (0.0711)  frame_1_aux2_loss_giou: 0.2441 (0.2649)  frame_1_aux3_loss_bbox: 0.0908 (0.1343)  frame_1_aux3_loss_ce: 0.0606 (0.0670)  frame_1_aux3_loss_giou: 0.2431 (0.2599)  frame_1_aux4_loss_bbox: 0.0927 (0.1338)  frame_1_aux4_loss_ce: 0.0606 (0.0664)  frame_1_aux4_loss_giou: 0.2392 (0.2584)  frame_1_loss_bbox: 0.0891 (0.1356)  frame_1_loss_ce: 0.0604 (0.0669)  frame_1_loss_features: 0.0602 (0.0606)  frame_1_loss_giou: 0.2401 (0.2655)  time: 0.8203  data: 0.0001  max mem: 7526
Epoch: [1]  [430/601]  eta: 0:02:16  lr: 0.000200  grad_norm: 78.48  loss: 5.4756 (6.1549)  frame_0_aux0_loss_bbox: 0.1160 (0.1377)  frame_0_aux0_loss_ce: 0.1569 (0.1547)  frame_0_aux0_loss_giou: 0.2565 (0.2928)  frame_0_aux1_loss_bbox: 0.1091 (0.1314)  frame_0_aux1_loss_ce: 0.1549 (0.1506)  frame_0_aux1_loss_giou: 0.2344 (0.2694)  frame_0_aux2_loss_bbox: 0.1054 (0.1307)  frame_0_aux2_loss_ce: 0.1245 (0.1177)  frame_0_aux2_loss_giou: 0.2306 (0.2641)  frame_0_aux3_loss_bbox: 0.1062 (0.1301)  frame_0_aux3_loss_ce: 0.1168 (0.1089)  frame_0_aux3_loss_giou: 0.2333 (0.2616)  frame_0_aux4_loss_bbox: 0.1156 (0.1309)  frame_0_aux4_loss_ce: 0.1072 (0.1069)  frame_0_aux4_loss_giou: 0.2299 (0.2655)  frame_0_loss_bbox: 0.1148 (0.1306)  frame_0_loss_ce: 0.1078 (0.1078)  frame_0_loss_giou: 0.2238 (0.2659)  frame_1_aux0_loss_bbox: 0.1351 (0.1516)  frame_1_aux0_loss_ce: 0.0942 (0.1007)  frame_1_aux0_loss_giou: 0.2982 (0.3146)  frame_1_aux1_loss_bbox: 0.1271 (0.1390)  frame_1_aux1_loss_ce: 0.0861 (0.0948)  frame_1_aux1_loss_giou: 0.2536 (0.2734)  frame_1_aux2_loss_bbox: 0.1237 (0.1368)  frame_1_aux2_loss_ce: 0.0674 (0.0710)  frame_1_aux2_loss_giou: 0.2441 (0.2650)  frame_1_aux3_loss_bbox: 0.1222 (0.1350)  frame_1_aux3_loss_ce: 0.0606 (0.0669)  frame_1_aux3_loss_giou: 0.2423 (0.2601)  frame_1_aux4_loss_bbox: 0.1195 (0.1345)  frame_1_aux4_loss_ce: 0.0606 (0.0663)  frame_1_aux4_loss_giou: 0.2384 (0.2585)  frame_1_loss_bbox: 0.1200 (0.1364)  frame_1_loss_ce: 0.0606 (0.0668)  frame_1_loss_features: 0.0591 (0.0606)  frame_1_loss_giou: 0.2332 (0.2655)  time: 0.7840  data: 0.0001  max mem: 7526
Epoch: [1]  [440/601]  eta: 0:02:08  lr: 0.000200  grad_norm: 64.22  loss: 6.0795 (6.1508)  frame_0_aux0_loss_bbox: 0.1424 (0.1379)  frame_0_aux0_loss_ce: 0.1569 (0.1548)  frame_0_aux0_loss_giou: 0.2565 (0.2920)  frame_0_aux1_loss_bbox: 0.1369 (0.1316)  frame_0_aux1_loss_ce: 0.1549 (0.1507)  frame_0_aux1_loss_giou: 0.2354 (0.2687)  frame_0_aux2_loss_bbox: 0.1336 (0.1309)  frame_0_aux2_loss_ce: 0.1245 (0.1176)  frame_0_aux2_loss_giou: 0.2337 (0.2634)  frame_0_aux3_loss_bbox: 0.1253 (0.1304)  frame_0_aux3_loss_ce: 0.1166 (0.1088)  frame_0_aux3_loss_giou: 0.2295 (0.2609)  frame_0_aux4_loss_bbox: 0.1283 (0.1312)  frame_0_aux4_loss_ce: 0.1072 (0.1069)  frame_0_aux4_loss_giou: 0.2379 (0.2647)  frame_0_loss_bbox: 0.1278 (0.1309)  frame_0_loss_ce: 0.1078 (0.1078)  frame_0_loss_giou: 0.2418 (0.2651)  frame_1_aux0_loss_bbox: 0.1568 (0.1521)  frame_1_aux0_loss_ce: 0.0942 (0.1007)  frame_1_aux0_loss_giou: 0.2985 (0.3140)  frame_1_aux1_loss_bbox: 0.1485 (0.1395)  frame_1_aux1_loss_ce: 0.0887 (0.0948)  frame_1_aux1_loss_giou: 0.2598 (0.2729)  frame_1_aux2_loss_bbox: 0.1457 (0.1373)  frame_1_aux2_loss_ce: 0.0671 (0.0710)  frame_1_aux2_loss_giou: 0.2554 (0.2645)  frame_1_aux3_loss_bbox: 0.1442 (0.1355)  frame_1_aux3_loss_ce: 0.0596 (0.0668)  frame_1_aux3_loss_giou: 0.2487 (0.2595)  frame_1_aux4_loss_bbox: 0.1459 (0.1350)  frame_1_aux4_loss_ce: 0.0604 (0.0662)  frame_1_aux4_loss_giou: 0.2456 (0.2580)  frame_1_loss_bbox: 0.1481 (0.1368)  frame_1_loss_ce: 0.0589 (0.0667)  frame_1_loss_features: 0.0559 (0.0605)  frame_1_loss_giou: 0.2410 (0.2648)  time: 0.7445  data: 0.0001  max mem: 7526
Epoch: [1]  [450/601]  eta: 0:02:00  lr: 0.000200  grad_norm: 50.25  loss: 5.7651 (6.1481)  frame_0_aux0_loss_bbox: 0.1297 (0.1381)  frame_0_aux0_loss_ce: 0.1426 (0.1545)  frame_0_aux0_loss_giou: 0.2761 (0.2918)  frame_0_aux1_loss_bbox: 0.1247 (0.1318)  frame_0_aux1_loss_ce: 0.1446 (0.1504)  frame_0_aux1_loss_giou: 0.2502 (0.2685)  frame_0_aux2_loss_bbox: 0.1214 (0.1310)  frame_0_aux2_loss_ce: 0.1107 (0.1175)  frame_0_aux2_loss_giou: 0.2465 (0.2632)  frame_0_aux3_loss_bbox: 0.1227 (0.1304)  frame_0_aux3_loss_ce: 0.1059 (0.1087)  frame_0_aux3_loss_giou: 0.2432 (0.2605)  frame_0_aux4_loss_bbox: 0.1235 (0.1313)  frame_0_aux4_loss_ce: 0.1043 (0.1068)  frame_0_aux4_loss_giou: 0.2446 (0.2644)  frame_0_loss_bbox: 0.1241 (0.1310)  frame_0_loss_ce: 0.1023 (0.1077)  frame_0_loss_giou: 0.2438 (0.2647)  frame_1_aux0_loss_bbox: 0.1435 (0.1522)  frame_1_aux0_loss_ce: 0.0911 (0.1006)  frame_1_aux0_loss_giou: 0.2985 (0.3139)  frame_1_aux1_loss_bbox: 0.1277 (0.1397)  frame_1_aux1_loss_ce: 0.0908 (0.0948)  frame_1_aux1_loss_giou: 0.2598 (0.2727)  frame_1_aux2_loss_bbox: 0.1252 (0.1375)  frame_1_aux2_loss_ce: 0.0668 (0.0709)  frame_1_aux2_loss_giou: 0.2554 (0.2644)  frame_1_aux3_loss_bbox: 0.1270 (0.1357)  frame_1_aux3_loss_ce: 0.0598 (0.0667)  frame_1_aux3_loss_giou: 0.2444 (0.2594)  frame_1_aux4_loss_bbox: 0.1231 (0.1351)  frame_1_aux4_loss_ce: 0.0608 (0.0661)  frame_1_aux4_loss_giou: 0.2442 (0.2579)  frame_1_loss_bbox: 0.1240 (0.1369)  frame_1_loss_ce: 0.0589 (0.0666)  frame_1_loss_features: 0.0583 (0.0604)  frame_1_loss_giou: 0.2434 (0.2646)  time: 0.7451  data: 0.0001  max mem: 7526
Epoch: [1]  [460/601]  eta: 0:01:52  lr: 0.000200  grad_norm: 69.94  loss: 6.0964 (6.1460)  frame_0_aux0_loss_bbox: 0.1269 (0.1381)  frame_0_aux0_loss_ce: 0.1429 (0.1543)  frame_0_aux0_loss_giou: 0.2860 (0.2915)  frame_0_aux1_loss_bbox: 0.1173 (0.1319)  frame_0_aux1_loss_ce: 0.1387 (0.1502)  frame_0_aux1_loss_giou: 0.2548 (0.2683)  frame_0_aux2_loss_bbox: 0.1214 (0.1312)  frame_0_aux2_loss_ce: 0.1099 (0.1172)  frame_0_aux2_loss_giou: 0.2480 (0.2631)  frame_0_aux3_loss_bbox: 0.1227 (0.1307)  frame_0_aux3_loss_ce: 0.0989 (0.1084)  frame_0_aux3_loss_giou: 0.2444 (0.2606)  frame_0_aux4_loss_bbox: 0.1213 (0.1315)  frame_0_aux4_loss_ce: 0.1010 (0.1066)  frame_0_aux4_loss_giou: 0.2465 (0.2643)  frame_0_loss_bbox: 0.1187 (0.1311)  frame_0_loss_ce: 0.1018 (0.1074)  frame_0_loss_giou: 0.2469 (0.2646)  frame_1_aux0_loss_bbox: 0.1286 (0.1523)  frame_1_aux0_loss_ce: 0.0952 (0.1006)  frame_1_aux0_loss_giou: 0.3024 (0.3137)  frame_1_aux1_loss_bbox: 0.1178 (0.1397)  frame_1_aux1_loss_ce: 0.0919 (0.0947)  frame_1_aux1_loss_giou: 0.2604 (0.2725)  frame_1_aux2_loss_bbox: 0.1140 (0.1375)  frame_1_aux2_loss_ce: 0.0702 (0.0708)  frame_1_aux2_loss_giou: 0.2565 (0.2643)  frame_1_aux3_loss_bbox: 0.1161 (0.1358)  frame_1_aux3_loss_ce: 0.0650 (0.0666)  frame_1_aux3_loss_giou: 0.2489 (0.2594)  frame_1_aux4_loss_bbox: 0.1130 (0.1352)  frame_1_aux4_loss_ce: 0.0643 (0.0661)  frame_1_aux4_loss_giou: 0.2465 (0.2579)  frame_1_loss_bbox: 0.1153 (0.1369)  frame_1_loss_ce: 0.0654 (0.0665)  frame_1_loss_features: 0.0583 (0.0604)  frame_1_loss_giou: 0.2451 (0.2644)  time: 0.7620  data: 0.0001  max mem: 7526
Epoch: [1]  [470/601]  eta: 0:01:44  lr: 0.000200  grad_norm: 56.76  loss: 6.0720 (6.1496)  frame_0_aux0_loss_bbox: 0.1240 (0.1381)  frame_0_aux0_loss_ce: 0.1429 (0.1543)  frame_0_aux0_loss_giou: 0.2637 (0.2919)  frame_0_aux1_loss_bbox: 0.1173 (0.1319)  frame_0_aux1_loss_ce: 0.1375 (0.1501)  frame_0_aux1_loss_giou: 0.2471 (0.2686)  frame_0_aux2_loss_bbox: 0.1145 (0.1312)  frame_0_aux2_loss_ce: 0.1074 (0.1172)  frame_0_aux2_loss_giou: 0.2469 (0.2635)  frame_0_aux3_loss_bbox: 0.1236 (0.1308)  frame_0_aux3_loss_ce: 0.0988 (0.1084)  frame_0_aux3_loss_giou: 0.2471 (0.2612)  frame_0_aux4_loss_bbox: 0.1165 (0.1315)  frame_0_aux4_loss_ce: 0.0957 (0.1066)  frame_0_aux4_loss_giou: 0.2415 (0.2646)  frame_0_loss_bbox: 0.1140 (0.1311)  frame_0_loss_ce: 0.0977 (0.1075)  frame_0_loss_giou: 0.2349 (0.2647)  frame_1_aux0_loss_bbox: 0.1226 (0.1522)  frame_1_aux0_loss_ce: 0.0954 (0.1006)  frame_1_aux0_loss_giou: 0.2983 (0.3138)  frame_1_aux1_loss_bbox: 0.1119 (0.1397)  frame_1_aux1_loss_ce: 0.0894 (0.0947)  frame_1_aux1_loss_giou: 0.2530 (0.2727)  frame_1_aux2_loss_bbox: 0.1135 (0.1376)  frame_1_aux2_loss_ce: 0.0636 (0.0708)  frame_1_aux2_loss_giou: 0.2503 (0.2645)  frame_1_aux3_loss_bbox: 0.1161 (0.1358)  frame_1_aux3_loss_ce: 0.0622 (0.0666)  frame_1_aux3_loss_giou: 0.2488 (0.2597)  frame_1_aux4_loss_bbox: 0.1122 (0.1352)  frame_1_aux4_loss_ce: 0.0599 (0.0661)  frame_1_aux4_loss_giou: 0.2408 (0.2581)  frame_1_loss_bbox: 0.1104 (0.1369)  frame_1_loss_ce: 0.0597 (0.0666)  frame_1_loss_features: 0.0656 (0.0605)  frame_1_loss_giou: 0.2431 (0.2645)  time: 0.7544  data: 0.0001  max mem: 7526
Epoch: [1]  [480/601]  eta: 0:01:36  lr: 0.000200  grad_norm: 110.52  loss: 6.0720 (6.1490)  frame_0_aux0_loss_bbox: 0.1240 (0.1382)  frame_0_aux0_loss_ce: 0.1490 (0.1541)  frame_0_aux0_loss_giou: 0.2836 (0.2919)  frame_0_aux1_loss_bbox: 0.1175 (0.1321)  frame_0_aux1_loss_ce: 0.1465 (0.1501)  frame_0_aux1_loss_giou: 0.2655 (0.2686)  frame_0_aux2_loss_bbox: 0.1145 (0.1314)  frame_0_aux2_loss_ce: 0.1092 (0.1171)  frame_0_aux2_loss_giou: 0.2591 (0.2635)  frame_0_aux3_loss_bbox: 0.1252 (0.1311)  frame_0_aux3_loss_ce: 0.0991 (0.1082)  frame_0_aux3_loss_giou: 0.2641 (0.2613)  frame_0_aux4_loss_bbox: 0.1165 (0.1318)  frame_0_aux4_loss_ce: 0.1009 (0.1065)  frame_0_aux4_loss_giou: 0.2554 (0.2647)  frame_0_loss_bbox: 0.1140 (0.1313)  frame_0_loss_ce: 0.0997 (0.1073)  frame_0_loss_giou: 0.2517 (0.2647)  frame_1_aux0_loss_bbox: 0.1262 (0.1523)  frame_1_aux0_loss_ce: 0.0944 (0.1004)  frame_1_aux0_loss_giou: 0.2983 (0.3134)  frame_1_aux1_loss_bbox: 0.1209 (0.1399)  frame_1_aux1_loss_ce: 0.0883 (0.0945)  frame_1_aux1_loss_giou: 0.2664 (0.2724)  frame_1_aux2_loss_bbox: 0.1161 (0.1377)  frame_1_aux2_loss_ce: 0.0624 (0.0707)  frame_1_aux2_loss_giou: 0.2549 (0.2643)  frame_1_aux3_loss_bbox: 0.1165 (0.1361)  frame_1_aux3_loss_ce: 0.0577 (0.0665)  frame_1_aux3_loss_giou: 0.2488 (0.2596)  frame_1_aux4_loss_bbox: 0.1146 (0.1354)  frame_1_aux4_loss_ce: 0.0584 (0.0660)  frame_1_aux4_loss_giou: 0.2408 (0.2579)  frame_1_loss_bbox: 0.1165 (0.1371)  frame_1_loss_ce: 0.0575 (0.0665)  frame_1_loss_features: 0.0653 (0.0604)  frame_1_loss_giou: 0.2452 (0.2642)  time: 0.8672  data: 0.1292  max mem: 7526
Epoch: [1]  [490/601]  eta: 0:01:28  lr: 0.000200  grad_norm: 76.15  loss: 5.8897 (6.1406)  frame_0_aux0_loss_bbox: 0.1136 (0.1378)  frame_0_aux0_loss_ce: 0.1378 (0.1538)  frame_0_aux0_loss_giou: 0.2895 (0.2917)  frame_0_aux1_loss_bbox: 0.1092 (0.1317)  frame_0_aux1_loss_ce: 0.1427 (0.1499)  frame_0_aux1_loss_giou: 0.2725 (0.2684)  frame_0_aux2_loss_bbox: 0.1089 (0.1310)  frame_0_aux2_loss_ce: 0.1108 (0.1169)  frame_0_aux2_loss_giou: 0.2623 (0.2632)  frame_0_aux3_loss_bbox: 0.1059 (0.1307)  frame_0_aux3_loss_ce: 0.1026 (0.1081)  frame_0_aux3_loss_giou: 0.2684 (0.2610)  frame_0_aux4_loss_bbox: 0.1121 (0.1315)  frame_0_aux4_loss_ce: 0.1005 (0.1063)  frame_0_aux4_loss_giou: 0.2692 (0.2646)  frame_0_loss_bbox: 0.1088 (0.1310)  frame_0_loss_ce: 0.0998 (0.1072)  frame_0_loss_giou: 0.2600 (0.2645)  frame_1_aux0_loss_bbox: 0.1326 (0.1519)  frame_1_aux0_loss_ce: 0.0899 (0.1002)  frame_1_aux0_loss_giou: 0.2972 (0.3133)  frame_1_aux1_loss_bbox: 0.1209 (0.1395)  frame_1_aux1_loss_ce: 0.0844 (0.0944)  frame_1_aux1_loss_giou: 0.2645 (0.2722)  frame_1_aux2_loss_bbox: 0.1190 (0.1374)  frame_1_aux2_loss_ce: 0.0651 (0.0705)  frame_1_aux2_loss_giou: 0.2632 (0.2640)  frame_1_aux3_loss_bbox: 0.1193 (0.1357)  frame_1_aux3_loss_ce: 0.0615 (0.0663)  frame_1_aux3_loss_giou: 0.2561 (0.2593)  frame_1_aux4_loss_bbox: 0.1186 (0.1351)  frame_1_aux4_loss_ce: 0.0614 (0.0659)  frame_1_aux4_loss_giou: 0.2533 (0.2576)  frame_1_loss_bbox: 0.1187 (0.1368)  frame_1_loss_ce: 0.0605 (0.0663)  frame_1_loss_features: 0.0579 (0.0604)  frame_1_loss_giou: 0.2571 (0.2641)  time: 0.9117  data: 0.1293  max mem: 7526
Epoch: [1]  [500/601]  eta: 0:01:20  lr: 0.000200  grad_norm: 170.55  loss: 5.6793 (6.1360)  frame_0_aux0_loss_bbox: 0.1136 (0.1376)  frame_0_aux0_loss_ce: 0.1353 (0.1536)  frame_0_aux0_loss_giou: 0.2919 (0.2918)  frame_0_aux1_loss_bbox: 0.1054 (0.1314)  frame_0_aux1_loss_ce: 0.1423 (0.1498)  frame_0_aux1_loss_giou: 0.2725 (0.2684)  frame_0_aux2_loss_bbox: 0.1045 (0.1307)  frame_0_aux2_loss_ce: 0.1072 (0.1168)  frame_0_aux2_loss_giou: 0.2623 (0.2632)  frame_0_aux3_loss_bbox: 0.1052 (0.1304)  frame_0_aux3_loss_ce: 0.1014 (0.1079)  frame_0_aux3_loss_giou: 0.2562 (0.2609)  frame_0_aux4_loss_bbox: 0.1037 (0.1312)  frame_0_aux4_loss_ce: 0.1005 (0.1062)  frame_0_aux4_loss_giou: 0.2657 (0.2646)  frame_0_loss_bbox: 0.1083 (0.1307)  frame_0_loss_ce: 0.1018 (0.1070)  frame_0_loss_giou: 0.2622 (0.2644)  frame_1_aux0_loss_bbox: 0.1330 (0.1518)  frame_1_aux0_loss_ce: 0.0930 (0.1000)  frame_1_aux0_loss_giou: 0.3180 (0.3135)  frame_1_aux1_loss_bbox: 0.1176 (0.1393)  frame_1_aux1_loss_ce: 0.0863 (0.0943)  frame_1_aux1_loss_giou: 0.2704 (0.2721)  frame_1_aux2_loss_bbox: 0.1164 (0.1372)  frame_1_aux2_loss_ce: 0.0667 (0.0705)  frame_1_aux2_loss_giou: 0.2628 (0.2640)  frame_1_aux3_loss_bbox: 0.1131 (0.1355)  frame_1_aux3_loss_ce: 0.0622 (0.0662)  frame_1_aux3_loss_giou: 0.2561 (0.2593)  frame_1_aux4_loss_bbox: 0.1167 (0.1349)  frame_1_aux4_loss_ce: 0.0614 (0.0658)  frame_1_aux4_loss_giou: 0.2584 (0.2576)  frame_1_loss_bbox: 0.1160 (0.1366)  frame_1_loss_ce: 0.0605 (0.0662)  frame_1_loss_features: 0.0615 (0.0604)  frame_1_loss_giou: 0.2571 (0.2640)  time: 0.7820  data: 0.0001  max mem: 7526
Epoch: [1]  [510/601]  eta: 0:01:12  lr: 0.000200  grad_norm: 119.21  loss: 5.4406 (6.1203)  frame_0_aux0_loss_bbox: 0.1068 (0.1371)  frame_0_aux0_loss_ce: 0.1348 (0.1532)  frame_0_aux0_loss_giou: 0.2635 (0.2913)  frame_0_aux1_loss_bbox: 0.1025 (0.1310)  frame_0_aux1_loss_ce: 0.1383 (0.1495)  frame_0_aux1_loss_giou: 0.2376 (0.2679)  frame_0_aux2_loss_bbox: 0.0983 (0.1303)  frame_0_aux2_loss_ce: 0.1005 (0.1163)  frame_0_aux2_loss_giou: 0.2350 (0.2626)  frame_0_aux3_loss_bbox: 0.0967 (0.1300)  frame_0_aux3_loss_ce: 0.0907 (0.1075)  frame_0_aux3_loss_giou: 0.2377 (0.2604)  frame_0_aux4_loss_bbox: 0.1019 (0.1308)  frame_0_aux4_loss_ce: 0.0922 (0.1057)  frame_0_aux4_loss_giou: 0.2383 (0.2640)  frame_0_loss_bbox: 0.0999 (0.1303)  frame_0_loss_ce: 0.0947 (0.1066)  frame_0_loss_giou: 0.2347 (0.2638)  frame_1_aux0_loss_bbox: 0.1277 (0.1513)  frame_1_aux0_loss_ce: 0.0865 (0.0997)  frame_1_aux0_loss_giou: 0.3041 (0.3133)  frame_1_aux1_loss_bbox: 0.1139 (0.1389)  frame_1_aux1_loss_ce: 0.0848 (0.0940)  frame_1_aux1_loss_giou: 0.2553 (0.2716)  frame_1_aux2_loss_bbox: 0.1116 (0.1367)  frame_1_aux2_loss_ce: 0.0588 (0.0702)  frame_1_aux2_loss_giou: 0.2473 (0.2634)  frame_1_aux3_loss_bbox: 0.1122 (0.1351)  frame_1_aux3_loss_ce: 0.0542 (0.0659)  frame_1_aux3_loss_giou: 0.2510 (0.2588)  frame_1_aux4_loss_bbox: 0.1114 (0.1345)  frame_1_aux4_loss_ce: 0.0515 (0.0655)  frame_1_aux4_loss_giou: 0.2488 (0.2571)  frame_1_loss_bbox: 0.1158 (0.1362)  frame_1_loss_ce: 0.0517 (0.0659)  frame_1_loss_features: 0.0596 (0.0605)  frame_1_loss_giou: 0.2497 (0.2634)  time: 0.7416  data: 0.0001  max mem: 7526
Epoch: [1]  [520/601]  eta: 0:01:04  lr: 0.000200  grad_norm: 100.13  loss: 5.0891 (6.1166)  frame_0_aux0_loss_bbox: 0.1122 (0.1375)  frame_0_aux0_loss_ce: 0.1288 (0.1528)  frame_0_aux0_loss_giou: 0.2541 (0.2907)  frame_0_aux1_loss_bbox: 0.1063 (0.1313)  frame_0_aux1_loss_ce: 0.1294 (0.1492)  frame_0_aux1_loss_giou: 0.2303 (0.2672)  frame_0_aux2_loss_bbox: 0.1058 (0.1307)  frame_0_aux2_loss_ce: 0.0903 (0.1159)  frame_0_aux2_loss_giou: 0.2212 (0.2620)  frame_0_aux3_loss_bbox: 0.1022 (0.1304)  frame_0_aux3_loss_ce: 0.0744 (0.1071)  frame_0_aux3_loss_giou: 0.2208 (0.2599)  frame_0_aux4_loss_bbox: 0.1107 (0.1312)  frame_0_aux4_loss_ce: 0.0740 (0.1053)  frame_0_aux4_loss_giou: 0.2210 (0.2635)  frame_0_loss_bbox: 0.1124 (0.1307)  frame_0_loss_ce: 0.0733 (0.1061)  frame_0_loss_giou: 0.2250 (0.2632)  frame_1_aux0_loss_bbox: 0.1161 (0.1519)  frame_1_aux0_loss_ce: 0.0868 (0.0996)  frame_1_aux0_loss_giou: 0.2803 (0.3128)  frame_1_aux1_loss_bbox: 0.1085 (0.1394)  frame_1_aux1_loss_ce: 0.0834 (0.0939)  frame_1_aux1_loss_giou: 0.2442 (0.2711)  frame_1_aux2_loss_bbox: 0.1094 (0.1373)  frame_1_aux2_loss_ce: 0.0558 (0.0700)  frame_1_aux2_loss_giou: 0.2293 (0.2630)  frame_1_aux3_loss_bbox: 0.1072 (0.1357)  frame_1_aux3_loss_ce: 0.0504 (0.0657)  frame_1_aux3_loss_giou: 0.2240 (0.2584)  frame_1_aux4_loss_bbox: 0.1111 (0.1351)  frame_1_aux4_loss_ce: 0.0485 (0.0653)  frame_1_aux4_loss_giou: 0.2246 (0.2568)  frame_1_loss_bbox: 0.1081 (0.1368)  frame_1_loss_ce: 0.0498 (0.0657)  frame_1_loss_features: 0.0592 (0.0605)  frame_1_loss_giou: 0.2303 (0.2630)  time: 0.7326  data: 0.0001  max mem: 7526
Epoch: [1]  [530/601]  eta: 0:00:56  lr: 0.000200  grad_norm: 112.04  loss: 5.1110 (6.1016)  frame_0_aux0_loss_bbox: 0.1122 (0.1371)  frame_0_aux0_loss_ce: 0.1320 (0.1525)  frame_0_aux0_loss_giou: 0.2515 (0.2902)  frame_0_aux1_loss_bbox: 0.1063 (0.1309)  frame_0_aux1_loss_ce: 0.1294 (0.1489)  frame_0_aux1_loss_giou: 0.2349 (0.2667)  frame_0_aux2_loss_bbox: 0.1058 (0.1303)  frame_0_aux2_loss_ce: 0.0921 (0.1155)  frame_0_aux2_loss_giou: 0.2296 (0.2616)  frame_0_aux3_loss_bbox: 0.1069 (0.1300)  frame_0_aux3_loss_ce: 0.0848 (0.1067)  frame_0_aux3_loss_giou: 0.2301 (0.2595)  frame_0_aux4_loss_bbox: 0.1107 (0.1308)  frame_0_aux4_loss_ce: 0.0862 (0.1049)  frame_0_aux4_loss_giou: 0.2308 (0.2629)  frame_0_loss_bbox: 0.1124 (0.1304)  frame_0_loss_ce: 0.0839 (0.1057)  frame_0_loss_giou: 0.2271 (0.2626)  frame_1_aux0_loss_bbox: 0.1172 (0.1515)  frame_1_aux0_loss_ce: 0.0883 (0.0994)  frame_1_aux0_loss_giou: 0.2794 (0.3123)  frame_1_aux1_loss_bbox: 0.1112 (0.1390)  frame_1_aux1_loss_ce: 0.0803 (0.0936)  frame_1_aux1_loss_giou: 0.2472 (0.2706)  frame_1_aux2_loss_bbox: 0.1161 (0.1370)  frame_1_aux2_loss_ce: 0.0558 (0.0697)  frame_1_aux2_loss_giou: 0.2380 (0.2624)  frame_1_aux3_loss_bbox: 0.1160 (0.1354)  frame_1_aux3_loss_ce: 0.0504 (0.0654)  frame_1_aux3_loss_giou: 0.2381 (0.2578)  frame_1_aux4_loss_bbox: 0.1144 (0.1348)  frame_1_aux4_loss_ce: 0.0485 (0.0649)  frame_1_aux4_loss_giou: 0.2307 (0.2561)  frame_1_loss_bbox: 0.1126 (0.1365)  frame_1_loss_ce: 0.0503 (0.0654)  frame_1_loss_features: 0.0589 (0.0606)  frame_1_loss_giou: 0.2281 (0.2623)  time: 0.7413  data: 0.0001  max mem: 7526
Epoch: [1]  [540/601]  eta: 0:00:48  lr: 0.000200  grad_norm: 71.00  loss: 5.1190 (6.0891)  frame_0_aux0_loss_bbox: 0.1008 (0.1368)  frame_0_aux0_loss_ce: 0.1318 (0.1522)  frame_0_aux0_loss_giou: 0.2566 (0.2896)  frame_0_aux1_loss_bbox: 0.0928 (0.1306)  frame_0_aux1_loss_ce: 0.1287 (0.1486)  frame_0_aux1_loss_giou: 0.2366 (0.2662)  frame_0_aux2_loss_bbox: 0.0956 (0.1301)  frame_0_aux2_loss_ce: 0.0921 (0.1152)  frame_0_aux2_loss_giou: 0.2318 (0.2611)  frame_0_aux3_loss_bbox: 0.0958 (0.1298)  frame_0_aux3_loss_ce: 0.0848 (0.1063)  frame_0_aux3_loss_giou: 0.2297 (0.2590)  frame_0_aux4_loss_bbox: 0.1003 (0.1306)  frame_0_aux4_loss_ce: 0.0862 (0.1045)  frame_0_aux4_loss_giou: 0.2268 (0.2624)  frame_0_loss_bbox: 0.0974 (0.1301)  frame_0_loss_ce: 0.0839 (0.1053)  frame_0_loss_giou: 0.2271 (0.2621)  frame_1_aux0_loss_bbox: 0.1172 (0.1512)  frame_1_aux0_loss_ce: 0.0891 (0.0992)  frame_1_aux0_loss_giou: 0.2718 (0.3119)  frame_1_aux1_loss_bbox: 0.1112 (0.1387)  frame_1_aux1_loss_ce: 0.0783 (0.0934)  frame_1_aux1_loss_giou: 0.2445 (0.2701)  frame_1_aux2_loss_bbox: 0.1124 (0.1367)  frame_1_aux2_loss_ce: 0.0556 (0.0695)  frame_1_aux2_loss_giou: 0.2365 (0.2619)  frame_1_aux3_loss_bbox: 0.1075 (0.1351)  frame_1_aux3_loss_ce: 0.0520 (0.0652)  frame_1_aux3_loss_giou: 0.2267 (0.2574)  frame_1_aux4_loss_bbox: 0.1067 (0.1345)  frame_1_aux4_loss_ce: 0.0517 (0.0647)  frame_1_aux4_loss_giou: 0.2212 (0.2557)  frame_1_loss_bbox: 0.1065 (0.1362)  frame_1_loss_ce: 0.0529 (0.0652)  frame_1_loss_features: 0.0549 (0.0604)  frame_1_loss_giou: 0.2244 (0.2617)  time: 0.8033  data: 0.0001  max mem: 7526
Epoch: [1]  [550/601]  eta: 0:00:40  lr: 0.000200  grad_norm: 225.20  loss: 5.5037 (6.0850)  frame_0_aux0_loss_bbox: 0.1053 (0.1367)  frame_0_aux0_loss_ce: 0.1396 (0.1520)  frame_0_aux0_loss_giou: 0.2608 (0.2896)  frame_0_aux1_loss_bbox: 0.0997 (0.1306)  frame_0_aux1_loss_ce: 0.1317 (0.1484)  frame_0_aux1_loss_giou: 0.2394 (0.2661)  frame_0_aux2_loss_bbox: 0.0956 (0.1301)  frame_0_aux2_loss_ce: 0.0965 (0.1149)  frame_0_aux2_loss_giou: 0.2373 (0.2611)  frame_0_aux3_loss_bbox: 0.0977 (0.1298)  frame_0_aux3_loss_ce: 0.0874 (0.1060)  frame_0_aux3_loss_giou: 0.2293 (0.2589)  frame_0_aux4_loss_bbox: 0.1003 (0.1306)  frame_0_aux4_loss_ce: 0.0869 (0.1043)  frame_0_aux4_loss_giou: 0.2284 (0.2621)  frame_0_loss_bbox: 0.0988 (0.1301)  frame_0_loss_ce: 0.0872 (0.1051)  frame_0_loss_giou: 0.2291 (0.2618)  frame_1_aux0_loss_bbox: 0.1313 (0.1512)  frame_1_aux0_loss_ce: 0.0926 (0.0992)  frame_1_aux0_loss_giou: 0.3046 (0.3117)  frame_1_aux1_loss_bbox: 0.1150 (0.1387)  frame_1_aux1_loss_ce: 0.0874 (0.0934)  frame_1_aux1_loss_giou: 0.2550 (0.2699)  frame_1_aux2_loss_bbox: 0.1124 (0.1367)  frame_1_aux2_loss_ce: 0.0594 (0.0693)  frame_1_aux2_loss_giou: 0.2439 (0.2618)  frame_1_aux3_loss_bbox: 0.1075 (0.1351)  frame_1_aux3_loss_ce: 0.0576 (0.0651)  frame_1_aux3_loss_giou: 0.2307 (0.2572)  frame_1_aux4_loss_bbox: 0.1067 (0.1345)  frame_1_aux4_loss_ce: 0.0550 (0.0646)  frame_1_aux4_loss_giou: 0.2319 (0.2555)  frame_1_loss_bbox: 0.1065 (0.1361)  frame_1_loss_ce: 0.0553 (0.0651)  frame_1_loss_features: 0.0549 (0.0604)  frame_1_loss_giou: 0.2314 (0.2614)  time: 0.7896  data: 0.0001  max mem: 7526
Epoch: [1]  [560/601]  eta: 0:00:32  lr: 0.000200  grad_norm: 147.67  loss: 5.5276 (6.0727)  frame_0_aux0_loss_bbox: 0.1100 (0.1365)  frame_0_aux0_loss_ce: 0.1339 (0.1516)  frame_0_aux0_loss_giou: 0.2608 (0.2893)  frame_0_aux1_loss_bbox: 0.1005 (0.1303)  frame_0_aux1_loss_ce: 0.1317 (0.1481)  frame_0_aux1_loss_giou: 0.2429 (0.2658)  frame_0_aux2_loss_bbox: 0.0956 (0.1298)  frame_0_aux2_loss_ce: 0.0965 (0.1145)  frame_0_aux2_loss_giou: 0.2444 (0.2608)  frame_0_aux3_loss_bbox: 0.0961 (0.1295)  frame_0_aux3_loss_ce: 0.0874 (0.1057)  frame_0_aux3_loss_giou: 0.2349 (0.2584)  frame_0_aux4_loss_bbox: 0.0921 (0.1302)  frame_0_aux4_loss_ce: 0.0869 (0.1039)  frame_0_aux4_loss_giou: 0.2314 (0.2616)  frame_0_loss_bbox: 0.0929 (0.1297)  frame_0_loss_ce: 0.0888 (0.1047)  frame_0_loss_giou: 0.2291 (0.2613)  frame_1_aux0_loss_bbox: 0.1138 (0.1508)  frame_1_aux0_loss_ce: 0.0929 (0.0990)  frame_1_aux0_loss_giou: 0.2955 (0.3115)  frame_1_aux1_loss_bbox: 0.1053 (0.1384)  frame_1_aux1_loss_ce: 0.0880 (0.0932)  frame_1_aux1_loss_giou: 0.2478 (0.2696)  frame_1_aux2_loss_bbox: 0.1016 (0.1363)  frame_1_aux2_loss_ce: 0.0567 (0.0691)  frame_1_aux2_loss_giou: 0.2382 (0.2615)  frame_1_aux3_loss_bbox: 0.0991 (0.1347)  frame_1_aux3_loss_ce: 0.0546 (0.0648)  frame_1_aux3_loss_giou: 0.2307 (0.2568)  frame_1_aux4_loss_bbox: 0.0990 (0.1342)  frame_1_aux4_loss_ce: 0.0559 (0.0643)  frame_1_aux4_loss_giou: 0.2319 (0.2550)  frame_1_loss_bbox: 0.0995 (0.1358)  frame_1_loss_ce: 0.0561 (0.0648)  frame_1_loss_features: 0.0604 (0.0604)  frame_1_loss_giou: 0.2327 (0.2609)  time: 0.7741  data: 0.0001  max mem: 7526
Epoch: [1]  [570/601]  eta: 0:00:24  lr: 0.000200  grad_norm: 117.02  loss: 5.2472 (6.0584)  frame_0_aux0_loss_bbox: 0.0977 (0.1359)  frame_0_aux0_loss_ce: 0.1297 (0.1513)  frame_0_aux0_loss_giou: 0.2629 (0.2891)  frame_0_aux1_loss_bbox: 0.0897 (0.1297)  frame_0_aux1_loss_ce: 0.1300 (0.1478)  frame_0_aux1_loss_giou: 0.2543 (0.2657)  frame_0_aux2_loss_bbox: 0.0809 (0.1292)  frame_0_aux2_loss_ce: 0.0955 (0.1143)  frame_0_aux2_loss_giou: 0.2444 (0.2606)  frame_0_aux3_loss_bbox: 0.0802 (0.1288)  frame_0_aux3_loss_ce: 0.0824 (0.1054)  frame_0_aux3_loss_giou: 0.2423 (0.2582)  frame_0_aux4_loss_bbox: 0.0801 (0.1295)  frame_0_aux4_loss_ce: 0.0838 (0.1037)  frame_0_aux4_loss_giou: 0.2386 (0.2612)  frame_0_loss_bbox: 0.0808 (0.1290)  frame_0_loss_ce: 0.0871 (0.1045)  frame_0_loss_giou: 0.2388 (0.2609)  frame_1_aux0_loss_bbox: 0.0933 (0.1500)  frame_1_aux0_loss_ce: 0.0900 (0.0989)  frame_1_aux0_loss_giou: 0.2955 (0.3112)  frame_1_aux1_loss_bbox: 0.0814 (0.1376)  frame_1_aux1_loss_ce: 0.0855 (0.0931)  frame_1_aux1_loss_giou: 0.2410 (0.2693)  frame_1_aux2_loss_bbox: 0.0797 (0.1356)  frame_1_aux2_loss_ce: 0.0567 (0.0690)  frame_1_aux2_loss_giou: 0.2355 (0.2612)  frame_1_aux3_loss_bbox: 0.0785 (0.1340)  frame_1_aux3_loss_ce: 0.0544 (0.0647)  frame_1_aux3_loss_giou: 0.2361 (0.2565)  frame_1_aux4_loss_bbox: 0.0785 (0.1334)  frame_1_aux4_loss_ce: 0.0558 (0.0642)  frame_1_aux4_loss_giou: 0.2299 (0.2547)  frame_1_loss_bbox: 0.0787 (0.1350)  frame_1_loss_ce: 0.0554 (0.0647)  frame_1_loss_features: 0.0594 (0.0604)  frame_1_loss_giou: 0.2333 (0.2604)  time: 0.8280  data: 0.0001  max mem: 7526
Epoch: [1]  [580/601]  eta: 0:00:16  lr: 0.000200  grad_norm: 563.65  loss: 5.4553 (6.0504)  frame_0_aux0_loss_bbox: 0.0975 (0.1357)  frame_0_aux0_loss_ce: 0.1329 (0.1510)  frame_0_aux0_loss_giou: 0.2767 (0.2890)  frame_0_aux1_loss_bbox: 0.0897 (0.1296)  frame_0_aux1_loss_ce: 0.1334 (0.1476)  frame_0_aux1_loss_giou: 0.2570 (0.2657)  frame_0_aux2_loss_bbox: 0.0887 (0.1290)  frame_0_aux2_loss_ce: 0.0969 (0.1140)  frame_0_aux2_loss_giou: 0.2551 (0.2607)  frame_0_aux3_loss_bbox: 0.0879 (0.1286)  frame_0_aux3_loss_ce: 0.0822 (0.1051)  frame_0_aux3_loss_giou: 0.2458 (0.2581)  frame_0_aux4_loss_bbox: 0.0837 (0.1292)  frame_0_aux4_loss_ce: 0.0806 (0.1034)  frame_0_aux4_loss_giou: 0.2451 (0.2609)  frame_0_loss_bbox: 0.0808 (0.1288)  frame_0_loss_ce: 0.0874 (0.1042)  frame_0_loss_giou: 0.2419 (0.2606)  frame_1_aux0_loss_bbox: 0.1098 (0.1497)  frame_1_aux0_loss_ce: 0.0848 (0.0987)  frame_1_aux0_loss_giou: 0.2962 (0.3110)  frame_1_aux1_loss_bbox: 0.0943 (0.1374)  frame_1_aux1_loss_ce: 0.0823 (0.0929)  frame_1_aux1_loss_giou: 0.2468 (0.2691)  frame_1_aux2_loss_bbox: 0.0900 (0.1353)  frame_1_aux2_loss_ce: 0.0533 (0.0688)  frame_1_aux2_loss_giou: 0.2422 (0.2610)  frame_1_aux3_loss_bbox: 0.0885 (0.1337)  frame_1_aux3_loss_ce: 0.0519 (0.0645)  frame_1_aux3_loss_giou: 0.2387 (0.2562)  frame_1_aux4_loss_bbox: 0.0894 (0.1331)  frame_1_aux4_loss_ce: 0.0525 (0.0641)  frame_1_aux4_loss_giou: 0.2336 (0.2543)  frame_1_loss_bbox: 0.0905 (0.1347)  frame_1_loss_ce: 0.0543 (0.0645)  frame_1_loss_features: 0.0595 (0.0604)  frame_1_loss_giou: 0.2349 (0.2601)  time: 0.8255  data: 0.0001  max mem: 7526
Epoch: [1]  [590/601]  eta: 0:00:08  lr: 0.000200  grad_norm: 98.89  loss: 5.6238 (6.0470)  frame_0_aux0_loss_bbox: 0.1069 (0.1354)  frame_0_aux0_loss_ce: 0.1349 (0.1508)  frame_0_aux0_loss_giou: 0.2829 (0.2894)  frame_0_aux1_loss_bbox: 0.1028 (0.1292)  frame_0_aux1_loss_ce: 0.1361 (0.1475)  frame_0_aux1_loss_giou: 0.2570 (0.2658)  frame_0_aux2_loss_bbox: 0.0960 (0.1287)  frame_0_aux2_loss_ce: 0.0984 (0.1139)  frame_0_aux2_loss_giou: 0.2518 (0.2608)  frame_0_aux3_loss_bbox: 0.0929 (0.1282)  frame_0_aux3_loss_ce: 0.0945 (0.1050)  frame_0_aux3_loss_giou: 0.2424 (0.2581)  frame_0_aux4_loss_bbox: 0.0910 (0.1288)  frame_0_aux4_loss_ce: 0.0930 (0.1033)  frame_0_aux4_loss_giou: 0.2400 (0.2608)  frame_0_loss_bbox: 0.0908 (0.1283)  frame_0_loss_ce: 0.0924 (0.1041)  frame_0_loss_giou: 0.2419 (0.2605)  frame_1_aux0_loss_bbox: 0.1161 (0.1494)  frame_1_aux0_loss_ce: 0.0941 (0.0987)  frame_1_aux0_loss_giou: 0.3048 (0.3116)  frame_1_aux1_loss_bbox: 0.0999 (0.1370)  frame_1_aux1_loss_ce: 0.0862 (0.0929)  frame_1_aux1_loss_giou: 0.2668 (0.2694)  frame_1_aux2_loss_bbox: 0.1007 (0.1349)  frame_1_aux2_loss_ce: 0.0623 (0.0688)  frame_1_aux2_loss_giou: 0.2648 (0.2613)  frame_1_aux3_loss_bbox: 0.0975 (0.1333)  frame_1_aux3_loss_ce: 0.0583 (0.0646)  frame_1_aux3_loss_giou: 0.2491 (0.2563)  frame_1_aux4_loss_bbox: 0.0960 (0.1327)  frame_1_aux4_loss_ce: 0.0539 (0.0641)  frame_1_aux4_loss_giou: 0.2414 (0.2544)  frame_1_loss_bbox: 0.0978 (0.1343)  frame_1_loss_ce: 0.0566 (0.0645)  frame_1_loss_features: 0.0592 (0.0604)  frame_1_loss_giou: 0.2513 (0.2600)  time: 0.7825  data: 0.0001  max mem: 7526
Epoch: [1]  [600/601]  eta: 0:00:00  lr: 0.000200  grad_norm: 58.55  loss: 5.5661 (6.0406)  frame_0_aux0_loss_bbox: 0.1111 (0.1351)  frame_0_aux0_loss_ce: 0.1394 (0.1507)  frame_0_aux0_loss_giou: 0.2885 (0.2893)  frame_0_aux1_loss_bbox: 0.1007 (0.1290)  frame_0_aux1_loss_ce: 0.1381 (0.1474)  frame_0_aux1_loss_giou: 0.2509 (0.2656)  frame_0_aux2_loss_bbox: 0.1002 (0.1284)  frame_0_aux2_loss_ce: 0.1063 (0.1139)  frame_0_aux2_loss_giou: 0.2432 (0.2605)  frame_0_aux3_loss_bbox: 0.0986 (0.1279)  frame_0_aux3_loss_ce: 0.0966 (0.1051)  frame_0_aux3_loss_giou: 0.2373 (0.2579)  frame_0_aux4_loss_bbox: 0.1004 (0.1285)  frame_0_aux4_loss_ce: 0.0937 (0.1033)  frame_0_aux4_loss_giou: 0.2347 (0.2605)  frame_0_loss_bbox: 0.0967 (0.1280)  frame_0_loss_ce: 0.0960 (0.1041)  frame_0_loss_giou: 0.2312 (0.2601)  frame_1_aux0_loss_bbox: 0.1307 (0.1491)  frame_1_aux0_loss_ce: 0.0973 (0.0987)  frame_1_aux0_loss_giou: 0.2982 (0.3114)  frame_1_aux1_loss_bbox: 0.1156 (0.1367)  frame_1_aux1_loss_ce: 0.0923 (0.0929)  frame_1_aux1_loss_giou: 0.2640 (0.2693)  frame_1_aux2_loss_bbox: 0.1163 (0.1347)  frame_1_aux2_loss_ce: 0.0673 (0.0688)  frame_1_aux2_loss_giou: 0.2626 (0.2612)  frame_1_aux3_loss_bbox: 0.1087 (0.1330)  frame_1_aux3_loss_ce: 0.0644 (0.0645)  frame_1_aux3_loss_giou: 0.2471 (0.2561)  frame_1_aux4_loss_bbox: 0.1088 (0.1324)  frame_1_aux4_loss_ce: 0.0616 (0.0640)  frame_1_aux4_loss_giou: 0.2448 (0.2541)  frame_1_loss_bbox: 0.1076 (0.1340)  frame_1_loss_ce: 0.0627 (0.0645)  frame_1_loss_features: 0.0558 (0.0603)  frame_1_loss_giou: 0.2456 (0.2597)  time: 0.8267  data: 0.0001  max mem: 7526
Epoch: [1] Total time: 0:08:00 (0.8002 s / it)
Averaged stats: lr: 0.000200  grad_norm: 58.55  loss: 5.5661 (6.0406)  frame_0_aux0_loss_bbox: 0.1111 (0.1351)  frame_0_aux0_loss_ce: 0.1394 (0.1507)  frame_0_aux0_loss_giou: 0.2885 (0.2893)  frame_0_aux1_loss_bbox: 0.1007 (0.1290)  frame_0_aux1_loss_ce: 0.1381 (0.1474)  frame_0_aux1_loss_giou: 0.2509 (0.2656)  frame_0_aux2_loss_bbox: 0.1002 (0.1284)  frame_0_aux2_loss_ce: 0.1063 (0.1139)  frame_0_aux2_loss_giou: 0.2432 (0.2605)  frame_0_aux3_loss_bbox: 0.0986 (0.1279)  frame_0_aux3_loss_ce: 0.0966 (0.1051)  frame_0_aux3_loss_giou: 0.2373 (0.2579)  frame_0_aux4_loss_bbox: 0.1004 (0.1285)  frame_0_aux4_loss_ce: 0.0937 (0.1033)  frame_0_aux4_loss_giou: 0.2347 (0.2605)  frame_0_loss_bbox: 0.0967 (0.1280)  frame_0_loss_ce: 0.0960 (0.1041)  frame_0_loss_giou: 0.2312 (0.2601)  frame_1_aux0_loss_bbox: 0.1307 (0.1491)  frame_1_aux0_loss_ce: 0.0973 (0.0987)  frame_1_aux0_loss_giou: 0.2982 (0.3114)  frame_1_aux1_loss_bbox: 0.1156 (0.1367)  frame_1_aux1_loss_ce: 0.0923 (0.0929)  frame_1_aux1_loss_giou: 0.2640 (0.2693)  frame_1_aux2_loss_bbox: 0.1163 (0.1347)  frame_1_aux2_loss_ce: 0.0673 (0.0688)  frame_1_aux2_loss_giou: 0.2626 (0.2612)  frame_1_aux3_loss_bbox: 0.1087 (0.1330)  frame_1_aux3_loss_ce: 0.0644 (0.0645)  frame_1_aux3_loss_giou: 0.2471 (0.2561)  frame_1_aux4_loss_bbox: 0.1088 (0.1324)  frame_1_aux4_loss_ce: 0.0616 (0.0640)  frame_1_aux4_loss_giou: 0.2448 (0.2541)  frame_1_loss_bbox: 0.1076 (0.1340)  frame_1_loss_ce: 0.0627 (0.0645)  frame_1_loss_features: 0.0558 (0.0603)  frame_1_loss_giou: 0.2456 (0.2597)
Dataset: epoch 1 finishes
set epoch: epoch 2 period_idx=0
Dataset: epoch 1 finishes
set epoch: epoch 2 period_idx=0
Epoch: [2]  [  0/601]  eta: 0:22:24  lr: 0.000200  grad_norm: 40.74  loss: 8.4308 (8.4308)  frame_0_aux0_loss_bbox: 0.1575 (0.1575)  frame_0_aux0_loss_ce: 0.1422 (0.1422)  frame_0_aux0_loss_giou: 0.5073 (0.5073)  frame_0_aux1_loss_bbox: 0.1447 (0.1447)  frame_0_aux1_loss_ce: 0.1347 (0.1347)  frame_0_aux1_loss_giou: 0.4661 (0.4661)  frame_0_aux2_loss_bbox: 0.1444 (0.1444)  frame_0_aux2_loss_ce: 0.1222 (0.1222)  frame_0_aux2_loss_giou: 0.4537 (0.4537)  frame_0_aux3_loss_bbox: 0.1460 (0.1460)  frame_0_aux3_loss_ce: 0.1185 (0.1185)  frame_0_aux3_loss_giou: 0.4527 (0.4527)  frame_0_aux4_loss_bbox: 0.1431 (0.1431)  frame_0_aux4_loss_ce: 0.1150 (0.1150)  frame_0_aux4_loss_giou: 0.4537 (0.4537)  frame_0_loss_bbox: 0.1441 (0.1441)  frame_0_loss_ce: 0.1110 (0.1110)  frame_0_loss_giou: 0.4562 (0.4562)  frame_1_aux0_loss_bbox: 0.1503 (0.1503)  frame_1_aux0_loss_ce: 0.1051 (0.1051)  frame_1_aux0_loss_giou: 0.4585 (0.4585)  frame_1_aux1_loss_bbox: 0.1426 (0.1426)  frame_1_aux1_loss_ce: 0.1048 (0.1048)  frame_1_aux1_loss_giou: 0.4304 (0.4304)  frame_1_aux2_loss_bbox: 0.1461 (0.1461)  frame_1_aux2_loss_ce: 0.0891 (0.0891)  frame_1_aux2_loss_giou: 0.4323 (0.4323)  frame_1_aux3_loss_bbox: 0.1393 (0.1393)  frame_1_aux3_loss_ce: 0.0868 (0.0868)  frame_1_aux3_loss_giou: 0.4133 (0.4133)  frame_1_aux4_loss_bbox: 0.1390 (0.1390)  frame_1_aux4_loss_ce: 0.0870 (0.0870)  frame_1_aux4_loss_giou: 0.4125 (0.4125)  frame_1_loss_bbox: 0.1377 (0.1377)  frame_1_loss_ce: 0.0876 (0.0876)  frame_1_loss_features: 0.0390 (0.0390)  frame_1_loss_giou: 0.4164 (0.4164)  time: 2.2365  data: 1.4719  max mem: 7526
Epoch: [2]  [ 10/601]  eta: 0:10:20  lr: 0.000200  grad_norm: 66.44  loss: 6.4779 (6.4226)  frame_0_aux0_loss_bbox: 0.1405 (0.1539)  frame_0_aux0_loss_ce: 0.1431 (0.1504)  frame_0_aux0_loss_giou: 0.2800 (0.3020)  frame_0_aux1_loss_bbox: 0.1362 (0.1496)  frame_0_aux1_loss_ce: 0.1374 (0.1465)  frame_0_aux1_loss_giou: 0.2591 (0.2798)  frame_0_aux2_loss_bbox: 0.1289 (0.1461)  frame_0_aux2_loss_ce: 0.1010 (0.1163)  frame_0_aux2_loss_giou: 0.2378 (0.2649)  frame_0_aux3_loss_bbox: 0.1291 (0.1473)  frame_0_aux3_loss_ce: 0.0943 (0.1077)  frame_0_aux3_loss_giou: 0.2465 (0.2676)  frame_0_aux4_loss_bbox: 0.1295 (0.1451)  frame_0_aux4_loss_ce: 0.0899 (0.1070)  frame_0_aux4_loss_giou: 0.2369 (0.2581)  frame_0_loss_bbox: 0.1327 (0.1451)  frame_0_loss_ce: 0.0921 (0.1057)  frame_0_loss_giou: 0.2446 (0.2592)  frame_1_aux0_loss_bbox: 0.1556 (0.1749)  frame_1_aux0_loss_ce: 0.0957 (0.0961)  frame_1_aux0_loss_giou: 0.3128 (0.3212)  frame_1_aux1_loss_bbox: 0.1459 (0.1642)  frame_1_aux1_loss_ce: 0.0909 (0.0920)  frame_1_aux1_loss_giou: 0.2731 (0.2785)  frame_1_aux2_loss_bbox: 0.1449 (0.1644)  frame_1_aux2_loss_ce: 0.0710 (0.0703)  frame_1_aux2_loss_giou: 0.2689 (0.2740)  frame_1_aux3_loss_bbox: 0.1424 (0.1621)  frame_1_aux3_loss_ce: 0.0683 (0.0661)  frame_1_aux3_loss_giou: 0.2678 (0.2700)  frame_1_aux4_loss_bbox: 0.1417 (0.1602)  frame_1_aux4_loss_ce: 0.0642 (0.0648)  frame_1_aux4_loss_giou: 0.2567 (0.2634)  frame_1_loss_bbox: 0.1427 (0.1599)  frame_1_loss_ce: 0.0678 (0.0657)  frame_1_loss_features: 0.0568 (0.0594)  frame_1_loss_giou: 0.2544 (0.2632)  time: 1.0500  data: 0.2955  max mem: 7526
Epoch: [2]  [ 20/601]  eta: 0:08:38  lr: 0.000200  grad_norm: 113.89  loss: 5.5301 (5.9866)  frame_0_aux0_loss_bbox: 0.1176 (0.1364)  frame_0_aux0_loss_ce: 0.1372 (0.1457)  frame_0_aux0_loss_giou: 0.2683 (0.2904)  frame_0_aux1_loss_bbox: 0.1061 (0.1317)  frame_0_aux1_loss_ce: 0.1374 (0.1424)  frame_0_aux1_loss_giou: 0.2458 (0.2663)  frame_0_aux2_loss_bbox: 0.1120 (0.1293)  frame_0_aux2_loss_ce: 0.1009 (0.1105)  frame_0_aux2_loss_giou: 0.2358 (0.2532)  frame_0_aux3_loss_bbox: 0.1116 (0.1304)  frame_0_aux3_loss_ce: 0.0930 (0.1011)  frame_0_aux3_loss_giou: 0.2427 (0.2557)  frame_0_aux4_loss_bbox: 0.1152 (0.1287)  frame_0_aux4_loss_ce: 0.0903 (0.1010)  frame_0_aux4_loss_giou: 0.2341 (0.2486)  frame_0_loss_bbox: 0.1119 (0.1279)  frame_0_loss_ce: 0.0901 (0.1004)  frame_0_loss_giou: 0.2347 (0.2493)  frame_1_aux0_loss_bbox: 0.1387 (0.1547)  frame_1_aux0_loss_ce: 0.0898 (0.0909)  frame_1_aux0_loss_giou: 0.2924 (0.3109)  frame_1_aux1_loss_bbox: 0.1226 (0.1434)  frame_1_aux1_loss_ce: 0.0854 (0.0860)  frame_1_aux1_loss_giou: 0.2523 (0.2660)  frame_1_aux2_loss_bbox: 0.1225 (0.1431)  frame_1_aux2_loss_ce: 0.0647 (0.0653)  frame_1_aux2_loss_giou: 0.2425 (0.2596)  frame_1_aux3_loss_bbox: 0.1223 (0.1419)  frame_1_aux3_loss_ce: 0.0579 (0.0611)  frame_1_aux3_loss_giou: 0.2422 (0.2545)  frame_1_aux4_loss_bbox: 0.1209 (0.1410)  frame_1_aux4_loss_ce: 0.0567 (0.0592)  frame_1_aux4_loss_giou: 0.2428 (0.2505)  frame_1_loss_bbox: 0.1227 (0.1409)  frame_1_loss_ce: 0.0575 (0.0597)  frame_1_loss_features: 0.0568 (0.0576)  frame_1_loss_giou: 0.2433 (0.2514)  time: 0.8257  data: 0.0890  max mem: 7526
Epoch: [2]  [ 30/601]  eta: 0:08:26  lr: 0.000200  grad_norm: 689.55  loss: 5.4257 (5.9546)  frame_0_aux0_loss_bbox: 0.1019 (0.1351)  frame_0_aux0_loss_ce: 0.1389 (0.1444)  frame_0_aux0_loss_giou: 0.2701 (0.2868)  frame_0_aux1_loss_bbox: 0.0986 (0.1301)  frame_0_aux1_loss_ce: 0.1363 (0.1409)  frame_0_aux1_loss_giou: 0.2477 (0.2630)  frame_0_aux2_loss_bbox: 0.0956 (0.1292)  frame_0_aux2_loss_ce: 0.0984 (0.1079)  frame_0_aux2_loss_giou: 0.2363 (0.2521)  frame_0_aux3_loss_bbox: 0.0992 (0.1298)  frame_0_aux3_loss_ce: 0.0900 (0.0998)  frame_0_aux3_loss_giou: 0.2381 (0.2538)  frame_0_aux4_loss_bbox: 0.1028 (0.1299)  frame_0_aux4_loss_ce: 0.0918 (0.0989)  frame_0_aux4_loss_giou: 0.2391 (0.2495)  frame_0_loss_bbox: 0.1006 (0.1280)  frame_0_loss_ce: 0.0913 (0.0991)  frame_0_loss_giou: 0.2332 (0.2481)  frame_1_aux0_loss_bbox: 0.1081 (0.1545)  frame_1_aux0_loss_ce: 0.0813 (0.0902)  frame_1_aux0_loss_giou: 0.2911 (0.3093)  frame_1_aux1_loss_bbox: 0.0990 (0.1437)  frame_1_aux1_loss_ce: 0.0761 (0.0841)  frame_1_aux1_loss_giou: 0.2446 (0.2657)  frame_1_aux2_loss_bbox: 0.0951 (0.1433)  frame_1_aux2_loss_ce: 0.0545 (0.0641)  frame_1_aux2_loss_giou: 0.2392 (0.2586)  frame_1_aux3_loss_bbox: 0.0946 (0.1417)  frame_1_aux3_loss_ce: 0.0497 (0.0599)  frame_1_aux3_loss_giou: 0.2366 (0.2534)  frame_1_aux4_loss_bbox: 0.0954 (0.1411)  frame_1_aux4_loss_ce: 0.0485 (0.0588)  frame_1_aux4_loss_giou: 0.2398 (0.2501)  frame_1_loss_bbox: 0.0958 (0.1410)  frame_1_loss_ce: 0.0485 (0.0592)  frame_1_loss_features: 0.0575 (0.0589)  frame_1_loss_giou: 0.2409 (0.2503)  time: 0.7968  data: 0.0660  max mem: 7526
Epoch: [2]  [ 40/601]  eta: 0:08:21  lr: 0.000200  grad_norm: 45.95  loss: 6.2044 (6.1701)  frame_0_aux0_loss_bbox: 0.1138 (0.1416)  frame_0_aux0_loss_ce: 0.1467 (0.1495)  frame_0_aux0_loss_giou: 0.2773 (0.2918)  frame_0_aux1_loss_bbox: 0.1082 (0.1359)  frame_0_aux1_loss_ce: 0.1444 (0.1469)  frame_0_aux1_loss_giou: 0.2517 (0.2669)  frame_0_aux2_loss_bbox: 0.1131 (0.1357)  frame_0_aux2_loss_ce: 0.1111 (0.1151)  frame_0_aux2_loss_giou: 0.2567 (0.2577)  frame_0_aux3_loss_bbox: 0.1145 (0.1363)  frame_0_aux3_loss_ce: 0.1019 (0.1054)  frame_0_aux3_loss_giou: 0.2581 (0.2600)  frame_0_aux4_loss_bbox: 0.1119 (0.1371)  frame_0_aux4_loss_ce: 0.0993 (0.1053)  frame_0_aux4_loss_giou: 0.2605 (0.2587)  frame_0_loss_bbox: 0.1080 (0.1348)  frame_0_loss_ce: 0.0973 (0.1058)  frame_0_loss_giou: 0.2571 (0.2550)  frame_1_aux0_loss_bbox: 0.1405 (0.1611)  frame_1_aux0_loss_ce: 0.0918 (0.0948)  frame_1_aux0_loss_giou: 0.3139 (0.3139)  frame_1_aux1_loss_bbox: 0.1292 (0.1501)  frame_1_aux1_loss_ce: 0.0893 (0.0893)  frame_1_aux1_loss_giou: 0.2763 (0.2720)  frame_1_aux2_loss_bbox: 0.1310 (0.1500)  frame_1_aux2_loss_ce: 0.0618 (0.0690)  frame_1_aux2_loss_giou: 0.2684 (0.2649)  frame_1_aux3_loss_bbox: 0.1268 (0.1486)  frame_1_aux3_loss_ce: 0.0561 (0.0642)  frame_1_aux3_loss_giou: 0.2522 (0.2594)  frame_1_aux4_loss_bbox: 0.1212 (0.1475)  frame_1_aux4_loss_ce: 0.0580 (0.0631)  frame_1_aux4_loss_giou: 0.2460 (0.2567)  frame_1_loss_bbox: 0.1219 (0.1475)  frame_1_loss_ce: 0.0608 (0.0635)  frame_1_loss_features: 0.0599 (0.0581)  frame_1_loss_giou: 0.2427 (0.2567)  time: 0.8939  data: 0.0660  max mem: 7526
Epoch: [2]  [ 50/601]  eta: 0:08:05  lr: 0.000200  grad_norm: 895.72  loss: 6.2205 (6.1437)  frame_0_aux0_loss_bbox: 0.1314 (0.1425)  frame_0_aux0_loss_ce: 0.1499 (0.1504)  frame_0_aux0_loss_giou: 0.2916 (0.2919)  frame_0_aux1_loss_bbox: 0.1178 (0.1347)  frame_0_aux1_loss_ce: 0.1479 (0.1483)  frame_0_aux1_loss_giou: 0.2575 (0.2646)  frame_0_aux2_loss_bbox: 0.1174 (0.1346)  frame_0_aux2_loss_ce: 0.1193 (0.1165)  frame_0_aux2_loss_giou: 0.2492 (0.2560)  frame_0_aux3_loss_bbox: 0.1203 (0.1348)  frame_0_aux3_loss_ce: 0.1056 (0.1071)  frame_0_aux3_loss_giou: 0.2581 (0.2577)  frame_0_aux4_loss_bbox: 0.1218 (0.1352)  frame_0_aux4_loss_ce: 0.1055 (0.1068)  frame_0_aux4_loss_giou: 0.2668 (0.2561)  frame_0_loss_bbox: 0.1149 (0.1332)  frame_0_loss_ce: 0.1112 (0.1072)  frame_0_loss_giou: 0.2571 (0.2521)  frame_1_aux0_loss_bbox: 0.1454 (0.1608)  frame_1_aux0_loss_ce: 0.1022 (0.0965)  frame_1_aux0_loss_giou: 0.3213 (0.3147)  frame_1_aux1_loss_bbox: 0.1325 (0.1479)  frame_1_aux1_loss_ce: 0.0942 (0.0905)  frame_1_aux1_loss_giou: 0.2622 (0.2702)  frame_1_aux2_loss_bbox: 0.1313 (0.1477)  frame_1_aux2_loss_ce: 0.0727 (0.0699)  frame_1_aux2_loss_giou: 0.2518 (0.2625)  frame_1_aux3_loss_bbox: 0.1294 (0.1463)  frame_1_aux3_loss_ce: 0.0642 (0.0654)  frame_1_aux3_loss_giou: 0.2475 (0.2565)  frame_1_aux4_loss_bbox: 0.1280 (0.1447)  frame_1_aux4_loss_ce: 0.0656 (0.0646)  frame_1_aux4_loss_giou: 0.2414 (0.2538)  frame_1_loss_bbox: 0.1289 (0.1446)  frame_1_loss_ce: 0.0669 (0.0649)  frame_1_loss_features: 0.0564 (0.0585)  frame_1_loss_giou: 0.2398 (0.2540)  time: 0.8713  data: 0.0001  max mem: 7526
Epoch: [2]  [ 60/601]  eta: 0:07:48  lr: 0.000200  grad_norm: 38.28  loss: 5.5531 (6.1599)  frame_0_aux0_loss_bbox: 0.1428 (0.1459)  frame_0_aux0_loss_ce: 0.1459 (0.1518)  frame_0_aux0_loss_giou: 0.2775 (0.2895)  frame_0_aux1_loss_bbox: 0.1366 (0.1378)  frame_0_aux1_loss_ce: 0.1383 (0.1490)  frame_0_aux1_loss_giou: 0.2394 (0.2622)  frame_0_aux2_loss_bbox: 0.1337 (0.1375)  frame_0_aux2_loss_ce: 0.1067 (0.1171)  frame_0_aux2_loss_giou: 0.2372 (0.2545)  frame_0_aux3_loss_bbox: 0.1376 (0.1377)  frame_0_aux3_loss_ce: 0.1002 (0.1078)  frame_0_aux3_loss_giou: 0.2443 (0.2562)  frame_0_aux4_loss_bbox: 0.1340 (0.1381)  frame_0_aux4_loss_ce: 0.1008 (0.1073)  frame_0_aux4_loss_giou: 0.2383 (0.2542)  frame_0_loss_bbox: 0.1357 (0.1363)  frame_0_loss_ce: 0.1027 (0.1077)  frame_0_loss_giou: 0.2318 (0.2504)  frame_1_aux0_loss_bbox: 0.1623 (0.1644)  frame_1_aux0_loss_ce: 0.0957 (0.0959)  frame_1_aux0_loss_giou: 0.3014 (0.3121)  frame_1_aux1_loss_bbox: 0.1381 (0.1515)  frame_1_aux1_loss_ce: 0.0904 (0.0897)  frame_1_aux1_loss_giou: 0.2547 (0.2685)  frame_1_aux2_loss_bbox: 0.1364 (0.1507)  frame_1_aux2_loss_ce: 0.0664 (0.0691)  frame_1_aux2_loss_giou: 0.2465 (0.2609)  frame_1_aux3_loss_bbox: 0.1388 (0.1491)  frame_1_aux3_loss_ce: 0.0587 (0.0647)  frame_1_aux3_loss_giou: 0.2328 (0.2553)  frame_1_aux4_loss_bbox: 0.1358 (0.1477)  frame_1_aux4_loss_ce: 0.0572 (0.0640)  frame_1_aux4_loss_giou: 0.2349 (0.2527)  frame_1_loss_bbox: 0.1309 (0.1477)  frame_1_loss_ce: 0.0601 (0.0642)  frame_1_loss_features: 0.0549 (0.0577)  frame_1_loss_giou: 0.2382 (0.2530)  time: 0.8110  data: 0.0001  max mem: 7526
Epoch: [2]  [ 70/601]  eta: 0:07:30  lr: 0.000200  grad_norm: 155.90  loss: 5.5531 (6.0742)  frame_0_aux0_loss_bbox: 0.1209 (0.1431)  frame_0_aux0_loss_ce: 0.1438 (0.1498)  frame_0_aux0_loss_giou: 0.2722 (0.2879)  frame_0_aux1_loss_bbox: 0.1118 (0.1347)  frame_0_aux1_loss_ce: 0.1424 (0.1476)  frame_0_aux1_loss_giou: 0.2370 (0.2603)  frame_0_aux2_loss_bbox: 0.1092 (0.1343)  frame_0_aux2_loss_ce: 0.1096 (0.1155)  frame_0_aux2_loss_giou: 0.2327 (0.2532)  frame_0_aux3_loss_bbox: 0.1089 (0.1346)  frame_0_aux3_loss_ce: 0.1046 (0.1066)  frame_0_aux3_loss_giou: 0.2381 (0.2539)  frame_0_aux4_loss_bbox: 0.1098 (0.1350)  frame_0_aux4_loss_ce: 0.1008 (0.1063)  frame_0_aux4_loss_giou: 0.2304 (0.2523)  frame_0_loss_bbox: 0.1148 (0.1337)  frame_0_loss_ce: 0.0990 (0.1065)  frame_0_loss_giou: 0.2318 (0.2496)  frame_1_aux0_loss_bbox: 0.1351 (0.1598)  frame_1_aux0_loss_ce: 0.0897 (0.0948)  frame_1_aux0_loss_giou: 0.2701 (0.3074)  frame_1_aux1_loss_bbox: 0.1248 (0.1478)  frame_1_aux1_loss_ce: 0.0851 (0.0889)  frame_1_aux1_loss_giou: 0.2332 (0.2645)  frame_1_aux2_loss_bbox: 0.1254 (0.1472)  frame_1_aux2_loss_ce: 0.0621 (0.0676)  frame_1_aux2_loss_giou: 0.2304 (0.2582)  frame_1_aux3_loss_bbox: 0.1223 (0.1455)  frame_1_aux3_loss_ce: 0.0574 (0.0634)  frame_1_aux3_loss_giou: 0.2237 (0.2523)  frame_1_aux4_loss_bbox: 0.1224 (0.1441)  frame_1_aux4_loss_ce: 0.0572 (0.0625)  frame_1_aux4_loss_giou: 0.2263 (0.2497)  frame_1_loss_bbox: 0.1245 (0.1446)  frame_1_loss_ce: 0.0602 (0.0627)  frame_1_loss_features: 0.0533 (0.0572)  frame_1_loss_giou: 0.2274 (0.2511)  time: 0.7630  data: 0.0001  max mem: 7526
Epoch: [2]  [ 80/601]  eta: 0:07:14  lr: 0.000200  grad_norm: 128.05  loss: 5.6493 (6.0175)  frame_0_aux0_loss_bbox: 0.1139 (0.1407)  frame_0_aux0_loss_ce: 0.1351 (0.1483)  frame_0_aux0_loss_giou: 0.2620 (0.2856)  frame_0_aux1_loss_bbox: 0.1065 (0.1323)  frame_0_aux1_loss_ce: 0.1312 (0.1459)  frame_0_aux1_loss_giou: 0.2346 (0.2580)  frame_0_aux2_loss_bbox: 0.1042 (0.1320)  frame_0_aux2_loss_ce: 0.1073 (0.1146)  frame_0_aux2_loss_giou: 0.2355 (0.2511)  frame_0_aux3_loss_bbox: 0.1043 (0.1321)  frame_0_aux3_loss_ce: 0.0953 (0.1055)  frame_0_aux3_loss_giou: 0.2288 (0.2514)  frame_0_aux4_loss_bbox: 0.1022 (0.1324)  frame_0_aux4_loss_ce: 0.0953 (0.1053)  frame_0_aux4_loss_giou: 0.2290 (0.2500)  frame_0_loss_bbox: 0.1026 (0.1319)  frame_0_loss_ce: 0.0952 (0.1054)  frame_0_loss_giou: 0.2359 (0.2487)  frame_1_aux0_loss_bbox: 0.1351 (0.1579)  frame_1_aux0_loss_ce: 0.0966 (0.0954)  frame_1_aux0_loss_giou: 0.2701 (0.3074)  frame_1_aux1_loss_bbox: 0.1248 (0.1457)  frame_1_aux1_loss_ce: 0.0878 (0.0886)  frame_1_aux1_loss_giou: 0.2286 (0.2628)  frame_1_aux2_loss_bbox: 0.1254 (0.1448)  frame_1_aux2_loss_ce: 0.0655 (0.0673)  frame_1_aux2_loss_giou: 0.2362 (0.2564)  frame_1_aux3_loss_bbox: 0.1223 (0.1428)  frame_1_aux3_loss_ce: 0.0624 (0.0630)  frame_1_aux3_loss_giou: 0.2295 (0.2498)  frame_1_aux4_loss_bbox: 0.1219 (0.1417)  frame_1_aux4_loss_ce: 0.0607 (0.0621)  frame_1_aux4_loss_giou: 0.2263 (0.2474)  frame_1_loss_bbox: 0.1245 (0.1426)  frame_1_loss_ce: 0.0614 (0.0624)  frame_1_loss_features: 0.0612 (0.0586)  frame_1_loss_giou: 0.2396 (0.2498)  time: 0.7380  data: 0.0001  max mem: 7526
Epoch: [2]  [ 90/601]  eta: 0:07:07  lr: 0.000200  grad_norm: 51.96  loss: 5.6235 (5.9633)  frame_0_aux0_loss_bbox: 0.1029 (0.1379)  frame_0_aux0_loss_ce: 0.1368 (0.1468)  frame_0_aux0_loss_giou: 0.2633 (0.2857)  frame_0_aux1_loss_bbox: 0.0986 (0.1298)  frame_0_aux1_loss_ce: 0.1312 (0.1445)  frame_0_aux1_loss_giou: 0.2450 (0.2581)  frame_0_aux2_loss_bbox: 0.0983 (0.1290)  frame_0_aux2_loss_ce: 0.1001 (0.1130)  frame_0_aux2_loss_giou: 0.2352 (0.2510)  frame_0_aux3_loss_bbox: 0.0965 (0.1291)  frame_0_aux3_loss_ce: 0.0919 (0.1038)  frame_0_aux3_loss_giou: 0.2325 (0.2509)  frame_0_aux4_loss_bbox: 0.0958 (0.1292)  frame_0_aux4_loss_ce: 0.0891 (0.1037)  frame_0_aux4_loss_giou: 0.2278 (0.2494)  frame_0_loss_bbox: 0.1006 (0.1288)  frame_0_loss_ce: 0.0894 (0.1037)  frame_0_loss_giou: 0.2359 (0.2486)  frame_1_aux0_loss_bbox: 0.1115 (0.1543)  frame_1_aux0_loss_ce: 0.0933 (0.0948)  frame_1_aux0_loss_giou: 0.2876 (0.3070)  frame_1_aux1_loss_bbox: 0.0953 (0.1420)  frame_1_aux1_loss_ce: 0.0860 (0.0881)  frame_1_aux1_loss_giou: 0.2461 (0.2623)  frame_1_aux2_loss_bbox: 0.0960 (0.1410)  frame_1_aux2_loss_ce: 0.0681 (0.0667)  frame_1_aux2_loss_giou: 0.2448 (0.2559)  frame_1_aux3_loss_bbox: 0.0981 (0.1392)  frame_1_aux3_loss_ce: 0.0634 (0.0627)  frame_1_aux3_loss_giou: 0.2377 (0.2497)  frame_1_aux4_loss_bbox: 0.0958 (0.1380)  frame_1_aux4_loss_ce: 0.0623 (0.0620)  frame_1_aux4_loss_giou: 0.2328 (0.2473)  frame_1_loss_bbox: 0.0998 (0.1390)  frame_1_loss_ce: 0.0614 (0.0623)  frame_1_loss_features: 0.0572 (0.0581)  frame_1_loss_giou: 0.2417 (0.2498)  time: 0.8014  data: 0.0160  max mem: 7526
Epoch: [2]  [100/601]  eta: 0:07:01  lr: 0.000200  grad_norm: 247.52  loss: 5.2150 (5.9155)  frame_0_aux0_loss_bbox: 0.1036 (0.1363)  frame_0_aux0_loss_ce: 0.1377 (0.1463)  frame_0_aux0_loss_giou: 0.2692 (0.2850)  frame_0_aux1_loss_bbox: 0.0957 (0.1282)  frame_0_aux1_loss_ce: 0.1373 (0.1441)  frame_0_aux1_loss_giou: 0.2432 (0.2568)  frame_0_aux2_loss_bbox: 0.0935 (0.1274)  frame_0_aux2_loss_ce: 0.0919 (0.1118)  frame_0_aux2_loss_giou: 0.2350 (0.2499)  frame_0_aux3_loss_bbox: 0.0946 (0.1275)  frame_0_aux3_loss_ce: 0.0846 (0.1025)  frame_0_aux3_loss_giou: 0.2290 (0.2495)  frame_0_aux4_loss_bbox: 0.0920 (0.1276)  frame_0_aux4_loss_ce: 0.0874 (0.1021)  frame_0_aux4_loss_giou: 0.2278 (0.2479)  frame_0_loss_bbox: 0.0922 (0.1272)  frame_0_loss_ce: 0.0820 (0.1022)  frame_0_loss_giou: 0.2297 (0.2473)  frame_1_aux0_loss_bbox: 0.1075 (0.1522)  frame_1_aux0_loss_ce: 0.0885 (0.0949)  frame_1_aux0_loss_giou: 0.2766 (0.3054)  frame_1_aux1_loss_bbox: 0.0953 (0.1398)  frame_1_aux1_loss_ce: 0.0855 (0.0883)  frame_1_aux1_loss_giou: 0.2409 (0.2605)  frame_1_aux2_loss_bbox: 0.0950 (0.1386)  frame_1_aux2_loss_ce: 0.0604 (0.0667)  frame_1_aux2_loss_giou: 0.2374 (0.2540)  frame_1_aux3_loss_bbox: 0.0948 (0.1370)  frame_1_aux3_loss_ce: 0.0587 (0.0628)  frame_1_aux3_loss_giou: 0.2337 (0.2479)  frame_1_aux4_loss_bbox: 0.0938 (0.1358)  frame_1_aux4_loss_ce: 0.0589 (0.0621)  frame_1_aux4_loss_giou: 0.2319 (0.2455)  frame_1_loss_bbox: 0.0947 (0.1367)  frame_1_loss_ce: 0.0554 (0.0623)  frame_1_loss_features: 0.0520 (0.0575)  frame_1_loss_giou: 0.2337 (0.2480)  time: 0.8712  data: 0.0160  max mem: 7526
Epoch: [2]  [110/601]  eta: 0:06:53  lr: 0.000200  grad_norm: 94.52  loss: 5.0963 (5.8274)  frame_0_aux0_loss_bbox: 0.1036 (0.1338)  frame_0_aux0_loss_ce: 0.1444 (0.1458)  frame_0_aux0_loss_giou: 0.2531 (0.2809)  frame_0_aux1_loss_bbox: 0.0957 (0.1258)  frame_0_aux1_loss_ce: 0.1385 (0.1437)  frame_0_aux1_loss_giou: 0.2228 (0.2528)  frame_0_aux2_loss_bbox: 0.0935 (0.1251)  frame_0_aux2_loss_ce: 0.0885 (0.1103)  frame_0_aux2_loss_giou: 0.2176 (0.2462)  frame_0_aux3_loss_bbox: 0.0939 (0.1250)  frame_0_aux3_loss_ce: 0.0819 (0.1013)  frame_0_aux3_loss_giou: 0.2086 (0.2453)  frame_0_aux4_loss_bbox: 0.0913 (0.1249)  frame_0_aux4_loss_ce: 0.0776 (0.1010)  frame_0_aux4_loss_giou: 0.2025 (0.2435)  frame_0_loss_bbox: 0.0917 (0.1247)  frame_0_loss_ce: 0.0796 (0.1009)  frame_0_loss_giou: 0.2093 (0.2432)  frame_1_aux0_loss_bbox: 0.1142 (0.1493)  frame_1_aux0_loss_ce: 0.0885 (0.0943)  frame_1_aux0_loss_giou: 0.2612 (0.3014)  frame_1_aux1_loss_bbox: 0.0964 (0.1370)  frame_1_aux1_loss_ce: 0.0853 (0.0876)  frame_1_aux1_loss_giou: 0.2323 (0.2573)  frame_1_aux2_loss_bbox: 0.0950 (0.1358)  frame_1_aux2_loss_ce: 0.0577 (0.0658)  frame_1_aux2_loss_giou: 0.2241 (0.2506)  frame_1_aux3_loss_bbox: 0.0948 (0.1343)  frame_1_aux3_loss_ce: 0.0564 (0.0618)  frame_1_aux3_loss_giou: 0.2178 (0.2444)  frame_1_aux4_loss_bbox: 0.0938 (0.1331)  frame_1_aux4_loss_ce: 0.0542 (0.0611)  frame_1_aux4_loss_giou: 0.2122 (0.2421)  frame_1_loss_bbox: 0.0961 (0.1340)  frame_1_loss_ce: 0.0537 (0.0614)  frame_1_loss_features: 0.0491 (0.0570)  frame_1_loss_giou: 0.2106 (0.2446)  time: 0.8688  data: 0.0001  max mem: 7526
Epoch: [2]  [120/601]  eta: 0:06:41  lr: 0.000200  grad_norm: 58.84  loss: 5.3775 (5.8640)  frame_0_aux0_loss_bbox: 0.1113 (0.1333)  frame_0_aux0_loss_ce: 0.1325 (0.1449)  frame_0_aux0_loss_giou: 0.2531 (0.2866)  frame_0_aux1_loss_bbox: 0.1012 (0.1252)  frame_0_aux1_loss_ce: 0.1299 (0.1429)  frame_0_aux1_loss_giou: 0.2228 (0.2578)  frame_0_aux2_loss_bbox: 0.1003 (0.1245)  frame_0_aux2_loss_ce: 0.0997 (0.1100)  frame_0_aux2_loss_giou: 0.2266 (0.2512)  frame_0_aux3_loss_bbox: 0.1015 (0.1243)  frame_0_aux3_loss_ce: 0.0926 (0.1011)  frame_0_aux3_loss_giou: 0.2185 (0.2496)  frame_0_aux4_loss_bbox: 0.0979 (0.1242)  frame_0_aux4_loss_ce: 0.0910 (0.1008)  frame_0_aux4_loss_giou: 0.2164 (0.2478)  frame_0_loss_bbox: 0.0981 (0.1240)  frame_0_loss_ce: 0.0903 (0.1008)  frame_0_loss_giou: 0.2172 (0.2476)  frame_1_aux0_loss_bbox: 0.1213 (0.1479)  frame_1_aux0_loss_ce: 0.0913 (0.0949)  frame_1_aux0_loss_giou: 0.2889 (0.3054)  frame_1_aux1_loss_bbox: 0.1117 (0.1357)  frame_1_aux1_loss_ce: 0.0855 (0.0881)  frame_1_aux1_loss_giou: 0.2438 (0.2605)  frame_1_aux2_loss_bbox: 0.1103 (0.1345)  frame_1_aux2_loss_ce: 0.0672 (0.0661)  frame_1_aux2_loss_giou: 0.2300 (0.2536)  frame_1_aux3_loss_bbox: 0.1054 (0.1329)  frame_1_aux3_loss_ce: 0.0636 (0.0622)  frame_1_aux3_loss_giou: 0.2288 (0.2474)  frame_1_aux4_loss_bbox: 0.1022 (0.1318)  frame_1_aux4_loss_ce: 0.0620 (0.0615)  frame_1_aux4_loss_giou: 0.2238 (0.2451)  frame_1_loss_bbox: 0.1025 (0.1326)  frame_1_loss_ce: 0.0630 (0.0618)  frame_1_loss_features: 0.0552 (0.0581)  frame_1_loss_giou: 0.2303 (0.2474)  time: 0.7981  data: 0.0001  max mem: 7526
Epoch: [2]  [130/601]  eta: 0:06:30  lr: 0.000200  grad_norm: 71.05  loss: 5.9377 (5.8536)  frame_0_aux0_loss_bbox: 0.1173 (0.1314)  frame_0_aux0_loss_ce: 0.1349 (0.1444)  frame_0_aux0_loss_giou: 0.2790 (0.2872)  frame_0_aux1_loss_bbox: 0.1060 (0.1237)  frame_0_aux1_loss_ce: 0.1352 (0.1425)  frame_0_aux1_loss_giou: 0.2605 (0.2590)  frame_0_aux2_loss_bbox: 0.1044 (0.1230)  frame_0_aux2_loss_ce: 0.1036 (0.1098)  frame_0_aux2_loss_giou: 0.2522 (0.2525)  frame_0_aux3_loss_bbox: 0.1034 (0.1229)  frame_0_aux3_loss_ce: 0.0939 (0.1011)  frame_0_aux3_loss_giou: 0.2511 (0.2508)  frame_0_aux4_loss_bbox: 0.1004 (0.1227)  frame_0_aux4_loss_ce: 0.0960 (0.1008)  frame_0_aux4_loss_giou: 0.2464 (0.2490)  frame_0_loss_bbox: 0.1037 (0.1226)  frame_0_loss_ce: 0.0986 (0.1007)  frame_0_loss_giou: 0.2460 (0.2490)  frame_1_aux0_loss_bbox: 0.1245 (0.1460)  frame_1_aux0_loss_ce: 0.0992 (0.0951)  frame_1_aux0_loss_giou: 0.2981 (0.3058)  frame_1_aux1_loss_bbox: 0.1117 (0.1338)  frame_1_aux1_loss_ce: 0.0943 (0.0883)  frame_1_aux1_loss_giou: 0.2624 (0.2612)  frame_1_aux2_loss_bbox: 0.1104 (0.1324)  frame_1_aux2_loss_ce: 0.0711 (0.0666)  frame_1_aux2_loss_giou: 0.2510 (0.2537)  frame_1_aux3_loss_bbox: 0.1062 (0.1309)  frame_1_aux3_loss_ce: 0.0681 (0.0626)  frame_1_aux3_loss_giou: 0.2483 (0.2477)  frame_1_aux4_loss_bbox: 0.1062 (0.1299)  frame_1_aux4_loss_ce: 0.0675 (0.0618)  frame_1_aux4_loss_giou: 0.2498 (0.2457)  frame_1_loss_bbox: 0.1061 (0.1308)  frame_1_loss_ce: 0.0676 (0.0621)  frame_1_loss_features: 0.0598 (0.0580)  frame_1_loss_giou: 0.2524 (0.2482)  time: 0.7511  data: 0.0001  max mem: 7526
Epoch: [2]  [140/601]  eta: 0:06:24  lr: 0.000200  grad_norm: 30.41  loss: 5.2046 (5.7862)  frame_0_aux0_loss_bbox: 0.0850 (0.1288)  frame_0_aux0_loss_ce: 0.1349 (0.1435)  frame_0_aux0_loss_giou: 0.2591 (0.2854)  frame_0_aux1_loss_bbox: 0.0844 (0.1212)  frame_0_aux1_loss_ce: 0.1346 (0.1415)  frame_0_aux1_loss_giou: 0.2421 (0.2570)  frame_0_aux2_loss_bbox: 0.0796 (0.1205)  frame_0_aux2_loss_ce: 0.0982 (0.1085)  frame_0_aux2_loss_giou: 0.2310 (0.2506)  frame_0_aux3_loss_bbox: 0.0805 (0.1204)  frame_0_aux3_loss_ce: 0.0897 (0.0997)  frame_0_aux3_loss_giou: 0.2293 (0.2487)  frame_0_aux4_loss_bbox: 0.0786 (0.1202)  frame_0_aux4_loss_ce: 0.0895 (0.0993)  frame_0_aux4_loss_giou: 0.2303 (0.2470)  frame_0_loss_bbox: 0.0794 (0.1200)  frame_0_loss_ce: 0.0882 (0.0993)  frame_0_loss_giou: 0.2316 (0.2467)  frame_1_aux0_loss_bbox: 0.0944 (0.1431)  frame_1_aux0_loss_ce: 0.0874 (0.0942)  frame_1_aux0_loss_giou: 0.2763 (0.3040)  frame_1_aux1_loss_bbox: 0.0854 (0.1311)  frame_1_aux1_loss_ce: 0.0868 (0.0878)  frame_1_aux1_loss_giou: 0.2422 (0.2593)  frame_1_aux2_loss_bbox: 0.0831 (0.1295)  frame_1_aux2_loss_ce: 0.0607 (0.0658)  frame_1_aux2_loss_giou: 0.2300 (0.2519)  frame_1_aux3_loss_bbox: 0.0827 (0.1280)  frame_1_aux3_loss_ce: 0.0575 (0.0616)  frame_1_aux3_loss_giou: 0.2265 (0.2460)  frame_1_aux4_loss_bbox: 0.0829 (0.1271)  frame_1_aux4_loss_ce: 0.0580 (0.0610)  frame_1_aux4_loss_giou: 0.2259 (0.2437)  frame_1_loss_bbox: 0.0837 (0.1279)  frame_1_loss_ce: 0.0579 (0.0613)  frame_1_loss_features: 0.0598 (0.0583)  frame_1_loss_giou: 0.2297 (0.2462)  time: 0.8238  data: 0.0002  max mem: 7526
Epoch: [2]  [150/601]  eta: 0:06:12  lr: 0.000200  grad_norm: 67.06  loss: 4.8374 (5.7509)  frame_0_aux0_loss_bbox: 0.0875 (0.1280)  frame_0_aux0_loss_ce: 0.1317 (0.1432)  frame_0_aux0_loss_giou: 0.2573 (0.2847)  frame_0_aux1_loss_bbox: 0.0780 (0.1202)  frame_0_aux1_loss_ce: 0.1293 (0.1411)  frame_0_aux1_loss_giou: 0.2233 (0.2560)  frame_0_aux2_loss_bbox: 0.0773 (0.1196)  frame_0_aux2_loss_ce: 0.0920 (0.1079)  frame_0_aux2_loss_giou: 0.2252 (0.2501)  frame_0_aux3_loss_bbox: 0.0760 (0.1194)  frame_0_aux3_loss_ce: 0.0807 (0.0991)  frame_0_aux3_loss_giou: 0.2191 (0.2478)  frame_0_aux4_loss_bbox: 0.0747 (0.1191)  frame_0_aux4_loss_ce: 0.0789 (0.0986)  frame_0_aux4_loss_giou: 0.2182 (0.2459)  frame_0_loss_bbox: 0.0768 (0.1190)  frame_0_loss_ce: 0.0785 (0.0986)  frame_0_loss_giou: 0.2131 (0.2457)  frame_1_aux0_loss_bbox: 0.0939 (0.1421)  frame_1_aux0_loss_ce: 0.0833 (0.0941)  frame_1_aux0_loss_giou: 0.2763 (0.3023)  frame_1_aux1_loss_bbox: 0.0852 (0.1298)  frame_1_aux1_loss_ce: 0.0776 (0.0874)  frame_1_aux1_loss_giou: 0.2267 (0.2575)  frame_1_aux2_loss_bbox: 0.0809 (0.1282)  frame_1_aux2_loss_ce: 0.0510 (0.0651)  frame_1_aux2_loss_giou: 0.2196 (0.2503)  frame_1_aux3_loss_bbox: 0.0797 (0.1267)  frame_1_aux3_loss_ce: 0.0448 (0.0609)  frame_1_aux3_loss_giou: 0.2185 (0.2443)  frame_1_aux4_loss_bbox: 0.0796 (0.1258)  frame_1_aux4_loss_ce: 0.0442 (0.0603)  frame_1_aux4_loss_giou: 0.2124 (0.2421)  frame_1_loss_bbox: 0.0791 (0.1265)  frame_1_loss_ce: 0.0450 (0.0606)  frame_1_loss_features: 0.0626 (0.0585)  frame_1_loss_giou: 0.2100 (0.2443)  time: 0.8128  data: 0.0002  max mem: 7526
Epoch: [2]  [160/601]  eta: 0:06:07  lr: 0.000200  grad_norm: 144.75  loss: 5.0963 (5.7284)  frame_0_aux0_loss_bbox: 0.0991 (0.1269)  frame_0_aux0_loss_ce: 0.1390 (0.1435)  frame_0_aux0_loss_giou: 0.2573 (0.2838)  frame_0_aux1_loss_bbox: 0.0905 (0.1191)  frame_0_aux1_loss_ce: 0.1394 (0.1412)  frame_0_aux1_loss_giou: 0.2226 (0.2549)  frame_0_aux2_loss_bbox: 0.0896 (0.1185)  frame_0_aux2_loss_ce: 0.0972 (0.1077)  frame_0_aux2_loss_giou: 0.2343 (0.2497)  frame_0_aux3_loss_bbox: 0.0889 (0.1182)  frame_0_aux3_loss_ce: 0.0857 (0.0992)  frame_0_aux3_loss_giou: 0.2265 (0.2475)  frame_0_aux4_loss_bbox: 0.0882 (0.1180)  frame_0_aux4_loss_ce: 0.0861 (0.0986)  frame_0_aux4_loss_giou: 0.2197 (0.2452)  frame_0_loss_bbox: 0.0855 (0.1178)  frame_0_loss_ce: 0.0866 (0.0986)  frame_0_loss_giou: 0.2147 (0.2448)  frame_1_aux0_loss_bbox: 0.1000 (0.1410)  frame_1_aux0_loss_ce: 0.0856 (0.0941)  frame_1_aux0_loss_giou: 0.2659 (0.3011)  frame_1_aux1_loss_bbox: 0.0882 (0.1288)  frame_1_aux1_loss_ce: 0.0786 (0.0874)  frame_1_aux1_loss_giou: 0.2321 (0.2566)  frame_1_aux2_loss_bbox: 0.0868 (0.1271)  frame_1_aux2_loss_ce: 0.0581 (0.0651)  frame_1_aux2_loss_giou: 0.2308 (0.2496)  frame_1_aux3_loss_bbox: 0.0839 (0.1256)  frame_1_aux3_loss_ce: 0.0529 (0.0609)  frame_1_aux3_loss_giou: 0.2255 (0.2439)  frame_1_aux4_loss_bbox: 0.0839 (0.1247)  frame_1_aux4_loss_ce: 0.0506 (0.0602)  frame_1_aux4_loss_giou: 0.2178 (0.2415)  frame_1_loss_bbox: 0.0843 (0.1253)  frame_1_loss_ce: 0.0527 (0.0606)  frame_1_loss_features: 0.0571 (0.0582)  frame_1_loss_giou: 0.2162 (0.2435)  time: 0.8344  data: 0.0513  max mem: 7526
Epoch: [2]  [170/601]  eta: 0:05:56  lr: 0.000200  grad_norm: 197.83  loss: 5.1006 (5.7011)  frame_0_aux0_loss_bbox: 0.0956 (0.1252)  frame_0_aux0_loss_ce: 0.1417 (0.1434)  frame_0_aux0_loss_giou: 0.2564 (0.2833)  frame_0_aux1_loss_bbox: 0.0904 (0.1174)  frame_0_aux1_loss_ce: 0.1394 (0.1412)  frame_0_aux1_loss_giou: 0.2300 (0.2545)  frame_0_aux2_loss_bbox: 0.0878 (0.1167)  frame_0_aux2_loss_ce: 0.1046 (0.1078)  frame_0_aux2_loss_giou: 0.2337 (0.2492)  frame_0_aux3_loss_bbox: 0.0895 (0.1164)  frame_0_aux3_loss_ce: 0.0897 (0.0993)  frame_0_aux3_loss_giou: 0.2344 (0.2473)  frame_0_aux4_loss_bbox: 0.0883 (0.1161)  frame_0_aux4_loss_ce: 0.0933 (0.0985)  frame_0_aux4_loss_giou: 0.2229 (0.2447)  frame_0_loss_bbox: 0.0875 (0.1160)  frame_0_loss_ce: 0.0893 (0.0985)  frame_0_loss_giou: 0.2215 (0.2442)  frame_1_aux0_loss_bbox: 0.1000 (0.1390)  frame_1_aux0_loss_ce: 0.0885 (0.0939)  frame_1_aux0_loss_giou: 0.2659 (0.3005)  frame_1_aux1_loss_bbox: 0.0882 (0.1268)  frame_1_aux1_loss_ce: 0.0856 (0.0873)  frame_1_aux1_loss_giou: 0.2335 (0.2567)  frame_1_aux2_loss_bbox: 0.0868 (0.1250)  frame_1_aux2_loss_ce: 0.0594 (0.0651)  frame_1_aux2_loss_giou: 0.2340 (0.2493)  frame_1_aux3_loss_bbox: 0.0857 (0.1236)  frame_1_aux3_loss_ce: 0.0562 (0.0608)  frame_1_aux3_loss_giou: 0.2301 (0.2438)  frame_1_aux4_loss_bbox: 0.0857 (0.1227)  frame_1_aux4_loss_ce: 0.0538 (0.0600)  frame_1_aux4_loss_giou: 0.2266 (0.2413)  frame_1_loss_bbox: 0.0854 (0.1234)  frame_1_loss_ce: 0.0545 (0.0604)  frame_1_loss_features: 0.0541 (0.0583)  frame_1_loss_giou: 0.2255 (0.2433)  time: 0.8217  data: 0.0513  max mem: 7526
Epoch: [2]  [180/601]  eta: 0:05:45  lr: 0.000200  grad_norm: 77.26  loss: 5.5544 (5.6953)  frame_0_aux0_loss_bbox: 0.1072 (0.1249)  frame_0_aux0_loss_ce: 0.1436 (0.1436)  frame_0_aux0_loss_giou: 0.2715 (0.2827)  frame_0_aux1_loss_bbox: 0.0999 (0.1173)  frame_0_aux1_loss_ce: 0.1441 (0.1416)  frame_0_aux1_loss_giou: 0.2433 (0.2542)  frame_0_aux2_loss_bbox: 0.0979 (0.1167)  frame_0_aux2_loss_ce: 0.1160 (0.1081)  frame_0_aux2_loss_giou: 0.2339 (0.2486)  frame_0_aux3_loss_bbox: 0.0989 (0.1163)  frame_0_aux3_loss_ce: 0.1047 (0.0993)  frame_0_aux3_loss_giou: 0.2393 (0.2469)  frame_0_aux4_loss_bbox: 0.0969 (0.1160)  frame_0_aux4_loss_ce: 0.1003 (0.0985)  frame_0_aux4_loss_giou: 0.2314 (0.2445)  frame_0_loss_bbox: 0.0953 (0.1159)  frame_0_loss_ce: 0.0986 (0.0984)  frame_0_loss_giou: 0.2318 (0.2438)  frame_1_aux0_loss_bbox: 0.1221 (0.1387)  frame_1_aux0_loss_ce: 0.0885 (0.0940)  frame_1_aux0_loss_giou: 0.2799 (0.2999)  frame_1_aux1_loss_bbox: 0.1077 (0.1264)  frame_1_aux1_loss_ce: 0.0822 (0.0875)  frame_1_aux1_loss_giou: 0.2492 (0.2564)  frame_1_aux2_loss_bbox: 0.1034 (0.1247)  frame_1_aux2_loss_ce: 0.0613 (0.0650)  frame_1_aux2_loss_giou: 0.2387 (0.2489)  frame_1_aux3_loss_bbox: 0.1036 (0.1234)  frame_1_aux3_loss_ce: 0.0573 (0.0607)  frame_1_aux3_loss_giou: 0.2425 (0.2438)  frame_1_aux4_loss_bbox: 0.1030 (0.1225)  frame_1_aux4_loss_ce: 0.0564 (0.0599)  frame_1_aux4_loss_giou: 0.2383 (0.2411)  frame_1_loss_bbox: 0.1028 (0.1232)  frame_1_loss_ce: 0.0573 (0.0603)  frame_1_loss_features: 0.0571 (0.0582)  frame_1_loss_giou: 0.2393 (0.2431)  time: 0.7185  data: 0.0001  max mem: 7526
Epoch: [2]  [190/601]  eta: 0:05:37  lr: 0.000200  grad_norm: 65.58  loss: 5.6493 (5.7101)  frame_0_aux0_loss_bbox: 0.1072 (0.1259)  frame_0_aux0_loss_ce: 0.1435 (0.1432)  frame_0_aux0_loss_giou: 0.2715 (0.2821)  frame_0_aux1_loss_bbox: 0.1061 (0.1185)  frame_0_aux1_loss_ce: 0.1405 (0.1415)  frame_0_aux1_loss_giou: 0.2432 (0.2540)  frame_0_aux2_loss_bbox: 0.1075 (0.1179)  frame_0_aux2_loss_ce: 0.1159 (0.1079)  frame_0_aux2_loss_giou: 0.2317 (0.2485)  frame_0_aux3_loss_bbox: 0.1072 (0.1175)  frame_0_aux3_loss_ce: 0.1047 (0.0990)  frame_0_aux3_loss_giou: 0.2354 (0.2469)  frame_0_aux4_loss_bbox: 0.0991 (0.1170)  frame_0_aux4_loss_ce: 0.1003 (0.0982)  frame_0_aux4_loss_giou: 0.2314 (0.2442)  frame_0_loss_bbox: 0.0997 (0.1170)  frame_0_loss_ce: 0.0900 (0.0981)  frame_0_loss_giou: 0.2332 (0.2435)  frame_1_aux0_loss_bbox: 0.1221 (0.1402)  frame_1_aux0_loss_ce: 0.0937 (0.0943)  frame_1_aux0_loss_giou: 0.2799 (0.2999)  frame_1_aux1_loss_bbox: 0.1077 (0.1280)  frame_1_aux1_loss_ce: 0.0863 (0.0876)  frame_1_aux1_loss_giou: 0.2420 (0.2565)  frame_1_aux2_loss_bbox: 0.1046 (0.1263)  frame_1_aux2_loss_ce: 0.0668 (0.0652)  frame_1_aux2_loss_giou: 0.2387 (0.2491)  frame_1_aux3_loss_bbox: 0.1036 (0.1251)  frame_1_aux3_loss_ce: 0.0586 (0.0608)  frame_1_aux3_loss_giou: 0.2409 (0.2444)  frame_1_aux4_loss_bbox: 0.1030 (0.1241)  frame_1_aux4_loss_ce: 0.0579 (0.0600)  frame_1_aux4_loss_giou: 0.2288 (0.2411)  frame_1_loss_bbox: 0.1028 (0.1249)  frame_1_loss_ce: 0.0573 (0.0603)  frame_1_loss_features: 0.0545 (0.0582)  frame_1_loss_giou: 0.2291 (0.2432)  time: 0.7795  data: 0.0001  max mem: 7526
Epoch: [2]  [200/601]  eta: 0:05:27  lr: 0.000200  grad_norm: 70.93  loss: 5.2203 (5.7395)  frame_0_aux0_loss_bbox: 0.1054 (0.1273)  frame_0_aux0_loss_ce: 0.1330 (0.1434)  frame_0_aux0_loss_giou: 0.2795 (0.2836)  frame_0_aux1_loss_bbox: 0.1061 (0.1200)  frame_0_aux1_loss_ce: 0.1321 (0.1416)  frame_0_aux1_loss_giou: 0.2566 (0.2556)  frame_0_aux2_loss_bbox: 0.1075 (0.1195)  frame_0_aux2_loss_ce: 0.0955 (0.1078)  frame_0_aux2_loss_giou: 0.2522 (0.2503)  frame_0_aux3_loss_bbox: 0.1072 (0.1190)  frame_0_aux3_loss_ce: 0.0796 (0.0990)  frame_0_aux3_loss_giou: 0.2530 (0.2489)  frame_0_aux4_loss_bbox: 0.0991 (0.1183)  frame_0_aux4_loss_ce: 0.0818 (0.0981)  frame_0_aux4_loss_giou: 0.2371 (0.2456)  frame_0_loss_bbox: 0.0997 (0.1183)  frame_0_loss_ce: 0.0837 (0.0980)  frame_0_loss_giou: 0.2246 (0.2446)  frame_1_aux0_loss_bbox: 0.1203 (0.1412)  frame_1_aux0_loss_ce: 0.0942 (0.0946)  frame_1_aux0_loss_giou: 0.2889 (0.3005)  frame_1_aux1_loss_bbox: 0.1118 (0.1290)  frame_1_aux1_loss_ce: 0.0866 (0.0879)  frame_1_aux1_loss_giou: 0.2501 (0.2576)  frame_1_aux2_loss_bbox: 0.1087 (0.1273)  frame_1_aux2_loss_ce: 0.0645 (0.0651)  frame_1_aux2_loss_giou: 0.2424 (0.2502)  frame_1_aux3_loss_bbox: 0.1077 (0.1261)  frame_1_aux3_loss_ce: 0.0586 (0.0607)  frame_1_aux3_loss_giou: 0.2418 (0.2455)  frame_1_aux4_loss_bbox: 0.1052 (0.1250)  frame_1_aux4_loss_ce: 0.0579 (0.0600)  frame_1_aux4_loss_giou: 0.2271 (0.2419)  frame_1_loss_bbox: 0.1049 (0.1258)  frame_1_loss_ce: 0.0553 (0.0603)  frame_1_loss_features: 0.0567 (0.0580)  frame_1_loss_giou: 0.2283 (0.2439)  time: 0.7832  data: 0.0001  max mem: 7526
Epoch: [2]  [210/601]  eta: 0:05:20  lr: 0.000200  grad_norm: 214.97  loss: 5.2203 (5.7253)  frame_0_aux0_loss_bbox: 0.1099 (0.1269)  frame_0_aux0_loss_ce: 0.1385 (0.1433)  frame_0_aux0_loss_giou: 0.2787 (0.2831)  frame_0_aux1_loss_bbox: 0.1006 (0.1196)  frame_0_aux1_loss_ce: 0.1377 (0.1414)  frame_0_aux1_loss_giou: 0.2452 (0.2550)  frame_0_aux2_loss_bbox: 0.1086 (0.1194)  frame_0_aux2_loss_ce: 0.0955 (0.1073)  frame_0_aux2_loss_giou: 0.2522 (0.2500)  frame_0_aux3_loss_bbox: 0.1058 (0.1189)  frame_0_aux3_loss_ce: 0.0860 (0.0982)  frame_0_aux3_loss_giou: 0.2475 (0.2487)  frame_0_aux4_loss_bbox: 0.1053 (0.1181)  frame_0_aux4_loss_ce: 0.0818 (0.0972)  frame_0_aux4_loss_giou: 0.2301 (0.2453)  frame_0_loss_bbox: 0.1058 (0.1181)  frame_0_loss_ce: 0.0837 (0.0972)  frame_0_loss_giou: 0.2218 (0.2441)  frame_1_aux0_loss_bbox: 0.1211 (0.1410)  frame_1_aux0_loss_ce: 0.0881 (0.0941)  frame_1_aux0_loss_giou: 0.2842 (0.3004)  frame_1_aux1_loss_bbox: 0.1122 (0.1286)  frame_1_aux1_loss_ce: 0.0813 (0.0875)  frame_1_aux1_loss_giou: 0.2457 (0.2573)  frame_1_aux2_loss_bbox: 0.1116 (0.1269)  frame_1_aux2_loss_ce: 0.0554 (0.0646)  frame_1_aux2_loss_giou: 0.2357 (0.2498)  frame_1_aux3_loss_bbox: 0.1092 (0.1257)  frame_1_aux3_loss_ce: 0.0513 (0.0601)  frame_1_aux3_loss_giou: 0.2329 (0.2452)  frame_1_aux4_loss_bbox: 0.1134 (0.1247)  frame_1_aux4_loss_ce: 0.0518 (0.0594)  frame_1_aux4_loss_giou: 0.2271 (0.2415)  frame_1_loss_bbox: 0.1135 (0.1255)  frame_1_loss_ce: 0.0504 (0.0597)  frame_1_loss_features: 0.0567 (0.0580)  frame_1_loss_giou: 0.2272 (0.2434)  time: 0.7943  data: 0.0001  max mem: 7665
Epoch: [2]  [220/601]  eta: 0:05:10  lr: 0.000200  grad_norm: 147.12  loss: 5.0458 (5.7016)  frame_0_aux0_loss_bbox: 0.0976 (0.1263)  frame_0_aux0_loss_ce: 0.1359 (0.1428)  frame_0_aux0_loss_giou: 0.2602 (0.2826)  frame_0_aux1_loss_bbox: 0.0893 (0.1188)  frame_0_aux1_loss_ce: 0.1294 (0.1408)  frame_0_aux1_loss_giou: 0.2230 (0.2542)  frame_0_aux2_loss_bbox: 0.0993 (0.1187)  frame_0_aux2_loss_ce: 0.0881 (0.1066)  frame_0_aux2_loss_giou: 0.2242 (0.2494)  frame_0_aux3_loss_bbox: 0.1026 (0.1182)  frame_0_aux3_loss_ce: 0.0714 (0.0974)  frame_0_aux3_loss_giou: 0.2310 (0.2485)  frame_0_aux4_loss_bbox: 0.0975 (0.1175)  frame_0_aux4_loss_ce: 0.0670 (0.0962)  frame_0_aux4_loss_giou: 0.2215 (0.2448)  frame_0_loss_bbox: 0.0993 (0.1174)  frame_0_loss_ce: 0.0664 (0.0962)  frame_0_loss_giou: 0.2137 (0.2435)  frame_1_aux0_loss_bbox: 0.1062 (0.1401)  frame_1_aux0_loss_ce: 0.0845 (0.0939)  frame_1_aux0_loss_giou: 0.2750 (0.2994)  frame_1_aux1_loss_bbox: 0.0986 (0.1278)  frame_1_aux1_loss_ce: 0.0783 (0.0872)  frame_1_aux1_loss_giou: 0.2341 (0.2563)  frame_1_aux2_loss_bbox: 0.0988 (0.1261)  frame_1_aux2_loss_ce: 0.0529 (0.0642)  frame_1_aux2_loss_giou: 0.2253 (0.2490)  frame_1_aux3_loss_bbox: 0.0963 (0.1249)  frame_1_aux3_loss_ce: 0.0475 (0.0597)  frame_1_aux3_loss_giou: 0.2223 (0.2446)  frame_1_aux4_loss_bbox: 0.0963 (0.1239)  frame_1_aux4_loss_ce: 0.0470 (0.0589)  frame_1_aux4_loss_giou: 0.2178 (0.2409)  frame_1_loss_bbox: 0.0986 (0.1248)  frame_1_loss_ce: 0.0473 (0.0593)  frame_1_loss_features: 0.0562 (0.0579)  frame_1_loss_giou: 0.2233 (0.2429)  time: 0.7908  data: 0.0001  max mem: 7665
Epoch: [2]  [230/601]  eta: 0:05:00  lr: 0.000200  grad_norm: 68.95  loss: 5.5588 (5.7291)  frame_0_aux0_loss_bbox: 0.1155 (0.1277)  frame_0_aux0_loss_ce: 0.1345 (0.1427)  frame_0_aux0_loss_giou: 0.2709 (0.2834)  frame_0_aux1_loss_bbox: 0.1086 (0.1202)  frame_0_aux1_loss_ce: 0.1321 (0.1407)  frame_0_aux1_loss_giou: 0.2438 (0.2552)  frame_0_aux2_loss_bbox: 0.1112 (0.1202)  frame_0_aux2_loss_ce: 0.0998 (0.1064)  frame_0_aux2_loss_giou: 0.2411 (0.2504)  frame_0_aux3_loss_bbox: 0.1131 (0.1199)  frame_0_aux3_loss_ce: 0.0864 (0.0970)  frame_0_aux3_loss_giou: 0.2504 (0.2500)  frame_0_aux4_loss_bbox: 0.1176 (0.1191)  frame_0_aux4_loss_ce: 0.0806 (0.0958)  frame_0_aux4_loss_giou: 0.2413 (0.2462)  frame_0_loss_bbox: 0.1183 (0.1190)  frame_0_loss_ce: 0.0813 (0.0957)  frame_0_loss_giou: 0.2410 (0.2447)  frame_1_aux0_loss_bbox: 0.1239 (0.1412)  frame_1_aux0_loss_ce: 0.0926 (0.0941)  frame_1_aux0_loss_giou: 0.2895 (0.3003)  frame_1_aux1_loss_bbox: 0.1218 (0.1288)  frame_1_aux1_loss_ce: 0.0850 (0.0873)  frame_1_aux1_loss_giou: 0.2415 (0.2570)  frame_1_aux2_loss_bbox: 0.1214 (0.1272)  frame_1_aux2_loss_ce: 0.0573 (0.0644)  frame_1_aux2_loss_giou: 0.2375 (0.2498)  frame_1_aux3_loss_bbox: 0.1210 (0.1262)  frame_1_aux3_loss_ce: 0.0511 (0.0598)  frame_1_aux3_loss_giou: 0.2444 (0.2458)  frame_1_aux4_loss_bbox: 0.1182 (0.1250)  frame_1_aux4_loss_ce: 0.0508 (0.0590)  frame_1_aux4_loss_giou: 0.2316 (0.2418)  frame_1_loss_bbox: 0.1178 (0.1260)  frame_1_loss_ce: 0.0517 (0.0594)  frame_1_loss_features: 0.0572 (0.0580)  frame_1_loss_giou: 0.2336 (0.2438)  time: 0.7208  data: 0.0001  max mem: 7665
Epoch: [2]  [240/601]  eta: 0:04:51  lr: 0.000200  grad_norm: 64.97  loss: 5.8017 (5.7199)  frame_0_aux0_loss_bbox: 0.1185 (0.1266)  frame_0_aux0_loss_ce: 0.1383 (0.1427)  frame_0_aux0_loss_giou: 0.2818 (0.2838)  frame_0_aux1_loss_bbox: 0.1117 (0.1192)  frame_0_aux1_loss_ce: 0.1392 (0.1408)  frame_0_aux1_loss_giou: 0.2514 (0.2554)  frame_0_aux2_loss_bbox: 0.1153 (0.1192)  frame_0_aux2_loss_ce: 0.1023 (0.1066)  frame_0_aux2_loss_giou: 0.2448 (0.2505)  frame_0_aux3_loss_bbox: 0.1152 (0.1190)  frame_0_aux3_loss_ce: 0.0875 (0.0972)  frame_0_aux3_loss_giou: 0.2575 (0.2504)  frame_0_aux4_loss_bbox: 0.1176 (0.1182)  frame_0_aux4_loss_ce: 0.0884 (0.0959)  frame_0_aux4_loss_giou: 0.2565 (0.2471)  frame_0_loss_bbox: 0.1184 (0.1180)  frame_0_loss_ce: 0.0870 (0.0958)  frame_0_loss_giou: 0.2527 (0.2451)  frame_1_aux0_loss_bbox: 0.1239 (0.1398)  frame_1_aux0_loss_ce: 0.0951 (0.0940)  frame_1_aux0_loss_giou: 0.3052 (0.3006)  frame_1_aux1_loss_bbox: 0.1218 (0.1275)  frame_1_aux1_loss_ce: 0.0877 (0.0873)  frame_1_aux1_loss_giou: 0.2604 (0.2571)  frame_1_aux2_loss_bbox: 0.1214 (0.1259)  frame_1_aux2_loss_ce: 0.0649 (0.0643)  frame_1_aux2_loss_giou: 0.2627 (0.2499)  frame_1_aux3_loss_bbox: 0.1210 (0.1250)  frame_1_aux3_loss_ce: 0.0569 (0.0597)  frame_1_aux3_loss_giou: 0.2604 (0.2461)  frame_1_aux4_loss_bbox: 0.1182 (0.1238)  frame_1_aux4_loss_ce: 0.0561 (0.0589)  frame_1_aux4_loss_giou: 0.2559 (0.2423)  frame_1_loss_bbox: 0.1178 (0.1247)  frame_1_loss_ce: 0.0555 (0.0593)  frame_1_loss_features: 0.0605 (0.0581)  frame_1_loss_giou: 0.2602 (0.2441)  time: 0.7391  data: 0.0001  max mem: 7665
Epoch: [2]  [250/601]  eta: 0:04:42  lr: 0.000200  grad_norm: 78.39  loss: 5.3319 (5.7348)  frame_0_aux0_loss_bbox: 0.0976 (0.1279)  frame_0_aux0_loss_ce: 0.1441 (0.1433)  frame_0_aux0_loss_giou: 0.2738 (0.2829)  frame_0_aux1_loss_bbox: 0.0941 (0.1205)  frame_0_aux1_loss_ce: 0.1397 (0.1412)  frame_0_aux1_loss_giou: 0.2436 (0.2547)  frame_0_aux2_loss_bbox: 0.0898 (0.1207)  frame_0_aux2_loss_ce: 0.1075 (0.1070)  frame_0_aux2_loss_giou: 0.2446 (0.2501)  frame_0_aux3_loss_bbox: 0.0896 (0.1205)  frame_0_aux3_loss_ce: 0.0922 (0.0974)  frame_0_aux3_loss_giou: 0.2523 (0.2500)  frame_0_aux4_loss_bbox: 0.0907 (0.1196)  frame_0_aux4_loss_ce: 0.0921 (0.0961)  frame_0_aux4_loss_giou: 0.2514 (0.2470)  frame_0_loss_bbox: 0.0869 (0.1193)  frame_0_loss_ce: 0.0909 (0.0961)  frame_0_loss_giou: 0.2413 (0.2448)  frame_1_aux0_loss_bbox: 0.1037 (0.1415)  frame_1_aux0_loss_ce: 0.0951 (0.0943)  frame_1_aux0_loss_giou: 0.3026 (0.3002)  frame_1_aux1_loss_bbox: 0.0913 (0.1291)  frame_1_aux1_loss_ce: 0.0882 (0.0875)  frame_1_aux1_loss_giou: 0.2492 (0.2563)  frame_1_aux2_loss_bbox: 0.0893 (0.1275)  frame_1_aux2_loss_ce: 0.0647 (0.0644)  frame_1_aux2_loss_giou: 0.2487 (0.2492)  frame_1_aux3_loss_bbox: 0.0917 (0.1266)  frame_1_aux3_loss_ce: 0.0578 (0.0598)  frame_1_aux3_loss_giou: 0.2485 (0.2454)  frame_1_aux4_loss_bbox: 0.0900 (0.1255)  frame_1_aux4_loss_ce: 0.0574 (0.0591)  frame_1_aux4_loss_giou: 0.2502 (0.2418)  frame_1_loss_bbox: 0.0895 (0.1263)  frame_1_loss_ce: 0.0577 (0.0594)  frame_1_loss_features: 0.0577 (0.0582)  frame_1_loss_giou: 0.2499 (0.2437)  time: 0.7400  data: 0.0001  max mem: 7665
Epoch: [2]  [260/601]  eta: 0:04:34  lr: 0.000200  grad_norm: 177.82  loss: 5.9814 (5.7642)  frame_0_aux0_loss_bbox: 0.1206 (0.1284)  frame_0_aux0_loss_ce: 0.1545 (0.1439)  frame_0_aux0_loss_giou: 0.2714 (0.2832)  frame_0_aux1_loss_bbox: 0.1215 (0.1211)  frame_0_aux1_loss_ce: 0.1418 (0.1416)  frame_0_aux1_loss_giou: 0.2414 (0.2550)  frame_0_aux2_loss_bbox: 0.1233 (0.1216)  frame_0_aux2_loss_ce: 0.1131 (0.1075)  frame_0_aux2_loss_giou: 0.2473 (0.2506)  frame_0_aux3_loss_bbox: 0.1278 (0.1216)  frame_0_aux3_loss_ce: 0.0972 (0.0978)  frame_0_aux3_loss_giou: 0.2523 (0.2508)  frame_0_aux4_loss_bbox: 0.1287 (0.1206)  frame_0_aux4_loss_ce: 0.0951 (0.0966)  frame_0_aux4_loss_giou: 0.2561 (0.2479)  frame_0_loss_bbox: 0.1289 (0.1203)  frame_0_loss_ce: 0.0945 (0.0967)  frame_0_loss_giou: 0.2556 (0.2459)  frame_1_aux0_loss_bbox: 0.1460 (0.1424)  frame_1_aux0_loss_ce: 0.0964 (0.0945)  frame_1_aux0_loss_giou: 0.2970 (0.3017)  frame_1_aux1_loss_bbox: 0.1359 (0.1299)  frame_1_aux1_loss_ce: 0.0921 (0.0879)  frame_1_aux1_loss_giou: 0.2507 (0.2575)  frame_1_aux2_loss_bbox: 0.1362 (0.1284)  frame_1_aux2_loss_ce: 0.0662 (0.0647)  frame_1_aux2_loss_giou: 0.2449 (0.2504)  frame_1_aux3_loss_bbox: 0.1373 (0.1276)  frame_1_aux3_loss_ce: 0.0638 (0.0601)  frame_1_aux3_loss_giou: 0.2449 (0.2469)  frame_1_aux4_loss_bbox: 0.1358 (0.1265)  frame_1_aux4_loss_ce: 0.0632 (0.0595)  frame_1_aux4_loss_giou: 0.2446 (0.2434)  frame_1_loss_bbox: 0.1360 (0.1274)  frame_1_loss_ce: 0.0635 (0.0598)  frame_1_loss_features: 0.0615 (0.0584)  frame_1_loss_giou: 0.2518 (0.2456)  time: 0.7561  data: 0.0001  max mem: 7665
Epoch: [2]  [270/601]  eta: 0:04:26  lr: 0.000200  grad_norm: 450.75  loss: 5.7983 (5.7635)  frame_0_aux0_loss_bbox: 0.1205 (0.1281)  frame_0_aux0_loss_ce: 0.1507 (0.1440)  frame_0_aux0_loss_giou: 0.2783 (0.2835)  frame_0_aux1_loss_bbox: 0.1117 (0.1208)  frame_0_aux1_loss_ce: 0.1418 (0.1415)  frame_0_aux1_loss_giou: 0.2465 (0.2552)  frame_0_aux2_loss_bbox: 0.1230 (0.1212)  frame_0_aux2_loss_ce: 0.1155 (0.1075)  frame_0_aux2_loss_giou: 0.2444 (0.2509)  frame_0_aux3_loss_bbox: 0.1173 (0.1212)  frame_0_aux3_loss_ce: 0.1053 (0.0979)  frame_0_aux3_loss_giou: 0.2486 (0.2510)  frame_0_aux4_loss_bbox: 0.1159 (0.1201)  frame_0_aux4_loss_ce: 0.1036 (0.0968)  frame_0_aux4_loss_giou: 0.2561 (0.2483)  frame_0_loss_bbox: 0.1139 (0.1198)  frame_0_loss_ce: 0.1043 (0.0968)  frame_0_loss_giou: 0.2578 (0.2464)  frame_1_aux0_loss_bbox: 0.1382 (0.1419)  frame_1_aux0_loss_ce: 0.0920 (0.0944)  frame_1_aux0_loss_giou: 0.2982 (0.3020)  frame_1_aux1_loss_bbox: 0.1200 (0.1295)  frame_1_aux1_loss_ce: 0.0905 (0.0879)  frame_1_aux1_loss_giou: 0.2538 (0.2579)  frame_1_aux2_loss_bbox: 0.1159 (0.1279)  frame_1_aux2_loss_ce: 0.0693 (0.0648)  frame_1_aux2_loss_giou: 0.2449 (0.2507)  frame_1_aux3_loss_bbox: 0.1163 (0.1271)  frame_1_aux3_loss_ce: 0.0623 (0.0602)  frame_1_aux3_loss_giou: 0.2449 (0.2472)  frame_1_aux4_loss_bbox: 0.1162 (0.1260)  frame_1_aux4_loss_ce: 0.0639 (0.0596)  frame_1_aux4_loss_giou: 0.2446 (0.2438)  frame_1_loss_bbox: 0.1207 (0.1269)  frame_1_loss_ce: 0.0643 (0.0599)  frame_1_loss_features: 0.0647 (0.0586)  frame_1_loss_giou: 0.2521 (0.2461)  time: 0.8064  data: 0.0001  max mem: 7665
Epoch: [2]  [280/601]  eta: 0:04:19  lr: 0.000200  grad_norm: 67.43  loss: 5.8088 (5.7764)  frame_0_aux0_loss_bbox: 0.1185 (0.1282)  frame_0_aux0_loss_ce: 0.1507 (0.1446)  frame_0_aux0_loss_giou: 0.2844 (0.2839)  frame_0_aux1_loss_bbox: 0.1071 (0.1209)  frame_0_aux1_loss_ce: 0.1482 (0.1422)  frame_0_aux1_loss_giou: 0.2495 (0.2554)  frame_0_aux2_loss_bbox: 0.1074 (0.1213)  frame_0_aux2_loss_ce: 0.1211 (0.1081)  frame_0_aux2_loss_giou: 0.2422 (0.2510)  frame_0_aux3_loss_bbox: 0.1093 (0.1212)  frame_0_aux3_loss_ce: 0.1128 (0.0985)  frame_0_aux3_loss_giou: 0.2414 (0.2510)  frame_0_aux4_loss_bbox: 0.1109 (0.1201)  frame_0_aux4_loss_ce: 0.1117 (0.0974)  frame_0_aux4_loss_giou: 0.2441 (0.2488)  frame_0_loss_bbox: 0.1054 (0.1199)  frame_0_loss_ce: 0.1103 (0.0976)  frame_0_loss_giou: 0.2450 (0.2468)  frame_1_aux0_loss_bbox: 0.1379 (0.1421)  frame_1_aux0_loss_ce: 0.0932 (0.0947)  frame_1_aux0_loss_giou: 0.3265 (0.3026)  frame_1_aux1_loss_bbox: 0.1191 (0.1296)  frame_1_aux1_loss_ce: 0.0917 (0.0884)  frame_1_aux1_loss_giou: 0.2607 (0.2585)  frame_1_aux2_loss_bbox: 0.1159 (0.1281)  frame_1_aux2_loss_ce: 0.0682 (0.0651)  frame_1_aux2_loss_giou: 0.2489 (0.2513)  frame_1_aux3_loss_bbox: 0.1174 (0.1273)  frame_1_aux3_loss_ce: 0.0657 (0.0606)  frame_1_aux3_loss_giou: 0.2430 (0.2478)  frame_1_aux4_loss_bbox: 0.1162 (0.1262)  frame_1_aux4_loss_ce: 0.0640 (0.0600)  frame_1_aux4_loss_giou: 0.2443 (0.2444)  frame_1_loss_bbox: 0.1162 (0.1271)  frame_1_loss_ce: 0.0635 (0.0603)  frame_1_loss_features: 0.0584 (0.0585)  frame_1_loss_giou: 0.2462 (0.2469)  time: 0.8754  data: 0.0001  max mem: 7665
Epoch: [2]  [290/601]  eta: 0:04:13  lr: 0.000200  grad_norm: 97.95  loss: 5.9553 (5.7842)  frame_0_aux0_loss_bbox: 0.1126 (0.1275)  frame_0_aux0_loss_ce: 0.1482 (0.1444)  frame_0_aux0_loss_giou: 0.2871 (0.2855)  frame_0_aux1_loss_bbox: 0.1041 (0.1202)  frame_0_aux1_loss_ce: 0.1457 (0.1419)  frame_0_aux1_loss_giou: 0.2541 (0.2567)  frame_0_aux2_loss_bbox: 0.1030 (0.1205)  frame_0_aux2_loss_ce: 0.1167 (0.1080)  frame_0_aux2_loss_giou: 0.2425 (0.2523)  frame_0_aux3_loss_bbox: 0.1050 (0.1205)  frame_0_aux3_loss_ce: 0.1060 (0.0983)  frame_0_aux3_loss_giou: 0.2468 (0.2524)  frame_0_aux4_loss_bbox: 0.1036 (0.1194)  frame_0_aux4_loss_ce: 0.1029 (0.0972)  frame_0_aux4_loss_giou: 0.2600 (0.2508)  frame_0_loss_bbox: 0.1034 (0.1192)  frame_0_loss_ce: 0.1046 (0.0974)  frame_0_loss_giou: 0.2589 (0.2487)  frame_1_aux0_loss_bbox: 0.1192 (0.1411)  frame_1_aux0_loss_ce: 0.1027 (0.0949)  frame_1_aux0_loss_giou: 0.3280 (0.3044)  frame_1_aux1_loss_bbox: 0.1102 (0.1286)  frame_1_aux1_loss_ce: 0.0960 (0.0887)  frame_1_aux1_loss_giou: 0.2901 (0.2597)  frame_1_aux2_loss_bbox: 0.1049 (0.1270)  frame_1_aux2_loss_ce: 0.0736 (0.0654)  frame_1_aux2_loss_giou: 0.2665 (0.2523)  frame_1_aux3_loss_bbox: 0.1067 (0.1262)  frame_1_aux3_loss_ce: 0.0680 (0.0609)  frame_1_aux3_loss_giou: 0.2580 (0.2488)  frame_1_aux4_loss_bbox: 0.1060 (0.1251)  frame_1_aux4_loss_ce: 0.0676 (0.0603)  frame_1_aux4_loss_giou: 0.2520 (0.2456)  frame_1_loss_bbox: 0.1095 (0.1261)  frame_1_loss_ce: 0.0646 (0.0606)  frame_1_loss_features: 0.0612 (0.0588)  frame_1_loss_giou: 0.2809 (0.2486)  time: 0.9484  data: 0.0001  max mem: 7665
Epoch: [2]  [300/601]  eta: 0:04:04  lr: 0.000200  grad_norm: 133.81  loss: 5.8035 (5.7715)  frame_0_aux0_loss_bbox: 0.1012 (0.1267)  frame_0_aux0_loss_ce: 0.1317 (0.1441)  frame_0_aux0_loss_giou: 0.2868 (0.2849)  frame_0_aux1_loss_bbox: 0.0911 (0.1195)  frame_0_aux1_loss_ce: 0.1309 (0.1416)  frame_0_aux1_loss_giou: 0.2506 (0.2559)  frame_0_aux2_loss_bbox: 0.0943 (0.1199)  frame_0_aux2_loss_ce: 0.0975 (0.1075)  frame_0_aux2_loss_giou: 0.2510 (0.2517)  frame_0_aux3_loss_bbox: 0.0930 (0.1198)  frame_0_aux3_loss_ce: 0.0862 (0.0978)  frame_0_aux3_loss_giou: 0.2468 (0.2517)  frame_0_aux4_loss_bbox: 0.0913 (0.1187)  frame_0_aux4_loss_ce: 0.0863 (0.0967)  frame_0_aux4_loss_giou: 0.2649 (0.2506)  frame_0_loss_bbox: 0.0933 (0.1186)  frame_0_loss_ce: 0.0837 (0.0969)  frame_0_loss_giou: 0.2688 (0.2489)  frame_1_aux0_loss_bbox: 0.1024 (0.1405)  frame_1_aux0_loss_ce: 0.1004 (0.0950)  frame_1_aux0_loss_giou: 0.3331 (0.3042)  frame_1_aux1_loss_bbox: 0.0924 (0.1280)  frame_1_aux1_loss_ce: 0.0973 (0.0888)  frame_1_aux1_loss_giou: 0.2901 (0.2598)  frame_1_aux2_loss_bbox: 0.0937 (0.1264)  frame_1_aux2_loss_ce: 0.0744 (0.0655)  frame_1_aux2_loss_giou: 0.2699 (0.2522)  frame_1_aux3_loss_bbox: 0.0953 (0.1256)  frame_1_aux3_loss_ce: 0.0660 (0.0609)  frame_1_aux3_loss_giou: 0.2580 (0.2486)  frame_1_aux4_loss_bbox: 0.0942 (0.1245)  frame_1_aux4_loss_ce: 0.0662 (0.0603)  frame_1_aux4_loss_giou: 0.2534 (0.2456)  frame_1_loss_bbox: 0.0969 (0.1256)  frame_1_loss_ce: 0.0635 (0.0606)  frame_1_loss_features: 0.0622 (0.0588)  frame_1_loss_giou: 0.2809 (0.2492)  time: 0.8494  data: 0.0001  max mem: 7665
Epoch: [2]  [310/601]  eta: 0:03:55  lr: 0.000200  grad_norm: 355.55  loss: 5.5537 (5.7723)  frame_0_aux0_loss_bbox: 0.1016 (0.1263)  frame_0_aux0_loss_ce: 0.1354 (0.1443)  frame_0_aux0_loss_giou: 0.2778 (0.2850)  frame_0_aux1_loss_bbox: 0.0941 (0.1191)  frame_0_aux1_loss_ce: 0.1374 (0.1417)  frame_0_aux1_loss_giou: 0.2504 (0.2559)  frame_0_aux2_loss_bbox: 0.0943 (0.1195)  frame_0_aux2_loss_ce: 0.1019 (0.1077)  frame_0_aux2_loss_giou: 0.2510 (0.2517)  frame_0_aux3_loss_bbox: 0.0930 (0.1194)  frame_0_aux3_loss_ce: 0.0919 (0.0980)  frame_0_aux3_loss_giou: 0.2450 (0.2519)  frame_0_aux4_loss_bbox: 0.0913 (0.1183)  frame_0_aux4_loss_ce: 0.0916 (0.0969)  frame_0_aux4_loss_giou: 0.2649 (0.2509)  frame_0_loss_bbox: 0.0992 (0.1184)  frame_0_loss_ce: 0.0929 (0.0971)  frame_0_loss_giou: 0.2564 (0.2498)  frame_1_aux0_loss_bbox: 0.1180 (0.1400)  frame_1_aux0_loss_ce: 0.0941 (0.0951)  frame_1_aux0_loss_giou: 0.3185 (0.3050)  frame_1_aux1_loss_bbox: 0.1036 (0.1274)  frame_1_aux1_loss_ce: 0.0902 (0.0889)  frame_1_aux1_loss_giou: 0.2598 (0.2603)  frame_1_aux2_loss_bbox: 0.1013 (0.1258)  frame_1_aux2_loss_ce: 0.0652 (0.0656)  frame_1_aux2_loss_giou: 0.2556 (0.2525)  frame_1_aux3_loss_bbox: 0.0989 (0.1251)  frame_1_aux3_loss_ce: 0.0651 (0.0610)  frame_1_aux3_loss_giou: 0.2550 (0.2492)  frame_1_aux4_loss_bbox: 0.0961 (0.1239)  frame_1_aux4_loss_ce: 0.0637 (0.0604)  frame_1_aux4_loss_giou: 0.2418 (0.2458)  frame_1_loss_bbox: 0.1009 (0.1251)  frame_1_loss_ce: 0.0635 (0.0607)  frame_1_loss_features: 0.0583 (0.0588)  frame_1_loss_giou: 0.2470 (0.2497)  time: 0.7304  data: 0.0001  max mem: 7665
Epoch: [2]  [320/601]  eta: 0:03:46  lr: 0.000200  grad_norm: 51.37  loss: 5.6539 (5.7862)  frame_0_aux0_loss_bbox: 0.1119 (0.1269)  frame_0_aux0_loss_ce: 0.1485 (0.1444)  frame_0_aux0_loss_giou: 0.2804 (0.2851)  frame_0_aux1_loss_bbox: 0.1033 (0.1195)  frame_0_aux1_loss_ce: 0.1449 (0.1419)  frame_0_aux1_loss_giou: 0.2527 (0.2558)  frame_0_aux2_loss_bbox: 0.1060 (0.1198)  frame_0_aux2_loss_ce: 0.1061 (0.1078)  frame_0_aux2_loss_giou: 0.2440 (0.2516)  frame_0_aux3_loss_bbox: 0.1019 (0.1198)  frame_0_aux3_loss_ce: 0.1017 (0.0980)  frame_0_aux3_loss_giou: 0.2413 (0.2519)  frame_0_aux4_loss_bbox: 0.1036 (0.1187)  frame_0_aux4_loss_ce: 0.0969 (0.0969)  frame_0_aux4_loss_giou: 0.2649 (0.2512)  frame_0_loss_bbox: 0.1090 (0.1189)  frame_0_loss_ce: 0.0979 (0.0971)  frame_0_loss_giou: 0.2824 (0.2515)  frame_1_aux0_loss_bbox: 0.1265 (0.1406)  frame_1_aux0_loss_ce: 0.1056 (0.0958)  frame_1_aux0_loss_giou: 0.3210 (0.3054)  frame_1_aux1_loss_bbox: 0.1082 (0.1280)  frame_1_aux1_loss_ce: 0.0932 (0.0895)  frame_1_aux1_loss_giou: 0.2602 (0.2607)  frame_1_aux2_loss_bbox: 0.1013 (0.1262)  frame_1_aux2_loss_ce: 0.0668 (0.0659)  frame_1_aux2_loss_giou: 0.2530 (0.2528)  frame_1_aux3_loss_bbox: 0.0989 (0.1255)  frame_1_aux3_loss_ce: 0.0651 (0.0614)  frame_1_aux3_loss_giou: 0.2561 (0.2495)  frame_1_aux4_loss_bbox: 0.0961 (0.1243)  frame_1_aux4_loss_ce: 0.0655 (0.0608)  frame_1_aux4_loss_giou: 0.2420 (0.2462)  frame_1_loss_bbox: 0.0960 (0.1254)  frame_1_loss_ce: 0.0665 (0.0610)  frame_1_loss_features: 0.0583 (0.0590)  frame_1_loss_giou: 0.2610 (0.2513)  time: 0.7422  data: 0.0001  max mem: 7665
Epoch: [2]  [330/601]  eta: 0:03:38  lr: 0.000200  grad_norm: 110.29  loss: 5.7902 (5.7903)  frame_0_aux0_loss_bbox: 0.1317 (0.1267)  frame_0_aux0_loss_ce: 0.1429 (0.1447)  frame_0_aux0_loss_giou: 0.2751 (0.2847)  frame_0_aux1_loss_bbox: 0.1157 (0.1194)  frame_0_aux1_loss_ce: 0.1438 (0.1423)  frame_0_aux1_loss_giou: 0.2407 (0.2556)  frame_0_aux2_loss_bbox: 0.1110 (0.1197)  frame_0_aux2_loss_ce: 0.1049 (0.1081)  frame_0_aux2_loss_giou: 0.2285 (0.2514)  frame_0_aux3_loss_bbox: 0.1229 (0.1199)  frame_0_aux3_loss_ce: 0.1012 (0.0984)  frame_0_aux3_loss_giou: 0.2351 (0.2520)  frame_0_aux4_loss_bbox: 0.1223 (0.1187)  frame_0_aux4_loss_ce: 0.0961 (0.0972)  frame_0_aux4_loss_giou: 0.2407 (0.2511)  frame_0_loss_bbox: 0.1231 (0.1189)  frame_0_loss_ce: 0.0971 (0.0975)  frame_0_loss_giou: 0.2837 (0.2518)  frame_1_aux0_loss_bbox: 0.1453 (0.1407)  frame_1_aux0_loss_ce: 0.1059 (0.0960)  frame_1_aux0_loss_giou: 0.3091 (0.3057)  frame_1_aux1_loss_bbox: 0.1376 (0.1281)  frame_1_aux1_loss_ce: 0.0932 (0.0896)  frame_1_aux1_loss_giou: 0.2602 (0.2609)  frame_1_aux2_loss_bbox: 0.1352 (0.1263)  frame_1_aux2_loss_ce: 0.0668 (0.0660)  frame_1_aux2_loss_giou: 0.2447 (0.2528)  frame_1_aux3_loss_bbox: 0.1356 (0.1256)  frame_1_aux3_loss_ce: 0.0625 (0.0615)  frame_1_aux3_loss_giou: 0.2444 (0.2498)  frame_1_aux4_loss_bbox: 0.1332 (0.1244)  frame_1_aux4_loss_ce: 0.0639 (0.0609)  frame_1_aux4_loss_giou: 0.2394 (0.2462)  frame_1_loss_bbox: 0.1338 (0.1256)  frame_1_loss_ce: 0.0631 (0.0612)  frame_1_loss_features: 0.0653 (0.0590)  frame_1_loss_giou: 0.2751 (0.2517)  time: 0.7592  data: 0.0001  max mem: 7665
Epoch: [2]  [340/601]  eta: 0:03:29  lr: 0.000200  grad_norm: 171.81  loss: 5.9140 (5.8054)  frame_0_aux0_loss_bbox: 0.1340 (0.1274)  frame_0_aux0_loss_ce: 0.1480 (0.1448)  frame_0_aux0_loss_giou: 0.2669 (0.2845)  frame_0_aux1_loss_bbox: 0.1174 (0.1202)  frame_0_aux1_loss_ce: 0.1429 (0.1423)  frame_0_aux1_loss_giou: 0.2489 (0.2557)  frame_0_aux2_loss_bbox: 0.1249 (0.1205)  frame_0_aux2_loss_ce: 0.1102 (0.1082)  frame_0_aux2_loss_giou: 0.2498 (0.2516)  frame_0_aux3_loss_bbox: 0.1387 (0.1207)  frame_0_aux3_loss_ce: 0.0992 (0.0984)  frame_0_aux3_loss_giou: 0.2507 (0.2522)  frame_0_aux4_loss_bbox: 0.1253 (0.1194)  frame_0_aux4_loss_ce: 0.0995 (0.0974)  frame_0_aux4_loss_giou: 0.2428 (0.2511)  frame_0_loss_bbox: 0.1273 (0.1197)  frame_0_loss_ce: 0.0989 (0.0976)  frame_0_loss_giou: 0.2503 (0.2521)  frame_1_aux0_loss_bbox: 0.1615 (0.1416)  frame_1_aux0_loss_ce: 0.0975 (0.0960)  frame_1_aux0_loss_giou: 0.3146 (0.3062)  frame_1_aux1_loss_bbox: 0.1427 (0.1291)  frame_1_aux1_loss_ce: 0.0917 (0.0897)  frame_1_aux1_loss_giou: 0.2718 (0.2614)  frame_1_aux2_loss_bbox: 0.1414 (0.1273)  frame_1_aux2_loss_ce: 0.0678 (0.0661)  frame_1_aux2_loss_giou: 0.2543 (0.2532)  frame_1_aux3_loss_bbox: 0.1490 (0.1266)  frame_1_aux3_loss_ce: 0.0625 (0.0616)  frame_1_aux3_loss_giou: 0.2603 (0.2503)  frame_1_aux4_loss_bbox: 0.1459 (0.1254)  frame_1_aux4_loss_ce: 0.0632 (0.0610)  frame_1_aux4_loss_giou: 0.2502 (0.2468)  frame_1_loss_bbox: 0.1462 (0.1265)  frame_1_loss_ce: 0.0628 (0.0613)  frame_1_loss_features: 0.0540 (0.0589)  frame_1_loss_giou: 0.2635 (0.2524)  time: 0.7410  data: 0.0001  max mem: 7665
Epoch: [2]  [350/601]  eta: 0:03:22  lr: 0.000200  grad_norm: 133.24  loss: 5.7128 (5.7991)  frame_0_aux0_loss_bbox: 0.1237 (0.1273)  frame_0_aux0_loss_ce: 0.1438 (0.1446)  frame_0_aux0_loss_giou: 0.2732 (0.2846)  frame_0_aux1_loss_bbox: 0.1161 (0.1201)  frame_0_aux1_loss_ce: 0.1396 (0.1421)  frame_0_aux1_loss_giou: 0.2462 (0.2557)  frame_0_aux2_loss_bbox: 0.1175 (0.1203)  frame_0_aux2_loss_ce: 0.1004 (0.1079)  frame_0_aux2_loss_giou: 0.2431 (0.2515)  frame_0_aux3_loss_bbox: 0.1184 (0.1206)  frame_0_aux3_loss_ce: 0.0907 (0.0981)  frame_0_aux3_loss_giou: 0.2425 (0.2522)  frame_0_aux4_loss_bbox: 0.1191 (0.1194)  frame_0_aux4_loss_ce: 0.0884 (0.0971)  frame_0_aux4_loss_giou: 0.2357 (0.2510)  frame_0_loss_bbox: 0.1227 (0.1196)  frame_0_loss_ce: 0.0911 (0.0973)  frame_0_loss_giou: 0.2426 (0.2522)  frame_1_aux0_loss_bbox: 0.1356 (0.1414)  frame_1_aux0_loss_ce: 0.0930 (0.0959)  frame_1_aux0_loss_giou: 0.3146 (0.3058)  frame_1_aux1_loss_bbox: 0.1200 (0.1288)  frame_1_aux1_loss_ce: 0.0873 (0.0896)  frame_1_aux1_loss_giou: 0.2666 (0.2612)  frame_1_aux2_loss_bbox: 0.1174 (0.1270)  frame_1_aux2_loss_ce: 0.0584 (0.0659)  frame_1_aux2_loss_giou: 0.2543 (0.2530)  frame_1_aux3_loss_bbox: 0.1158 (0.1264)  frame_1_aux3_loss_ce: 0.0523 (0.0614)  frame_1_aux3_loss_giou: 0.2553 (0.2501)  frame_1_aux4_loss_bbox: 0.1171 (0.1252)  frame_1_aux4_loss_ce: 0.0524 (0.0608)  frame_1_aux4_loss_giou: 0.2508 (0.2466)  frame_1_loss_bbox: 0.1170 (0.1263)  frame_1_loss_ce: 0.0527 (0.0610)  frame_1_loss_features: 0.0540 (0.0590)  frame_1_loss_giou: 0.2540 (0.2523)  time: 0.7821  data: 0.0001  max mem: 7665
Epoch: [2]  [360/601]  eta: 0:03:13  lr: 0.000200  grad_norm: 93.11  loss: 5.4542 (5.7889)  frame_0_aux0_loss_bbox: 0.1141 (0.1270)  frame_0_aux0_loss_ce: 0.1359 (0.1443)  frame_0_aux0_loss_giou: 0.2735 (0.2842)  frame_0_aux1_loss_bbox: 0.1063 (0.1199)  frame_0_aux1_loss_ce: 0.1279 (0.1416)  frame_0_aux1_loss_giou: 0.2452 (0.2555)  frame_0_aux2_loss_bbox: 0.1050 (0.1201)  frame_0_aux2_loss_ce: 0.0931 (0.1074)  frame_0_aux2_loss_giou: 0.2429 (0.2513)  frame_0_aux3_loss_bbox: 0.1107 (0.1203)  frame_0_aux3_loss_ce: 0.0818 (0.0976)  frame_0_aux3_loss_giou: 0.2357 (0.2519)  frame_0_aux4_loss_bbox: 0.1050 (0.1191)  frame_0_aux4_loss_ce: 0.0799 (0.0965)  frame_0_aux4_loss_giou: 0.2392 (0.2506)  frame_0_loss_bbox: 0.1090 (0.1193)  frame_0_loss_ce: 0.0818 (0.0967)  frame_0_loss_giou: 0.2426 (0.2520)  frame_1_aux0_loss_bbox: 0.1205 (0.1411)  frame_1_aux0_loss_ce: 0.0866 (0.0957)  frame_1_aux0_loss_giou: 0.3221 (0.3059)  frame_1_aux1_loss_bbox: 0.1140 (0.1285)  frame_1_aux1_loss_ce: 0.0848 (0.0893)  frame_1_aux1_loss_giou: 0.2529 (0.2610)  frame_1_aux2_loss_bbox: 0.1174 (0.1268)  frame_1_aux2_loss_ce: 0.0571 (0.0657)  frame_1_aux2_loss_giou: 0.2444 (0.2528)  frame_1_aux3_loss_bbox: 0.1158 (0.1261)  frame_1_aux3_loss_ce: 0.0498 (0.0611)  frame_1_aux3_loss_giou: 0.2399 (0.2499)  frame_1_aux4_loss_bbox: 0.1122 (0.1249)  frame_1_aux4_loss_ce: 0.0491 (0.0605)  frame_1_aux4_loss_giou: 0.2369 (0.2464)  frame_1_loss_bbox: 0.1111 (0.1260)  frame_1_loss_ce: 0.0497 (0.0608)  frame_1_loss_features: 0.0565 (0.0589)  frame_1_loss_giou: 0.2475 (0.2522)  time: 0.7871  data: 0.0001  max mem: 7665
Epoch: [2]  [370/601]  eta: 0:03:05  lr: 0.000200  grad_norm: 72.42  loss: 5.3230 (5.7801)  frame_0_aux0_loss_bbox: 0.1055 (0.1267)  frame_0_aux0_loss_ce: 0.1322 (0.1441)  frame_0_aux0_loss_giou: 0.2602 (0.2838)  frame_0_aux1_loss_bbox: 0.1007 (0.1196)  frame_0_aux1_loss_ce: 0.1258 (0.1414)  frame_0_aux1_loss_giou: 0.2439 (0.2553)  frame_0_aux2_loss_bbox: 0.0985 (0.1198)  frame_0_aux2_loss_ce: 0.0855 (0.1071)  frame_0_aux2_loss_giou: 0.2429 (0.2512)  frame_0_aux3_loss_bbox: 0.1002 (0.1200)  frame_0_aux3_loss_ce: 0.0769 (0.0973)  frame_0_aux3_loss_giou: 0.2357 (0.2517)  frame_0_aux4_loss_bbox: 0.0997 (0.1188)  frame_0_aux4_loss_ce: 0.0729 (0.0962)  frame_0_aux4_loss_giou: 0.2355 (0.2504)  frame_0_loss_bbox: 0.1014 (0.1191)  frame_0_loss_ce: 0.0747 (0.0963)  frame_0_loss_giou: 0.2419 (0.2518)  frame_1_aux0_loss_bbox: 0.1162 (0.1408)  frame_1_aux0_loss_ce: 0.0864 (0.0955)  frame_1_aux0_loss_giou: 0.3070 (0.3058)  frame_1_aux1_loss_bbox: 0.1048 (0.1282)  frame_1_aux1_loss_ce: 0.0786 (0.0892)  frame_1_aux1_loss_giou: 0.2497 (0.2608)  frame_1_aux2_loss_bbox: 0.1034 (0.1265)  frame_1_aux2_loss_ce: 0.0557 (0.0656)  frame_1_aux2_loss_giou: 0.2421 (0.2526)  frame_1_aux3_loss_bbox: 0.1026 (0.1258)  frame_1_aux3_loss_ce: 0.0507 (0.0609)  frame_1_aux3_loss_giou: 0.2399 (0.2497)  frame_1_aux4_loss_bbox: 0.1013 (0.1246)  frame_1_aux4_loss_ce: 0.0474 (0.0603)  frame_1_aux4_loss_giou: 0.2366 (0.2462)  frame_1_loss_bbox: 0.1012 (0.1256)  frame_1_loss_ce: 0.0477 (0.0606)  frame_1_loss_features: 0.0571 (0.0589)  frame_1_loss_giou: 0.2416 (0.2519)  time: 0.7735  data: 0.0001  max mem: 7665
Epoch: [2]  [380/601]  eta: 0:02:57  lr: 0.000200  grad_norm: 141.47  loss: 5.1075 (5.7663)  frame_0_aux0_loss_bbox: 0.1046 (0.1263)  frame_0_aux0_loss_ce: 0.1340 (0.1440)  frame_0_aux0_loss_giou: 0.2607 (0.2836)  frame_0_aux1_loss_bbox: 0.0970 (0.1192)  frame_0_aux1_loss_ce: 0.1289 (0.1413)  frame_0_aux1_loss_giou: 0.2367 (0.2550)  frame_0_aux2_loss_bbox: 0.0940 (0.1195)  frame_0_aux2_loss_ce: 0.0850 (0.1068)  frame_0_aux2_loss_giou: 0.2353 (0.2511)  frame_0_aux3_loss_bbox: 0.0924 (0.1196)  frame_0_aux3_loss_ce: 0.0732 (0.0970)  frame_0_aux3_loss_giou: 0.2352 (0.2514)  frame_0_aux4_loss_bbox: 0.0902 (0.1184)  frame_0_aux4_loss_ce: 0.0733 (0.0959)  frame_0_aux4_loss_giou: 0.2285 (0.2500)  frame_0_loss_bbox: 0.0913 (0.1187)  frame_0_loss_ce: 0.0728 (0.0960)  frame_0_loss_giou: 0.2264 (0.2513)  frame_1_aux0_loss_bbox: 0.1052 (0.1402)  frame_1_aux0_loss_ce: 0.0813 (0.0951)  frame_1_aux0_loss_giou: 0.2873 (0.3054)  frame_1_aux1_loss_bbox: 0.0973 (0.1277)  frame_1_aux1_loss_ce: 0.0776 (0.0889)  frame_1_aux1_loss_giou: 0.2389 (0.2604)  frame_1_aux2_loss_bbox: 0.0947 (0.1260)  frame_1_aux2_loss_ce: 0.0537 (0.0652)  frame_1_aux2_loss_giou: 0.2271 (0.2521)  frame_1_aux3_loss_bbox: 0.0928 (0.1252)  frame_1_aux3_loss_ce: 0.0502 (0.0606)  frame_1_aux3_loss_giou: 0.2217 (0.2493)  frame_1_aux4_loss_bbox: 0.0933 (0.1240)  frame_1_aux4_loss_ce: 0.0474 (0.0599)  frame_1_aux4_loss_giou: 0.2184 (0.2458)  frame_1_loss_bbox: 0.0945 (0.1251)  frame_1_loss_ce: 0.0477 (0.0602)  frame_1_loss_features: 0.0591 (0.0589)  frame_1_loss_giou: 0.2259 (0.2513)  time: 0.8507  data: 0.0537  max mem: 7665
Epoch: [2]  [390/601]  eta: 0:02:50  lr: 0.000200  grad_norm: 54.16  loss: 5.6458 (5.7775)  frame_0_aux0_loss_bbox: 0.1212 (0.1270)  frame_0_aux0_loss_ce: 0.1492 (0.1444)  frame_0_aux0_loss_giou: 0.2718 (0.2836)  frame_0_aux1_loss_bbox: 0.1144 (0.1199)  frame_0_aux1_loss_ce: 0.1511 (0.1418)  frame_0_aux1_loss_giou: 0.2411 (0.2550)  frame_0_aux2_loss_bbox: 0.1161 (0.1202)  frame_0_aux2_loss_ce: 0.1051 (0.1071)  frame_0_aux2_loss_giou: 0.2407 (0.2511)  frame_0_aux3_loss_bbox: 0.1129 (0.1203)  frame_0_aux3_loss_ce: 0.0922 (0.0973)  frame_0_aux3_loss_giou: 0.2391 (0.2514)  frame_0_aux4_loss_bbox: 0.1133 (0.1192)  frame_0_aux4_loss_ce: 0.1000 (0.0962)  frame_0_aux4_loss_giou: 0.2350 (0.2500)  frame_0_loss_bbox: 0.1125 (0.1194)  frame_0_loss_ce: 0.0956 (0.0964)  frame_0_loss_giou: 0.2338 (0.2512)  frame_1_aux0_loss_bbox: 0.1263 (0.1409)  frame_1_aux0_loss_ce: 0.0899 (0.0952)  frame_1_aux0_loss_giou: 0.2827 (0.3051)  frame_1_aux1_loss_bbox: 0.1222 (0.1285)  frame_1_aux1_loss_ce: 0.0850 (0.0891)  frame_1_aux1_loss_giou: 0.2470 (0.2604)  frame_1_aux2_loss_bbox: 0.1196 (0.1268)  frame_1_aux2_loss_ce: 0.0604 (0.0653)  frame_1_aux2_loss_giou: 0.2413 (0.2521)  frame_1_aux3_loss_bbox: 0.1184 (0.1260)  frame_1_aux3_loss_ce: 0.0555 (0.0607)  frame_1_aux3_loss_giou: 0.2391 (0.2491)  frame_1_aux4_loss_bbox: 0.1194 (0.1249)  frame_1_aux4_loss_ce: 0.0510 (0.0600)  frame_1_aux4_loss_giou: 0.2375 (0.2457)  frame_1_loss_bbox: 0.1186 (0.1259)  frame_1_loss_ce: 0.0522 (0.0603)  frame_1_loss_features: 0.0556 (0.0588)  frame_1_loss_giou: 0.2363 (0.2511)  time: 0.8870  data: 0.0537  max mem: 7665
Epoch: [2]  [400/601]  eta: 0:02:42  lr: 0.000200  grad_norm: 72.46  loss: 5.6606 (5.7888)  frame_0_aux0_loss_bbox: 0.1275 (0.1273)  frame_0_aux0_loss_ce: 0.1474 (0.1446)  frame_0_aux0_loss_giou: 0.2716 (0.2842)  frame_0_aux1_loss_bbox: 0.1229 (0.1201)  frame_0_aux1_loss_ce: 0.1466 (0.1419)  frame_0_aux1_loss_giou: 0.2526 (0.2557)  frame_0_aux2_loss_bbox: 0.1223 (0.1204)  frame_0_aux2_loss_ce: 0.1083 (0.1074)  frame_0_aux2_loss_giou: 0.2407 (0.2517)  frame_0_aux3_loss_bbox: 0.1238 (0.1205)  frame_0_aux3_loss_ce: 0.0973 (0.0976)  frame_0_aux3_loss_giou: 0.2390 (0.2519)  frame_0_aux4_loss_bbox: 0.1227 (0.1193)  frame_0_aux4_loss_ce: 0.0995 (0.0966)  frame_0_aux4_loss_giou: 0.2436 (0.2505)  frame_0_loss_bbox: 0.1217 (0.1196)  frame_0_loss_ce: 0.0956 (0.0968)  frame_0_loss_giou: 0.2410 (0.2516)  frame_1_aux0_loss_bbox: 0.1429 (0.1412)  frame_1_aux0_loss_ce: 0.0936 (0.0954)  frame_1_aux0_loss_giou: 0.2938 (0.3059)  frame_1_aux1_loss_bbox: 0.1303 (0.1287)  frame_1_aux1_loss_ce: 0.0936 (0.0893)  frame_1_aux1_loss_giou: 0.2570 (0.2610)  frame_1_aux2_loss_bbox: 0.1276 (0.1269)  frame_1_aux2_loss_ce: 0.0666 (0.0655)  frame_1_aux2_loss_giou: 0.2432 (0.2525)  frame_1_aux3_loss_bbox: 0.1267 (0.1261)  frame_1_aux3_loss_ce: 0.0600 (0.0609)  frame_1_aux3_loss_giou: 0.2395 (0.2496)  frame_1_aux4_loss_bbox: 0.1264 (0.1250)  frame_1_aux4_loss_ce: 0.0601 (0.0602)  frame_1_aux4_loss_giou: 0.2411 (0.2462)  frame_1_loss_bbox: 0.1260 (0.1260)  frame_1_loss_ce: 0.0619 (0.0605)  frame_1_loss_features: 0.0510 (0.0587)  frame_1_loss_giou: 0.2408 (0.2515)  time: 0.8291  data: 0.0001  max mem: 7665
Epoch: [2]  [410/601]  eta: 0:02:34  lr: 0.000200  grad_norm: 113.72  loss: 5.7432 (5.8048)  frame_0_aux0_loss_bbox: 0.1262 (0.1276)  frame_0_aux0_loss_ce: 0.1426 (0.1448)  frame_0_aux0_loss_giou: 0.2716 (0.2853)  frame_0_aux1_loss_bbox: 0.1216 (0.1204)  frame_0_aux1_loss_ce: 0.1383 (0.1421)  frame_0_aux1_loss_giou: 0.2535 (0.2568)  frame_0_aux2_loss_bbox: 0.1192 (0.1206)  frame_0_aux2_loss_ce: 0.1042 (0.1077)  frame_0_aux2_loss_giou: 0.2476 (0.2527)  frame_0_aux3_loss_bbox: 0.1136 (0.1207)  frame_0_aux3_loss_ce: 0.0936 (0.0980)  frame_0_aux3_loss_giou: 0.2393 (0.2528)  frame_0_aux4_loss_bbox: 0.1149 (0.1196)  frame_0_aux4_loss_ce: 0.0941 (0.0970)  frame_0_aux4_loss_giou: 0.2443 (0.2515)  frame_0_loss_bbox: 0.1169 (0.1198)  frame_0_loss_ce: 0.0953 (0.0971)  frame_0_loss_giou: 0.2451 (0.2525)  frame_1_aux0_loss_bbox: 0.1424 (0.1415)  frame_1_aux0_loss_ce: 0.0959 (0.0957)  frame_1_aux0_loss_giou: 0.2938 (0.3066)  frame_1_aux1_loss_bbox: 0.1287 (0.1290)  frame_1_aux1_loss_ce: 0.0931 (0.0895)  frame_1_aux1_loss_giou: 0.2598 (0.2617)  frame_1_aux2_loss_bbox: 0.1184 (0.1271)  frame_1_aux2_loss_ce: 0.0666 (0.0657)  frame_1_aux2_loss_giou: 0.2475 (0.2531)  frame_1_aux3_loss_bbox: 0.1165 (0.1263)  frame_1_aux3_loss_ce: 0.0600 (0.0610)  frame_1_aux3_loss_giou: 0.2405 (0.2501)  frame_1_aux4_loss_bbox: 0.1176 (0.1253)  frame_1_aux4_loss_ce: 0.0599 (0.0604)  frame_1_aux4_loss_giou: 0.2415 (0.2468)  frame_1_loss_bbox: 0.1163 (0.1262)  frame_1_loss_ce: 0.0619 (0.0607)  frame_1_loss_features: 0.0551 (0.0586)  frame_1_loss_giou: 0.2431 (0.2520)  time: 0.8828  data: 0.0001  max mem: 7665
Epoch: [2]  [420/601]  eta: 0:02:26  lr: 0.000200  grad_norm: 85.92  loss: 6.1256 (5.8154)  frame_0_aux0_loss_bbox: 0.1275 (0.1280)  frame_0_aux0_loss_ce: 0.1635 (0.1452)  frame_0_aux0_loss_giou: 0.2873 (0.2856)  frame_0_aux1_loss_bbox: 0.1242 (0.1210)  frame_0_aux1_loss_ce: 0.1609 (0.1425)  frame_0_aux1_loss_giou: 0.2724 (0.2572)  frame_0_aux2_loss_bbox: 0.1192 (0.1210)  frame_0_aux2_loss_ce: 0.1247 (0.1081)  frame_0_aux2_loss_giou: 0.2603 (0.2529)  frame_0_aux3_loss_bbox: 0.1224 (0.1212)  frame_0_aux3_loss_ce: 0.1149 (0.0984)  frame_0_aux3_loss_giou: 0.2545 (0.2529)  frame_0_aux4_loss_bbox: 0.1218 (0.1201)  frame_0_aux4_loss_ce: 0.1134 (0.0973)  frame_0_aux4_loss_giou: 0.2544 (0.2516)  frame_0_loss_bbox: 0.1181 (0.1202)  frame_0_loss_ce: 0.1171 (0.0975)  frame_0_loss_giou: 0.2547 (0.2525)  frame_1_aux0_loss_bbox: 0.1448 (0.1420)  frame_1_aux0_loss_ce: 0.0978 (0.0959)  frame_1_aux0_loss_giou: 0.3210 (0.3067)  frame_1_aux1_loss_bbox: 0.1312 (0.1295)  frame_1_aux1_loss_ce: 0.0931 (0.0898)  frame_1_aux1_loss_giou: 0.2732 (0.2619)  frame_1_aux2_loss_bbox: 0.1259 (0.1275)  frame_1_aux2_loss_ce: 0.0697 (0.0659)  frame_1_aux2_loss_giou: 0.2584 (0.2533)  frame_1_aux3_loss_bbox: 0.1218 (0.1267)  frame_1_aux3_loss_ce: 0.0644 (0.0612)  frame_1_aux3_loss_giou: 0.2493 (0.2501)  frame_1_aux4_loss_bbox: 0.1194 (0.1257)  frame_1_aux4_loss_ce: 0.0615 (0.0606)  frame_1_aux4_loss_giou: 0.2517 (0.2470)  frame_1_loss_bbox: 0.1163 (0.1267)  frame_1_loss_ce: 0.0647 (0.0609)  frame_1_loss_features: 0.0626 (0.0586)  frame_1_loss_giou: 0.2507 (0.2520)  time: 0.9042  data: 0.0001  max mem: 7665
Epoch: [2]  [430/601]  eta: 0:02:18  lr: 0.000200  grad_norm: 47.02  loss: 6.2776 (5.8299)  frame_0_aux0_loss_bbox: 0.1354 (0.1287)  frame_0_aux0_loss_ce: 0.1710 (0.1457)  frame_0_aux0_loss_giou: 0.2830 (0.2858)  frame_0_aux1_loss_bbox: 0.1358 (0.1216)  frame_0_aux1_loss_ce: 0.1613 (0.1430)  frame_0_aux1_loss_giou: 0.2649 (0.2576)  frame_0_aux2_loss_bbox: 0.1374 (0.1218)  frame_0_aux2_loss_ce: 0.1191 (0.1084)  frame_0_aux2_loss_giou: 0.2603 (0.2533)  frame_0_aux3_loss_bbox: 0.1314 (0.1219)  frame_0_aux3_loss_ce: 0.1149 (0.0988)  frame_0_aux3_loss_giou: 0.2545 (0.2532)  frame_0_aux4_loss_bbox: 0.1331 (0.1208)  frame_0_aux4_loss_ce: 0.1122 (0.0977)  frame_0_aux4_loss_giou: 0.2526 (0.2519)  frame_0_loss_bbox: 0.1338 (0.1209)  frame_0_loss_ce: 0.1170 (0.0980)  frame_0_loss_giou: 0.2516 (0.2527)  frame_1_aux0_loss_bbox: 0.1507 (0.1426)  frame_1_aux0_loss_ce: 0.1010 (0.0961)  frame_1_aux0_loss_giou: 0.3210 (0.3067)  frame_1_aux1_loss_bbox: 0.1351 (0.1302)  frame_1_aux1_loss_ce: 0.0942 (0.0899)  frame_1_aux1_loss_giou: 0.2732 (0.2620)  frame_1_aux2_loss_bbox: 0.1306 (0.1282)  frame_1_aux2_loss_ce: 0.0738 (0.0662)  frame_1_aux2_loss_giou: 0.2547 (0.2534)  frame_1_aux3_loss_bbox: 0.1324 (0.1274)  frame_1_aux3_loss_ce: 0.0728 (0.0615)  frame_1_aux3_loss_giou: 0.2538 (0.2502)  frame_1_aux4_loss_bbox: 0.1352 (0.1265)  frame_1_aux4_loss_ce: 0.0707 (0.0608)  frame_1_aux4_loss_giou: 0.2574 (0.2471)  frame_1_loss_bbox: 0.1353 (0.1273)  frame_1_loss_ce: 0.0725 (0.0612)  frame_1_loss_features: 0.0626 (0.0585)  frame_1_loss_giou: 0.2571 (0.2521)  time: 0.7732  data: 0.0001  max mem: 7665
Epoch: [2]  [440/601]  eta: 0:02:10  lr: 0.000200  grad_norm: 89.47  loss: 5.5000 (5.8216)  frame_0_aux0_loss_bbox: 0.1087 (0.1281)  frame_0_aux0_loss_ce: 0.1566 (0.1457)  frame_0_aux0_loss_giou: 0.2664 (0.2858)  frame_0_aux1_loss_bbox: 0.0986 (0.1210)  frame_0_aux1_loss_ce: 0.1449 (0.1429)  frame_0_aux1_loss_giou: 0.2339 (0.2576)  frame_0_aux2_loss_bbox: 0.0983 (0.1211)  frame_0_aux2_loss_ce: 0.1026 (0.1083)  frame_0_aux2_loss_giou: 0.2504 (0.2535)  frame_0_aux3_loss_bbox: 0.0929 (0.1212)  frame_0_aux3_loss_ce: 0.0948 (0.0987)  frame_0_aux3_loss_giou: 0.2396 (0.2532)  frame_0_aux4_loss_bbox: 0.0930 (0.1201)  frame_0_aux4_loss_ce: 0.0954 (0.0976)  frame_0_aux4_loss_giou: 0.2389 (0.2520)  frame_0_loss_bbox: 0.0934 (0.1202)  frame_0_loss_ce: 0.0917 (0.0979)  frame_0_loss_giou: 0.2380 (0.2528)  frame_1_aux0_loss_bbox: 0.1104 (0.1419)  frame_1_aux0_loss_ce: 0.0947 (0.0962)  frame_1_aux0_loss_giou: 0.2807 (0.3066)  frame_1_aux1_loss_bbox: 0.1047 (0.1295)  frame_1_aux1_loss_ce: 0.0897 (0.0900)  frame_1_aux1_loss_giou: 0.2423 (0.2621)  frame_1_aux2_loss_bbox: 0.1001 (0.1274)  frame_1_aux2_loss_ce: 0.0695 (0.0662)  frame_1_aux2_loss_giou: 0.2276 (0.2534)  frame_1_aux3_loss_bbox: 0.0972 (0.1266)  frame_1_aux3_loss_ce: 0.0623 (0.0614)  frame_1_aux3_loss_giou: 0.2234 (0.2503)  frame_1_aux4_loss_bbox: 0.0986 (0.1257)  frame_1_aux4_loss_ce: 0.0618 (0.0608)  frame_1_aux4_loss_giou: 0.2195 (0.2473)  frame_1_loss_bbox: 0.0996 (0.1266)  frame_1_loss_ce: 0.0614 (0.0611)  frame_1_loss_features: 0.0534 (0.0585)  frame_1_loss_giou: 0.2212 (0.2522)  time: 0.8637  data: 0.0001  max mem: 7665
Epoch: [2]  [450/601]  eta: 0:02:02  lr: 0.000200  grad_norm: 42.63  loss: 4.6423 (5.8021)  frame_0_aux0_loss_bbox: 0.0852 (0.1277)  frame_0_aux0_loss_ce: 0.1339 (0.1455)  frame_0_aux0_loss_giou: 0.2387 (0.2849)  frame_0_aux1_loss_bbox: 0.0723 (0.1206)  frame_0_aux1_loss_ce: 0.1280 (0.1427)  frame_0_aux1_loss_giou: 0.2164 (0.2567)  frame_0_aux2_loss_bbox: 0.0779 (0.1207)  frame_0_aux2_loss_ce: 0.0853 (0.1081)  frame_0_aux2_loss_giou: 0.2133 (0.2525)  frame_0_aux3_loss_bbox: 0.0775 (0.1209)  frame_0_aux3_loss_ce: 0.0830 (0.0984)  frame_0_aux3_loss_giou: 0.2088 (0.2523)  frame_0_aux4_loss_bbox: 0.0801 (0.1198)  frame_0_aux4_loss_ce: 0.0768 (0.0973)  frame_0_aux4_loss_giou: 0.2096 (0.2511)  frame_0_loss_bbox: 0.0839 (0.1199)  frame_0_loss_ce: 0.0740 (0.0976)  frame_0_loss_giou: 0.2084 (0.2518)  frame_1_aux0_loss_bbox: 0.1039 (0.1415)  frame_1_aux0_loss_ce: 0.0836 (0.0960)  frame_1_aux0_loss_giou: 0.2672 (0.3054)  frame_1_aux1_loss_bbox: 0.0940 (0.1290)  frame_1_aux1_loss_ce: 0.0797 (0.0898)  frame_1_aux1_loss_giou: 0.2226 (0.2611)  frame_1_aux2_loss_bbox: 0.0916 (0.1270)  frame_1_aux2_loss_ce: 0.0551 (0.0659)  frame_1_aux2_loss_giou: 0.2134 (0.2525)  frame_1_aux3_loss_bbox: 0.0952 (0.1262)  frame_1_aux3_loss_ce: 0.0470 (0.0611)  frame_1_aux3_loss_giou: 0.2094 (0.2494)  frame_1_aux4_loss_bbox: 0.0900 (0.1253)  frame_1_aux4_loss_ce: 0.0452 (0.0604)  frame_1_aux4_loss_giou: 0.2070 (0.2464)  frame_1_loss_bbox: 0.0896 (0.1262)  frame_1_loss_ce: 0.0451 (0.0608)  frame_1_loss_features: 0.0544 (0.0584)  frame_1_loss_giou: 0.2072 (0.2511)  time: 0.8601  data: 0.0001  max mem: 7665
Epoch: [2]  [460/601]  eta: 0:01:54  lr: 0.000200  grad_norm: 203.17  loss: 5.3356 (5.8035)  frame_0_aux0_loss_bbox: 0.1044 (0.1279)  frame_0_aux0_loss_ce: 0.1431 (0.1455)  frame_0_aux0_loss_giou: 0.2461 (0.2853)  frame_0_aux1_loss_bbox: 0.1029 (0.1207)  frame_0_aux1_loss_ce: 0.1363 (0.1426)  frame_0_aux1_loss_giou: 0.2263 (0.2572)  frame_0_aux2_loss_bbox: 0.1035 (0.1208)  frame_0_aux2_loss_ce: 0.0947 (0.1081)  frame_0_aux2_loss_giou: 0.2250 (0.2529)  frame_0_aux3_loss_bbox: 0.1031 (0.1210)  frame_0_aux3_loss_ce: 0.0890 (0.0985)  frame_0_aux3_loss_giou: 0.2236 (0.2527)  frame_0_aux4_loss_bbox: 0.1022 (0.1199)  frame_0_aux4_loss_ce: 0.0888 (0.0974)  frame_0_aux4_loss_giou: 0.2257 (0.2515)  frame_0_loss_bbox: 0.1011 (0.1200)  frame_0_loss_ce: 0.0887 (0.0977)  frame_0_loss_giou: 0.2231 (0.2522)  frame_1_aux0_loss_bbox: 0.1201 (0.1412)  frame_1_aux0_loss_ce: 0.0883 (0.0959)  frame_1_aux0_loss_giou: 0.2777 (0.3056)  frame_1_aux1_loss_bbox: 0.1087 (0.1289)  frame_1_aux1_loss_ce: 0.0815 (0.0897)  frame_1_aux1_loss_giou: 0.2312 (0.2613)  frame_1_aux2_loss_bbox: 0.0982 (0.1268)  frame_1_aux2_loss_ce: 0.0561 (0.0658)  frame_1_aux2_loss_giou: 0.2204 (0.2526)  frame_1_aux3_loss_bbox: 0.0969 (0.1260)  frame_1_aux3_loss_ce: 0.0529 (0.0611)  frame_1_aux3_loss_giou: 0.2167 (0.2494)  frame_1_aux4_loss_bbox: 0.0969 (0.1250)  frame_1_aux4_loss_ce: 0.0504 (0.0604)  frame_1_aux4_loss_giou: 0.2177 (0.2464)  frame_1_loss_bbox: 0.0982 (0.1259)  frame_1_loss_ce: 0.0501 (0.0608)  frame_1_loss_features: 0.0496 (0.0582)  frame_1_loss_giou: 0.2179 (0.2511)  time: 0.7739  data: 0.0001  max mem: 7665
Epoch: [2]  [470/601]  eta: 0:01:46  lr: 0.000200  grad_norm: 53.48  loss: 6.1556 (5.8192)  frame_0_aux0_loss_bbox: 0.1357 (0.1287)  frame_0_aux0_loss_ce: 0.1523 (0.1458)  frame_0_aux0_loss_giou: 0.2681 (0.2850)  frame_0_aux1_loss_bbox: 0.1271 (0.1215)  frame_0_aux1_loss_ce: 0.1445 (0.1429)  frame_0_aux1_loss_giou: 0.2510 (0.2572)  frame_0_aux2_loss_bbox: 0.1290 (0.1216)  frame_0_aux2_loss_ce: 0.1206 (0.1086)  frame_0_aux2_loss_giou: 0.2436 (0.2529)  frame_0_aux3_loss_bbox: 0.1336 (0.1218)  frame_0_aux3_loss_ce: 0.1142 (0.0991)  frame_0_aux3_loss_giou: 0.2401 (0.2526)  frame_0_aux4_loss_bbox: 0.1299 (0.1208)  frame_0_aux4_loss_ce: 0.1091 (0.0979)  frame_0_aux4_loss_giou: 0.2359 (0.2515)  frame_0_loss_bbox: 0.1315 (0.1208)  frame_0_loss_ce: 0.1135 (0.0983)  frame_0_loss_giou: 0.2393 (0.2520)  frame_1_aux0_loss_bbox: 0.1490 (0.1424)  frame_1_aux0_loss_ce: 0.0909 (0.0959)  frame_1_aux0_loss_giou: 0.2943 (0.3058)  frame_1_aux1_loss_bbox: 0.1232 (0.1300)  frame_1_aux1_loss_ce: 0.0879 (0.0897)  frame_1_aux1_loss_giou: 0.2577 (0.2615)  frame_1_aux2_loss_bbox: 0.1171 (0.1279)  frame_1_aux2_loss_ce: 0.0630 (0.0659)  frame_1_aux2_loss_giou: 0.2477 (0.2528)  frame_1_aux3_loss_bbox: 0.1198 (0.1270)  frame_1_aux3_loss_ce: 0.0609 (0.0612)  frame_1_aux3_loss_giou: 0.2403 (0.2496)  frame_1_aux4_loss_bbox: 0.1202 (0.1261)  frame_1_aux4_loss_ce: 0.0591 (0.0606)  frame_1_aux4_loss_giou: 0.2370 (0.2467)  frame_1_loss_bbox: 0.1223 (0.1270)  frame_1_loss_ce: 0.0616 (0.0609)  frame_1_loss_features: 0.0515 (0.0581)  frame_1_loss_giou: 0.2336 (0.2512)  time: 0.7719  data: 0.0001  max mem: 7665
Epoch: [2]  [480/601]  eta: 0:01:38  lr: 0.000200  grad_norm: 82.89  loss: 6.0834 (5.8057)  frame_0_aux0_loss_bbox: 0.1185 (0.1282)  frame_0_aux0_loss_ce: 0.1506 (0.1457)  frame_0_aux0_loss_giou: 0.2606 (0.2846)  frame_0_aux1_loss_bbox: 0.1128 (0.1210)  frame_0_aux1_loss_ce: 0.1409 (0.1427)  frame_0_aux1_loss_giou: 0.2344 (0.2567)  frame_0_aux2_loss_bbox: 0.1062 (0.1210)  frame_0_aux2_loss_ce: 0.1154 (0.1085)  frame_0_aux2_loss_giou: 0.2287 (0.2524)  frame_0_aux3_loss_bbox: 0.1042 (0.1212)  frame_0_aux3_loss_ce: 0.1112 (0.0990)  frame_0_aux3_loss_giou: 0.2273 (0.2520)  frame_0_aux4_loss_bbox: 0.1005 (0.1203)  frame_0_aux4_loss_ce: 0.1091 (0.0978)  frame_0_aux4_loss_giou: 0.2305 (0.2509)  frame_0_loss_bbox: 0.0961 (0.1203)  frame_0_loss_ce: 0.1135 (0.0982)  frame_0_loss_giou: 0.2305 (0.2515)  frame_1_aux0_loss_bbox: 0.1378 (0.1418)  frame_1_aux0_loss_ce: 0.0982 (0.0960)  frame_1_aux0_loss_giou: 0.2943 (0.3052)  frame_1_aux1_loss_bbox: 0.1232 (0.1294)  frame_1_aux1_loss_ce: 0.0900 (0.0897)  frame_1_aux1_loss_giou: 0.2471 (0.2610)  frame_1_aux2_loss_bbox: 0.1169 (0.1273)  frame_1_aux2_loss_ce: 0.0611 (0.0659)  frame_1_aux2_loss_giou: 0.2289 (0.2522)  frame_1_aux3_loss_bbox: 0.1172 (0.1265)  frame_1_aux3_loss_ce: 0.0582 (0.0612)  frame_1_aux3_loss_giou: 0.2270 (0.2490)  frame_1_aux4_loss_bbox: 0.1142 (0.1256)  frame_1_aux4_loss_ce: 0.0591 (0.0606)  frame_1_aux4_loss_giou: 0.2229 (0.2461)  frame_1_loss_bbox: 0.1144 (0.1264)  frame_1_loss_ce: 0.0616 (0.0610)  frame_1_loss_features: 0.0537 (0.0580)  frame_1_loss_giou: 0.2294 (0.2506)  time: 0.7812  data: 0.0001  max mem: 7665
Epoch: [2]  [490/601]  eta: 0:01:30  lr: 0.000200  grad_norm: 76.06  loss: 5.1946 (5.8162)  frame_0_aux0_loss_bbox: 0.1013 (0.1287)  frame_0_aux0_loss_ce: 0.1395 (0.1459)  frame_0_aux0_loss_giou: 0.2596 (0.2846)  frame_0_aux1_loss_bbox: 0.0916 (0.1215)  frame_0_aux1_loss_ce: 0.1394 (0.1429)  frame_0_aux1_loss_giou: 0.2344 (0.2569)  frame_0_aux2_loss_bbox: 0.0891 (0.1215)  frame_0_aux2_loss_ce: 0.1049 (0.1087)  frame_0_aux2_loss_giou: 0.2306 (0.2525)  frame_0_aux3_loss_bbox: 0.0886 (0.1218)  frame_0_aux3_loss_ce: 0.0971 (0.0992)  frame_0_aux3_loss_giou: 0.2267 (0.2522)  frame_0_aux4_loss_bbox: 0.0967 (0.1209)  frame_0_aux4_loss_ce: 0.0961 (0.0980)  frame_0_aux4_loss_giou: 0.2324 (0.2512)  frame_0_loss_bbox: 0.0936 (0.1208)  frame_0_loss_ce: 0.0974 (0.0984)  frame_0_loss_giou: 0.2360 (0.2517)  frame_1_aux0_loss_bbox: 0.1066 (0.1423)  frame_1_aux0_loss_ce: 0.0959 (0.0962)  frame_1_aux0_loss_giou: 0.2954 (0.3053)  frame_1_aux1_loss_bbox: 0.0911 (0.1299)  frame_1_aux1_loss_ce: 0.0915 (0.0900)  frame_1_aux1_loss_giou: 0.2471 (0.2611)  frame_1_aux2_loss_bbox: 0.0926 (0.1278)  frame_1_aux2_loss_ce: 0.0668 (0.0661)  frame_1_aux2_loss_giou: 0.2295 (0.2524)  frame_1_aux3_loss_bbox: 0.0916 (0.1269)  frame_1_aux3_loss_ce: 0.0609 (0.0614)  frame_1_aux3_loss_giou: 0.2223 (0.2492)  frame_1_aux4_loss_bbox: 0.0886 (0.1260)  frame_1_aux4_loss_ce: 0.0610 (0.0608)  frame_1_aux4_loss_giou: 0.2224 (0.2464)  frame_1_loss_bbox: 0.0895 (0.1269)  frame_1_loss_ce: 0.0613 (0.0612)  frame_1_loss_features: 0.0537 (0.0580)  frame_1_loss_giou: 0.2294 (0.2509)  time: 0.8501  data: 0.0001  max mem: 7665
Epoch: [2]  [500/601]  eta: 0:01:21  lr: 0.000200  grad_norm: 38.59  loss: 5.9910 (5.8212)  frame_0_aux0_loss_bbox: 0.1500 (0.1290)  frame_0_aux0_loss_ce: 0.1600 (0.1462)  frame_0_aux0_loss_giou: 0.2589 (0.2841)  frame_0_aux1_loss_bbox: 0.1484 (0.1219)  frame_0_aux1_loss_ce: 0.1411 (0.1429)  frame_0_aux1_loss_giou: 0.2400 (0.2566)  frame_0_aux2_loss_bbox: 0.1490 (0.1219)  frame_0_aux2_loss_ce: 0.1049 (0.1088)  frame_0_aux2_loss_giou: 0.2354 (0.2523)  frame_0_aux3_loss_bbox: 0.1499 (0.1222)  frame_0_aux3_loss_ce: 0.1003 (0.0993)  frame_0_aux3_loss_giou: 0.2391 (0.2520)  frame_0_aux4_loss_bbox: 0.1530 (0.1213)  frame_0_aux4_loss_ce: 0.0983 (0.0982)  frame_0_aux4_loss_giou: 0.2393 (0.2510)  frame_0_loss_bbox: 0.1501 (0.1213)  frame_0_loss_ce: 0.0974 (0.0985)  frame_0_loss_giou: 0.2378 (0.2515)  frame_1_aux0_loss_bbox: 0.1728 (0.1429)  frame_1_aux0_loss_ce: 0.0948 (0.0962)  frame_1_aux0_loss_giou: 0.2959 (0.3053)  frame_1_aux1_loss_bbox: 0.1509 (0.1304)  frame_1_aux1_loss_ce: 0.0916 (0.0900)  frame_1_aux1_loss_giou: 0.2522 (0.2611)  frame_1_aux2_loss_bbox: 0.1593 (0.1283)  frame_1_aux2_loss_ce: 0.0656 (0.0661)  frame_1_aux2_loss_giou: 0.2471 (0.2524)  frame_1_aux3_loss_bbox: 0.1566 (0.1274)  frame_1_aux3_loss_ce: 0.0621 (0.0615)  frame_1_aux3_loss_giou: 0.2461 (0.2492)  frame_1_aux4_loss_bbox: 0.1522 (0.1265)  frame_1_aux4_loss_ce: 0.0610 (0.0609)  frame_1_aux4_loss_giou: 0.2432 (0.2464)  frame_1_loss_bbox: 0.1575 (0.1274)  frame_1_loss_ce: 0.0617 (0.0613)  frame_1_loss_features: 0.0541 (0.0580)  frame_1_loss_giou: 0.2495 (0.2510)  time: 0.7941  data: 0.0001  max mem: 7665
Epoch: [2]  [510/601]  eta: 0:01:13  lr: 0.000200  grad_norm: 25.15  loss: 6.3077 (5.8324)  frame_0_aux0_loss_bbox: 0.1276 (0.1291)  frame_0_aux0_loss_ce: 0.1550 (0.1464)  frame_0_aux0_loss_giou: 0.2603 (0.2847)  frame_0_aux1_loss_bbox: 0.1252 (0.1220)  frame_0_aux1_loss_ce: 0.1420 (0.1430)  frame_0_aux1_loss_giou: 0.2421 (0.2573)  frame_0_aux2_loss_bbox: 0.1249 (0.1220)  frame_0_aux2_loss_ce: 0.1048 (0.1091)  frame_0_aux2_loss_giou: 0.2382 (0.2529)  frame_0_aux3_loss_bbox: 0.1225 (0.1223)  frame_0_aux3_loss_ce: 0.1032 (0.0997)  frame_0_aux3_loss_giou: 0.2324 (0.2525)  frame_0_aux4_loss_bbox: 0.1223 (0.1215)  frame_0_aux4_loss_ce: 0.0983 (0.0985)  frame_0_aux4_loss_giou: 0.2333 (0.2515)  frame_0_loss_bbox: 0.1256 (0.1215)  frame_0_loss_ce: 0.0962 (0.0989)  frame_0_loss_giou: 0.2378 (0.2522)  frame_1_aux0_loss_bbox: 0.1339 (0.1430)  frame_1_aux0_loss_ce: 0.0955 (0.0963)  frame_1_aux0_loss_giou: 0.3012 (0.3059)  frame_1_aux1_loss_bbox: 0.1230 (0.1304)  frame_1_aux1_loss_ce: 0.0916 (0.0901)  frame_1_aux1_loss_giou: 0.2581 (0.2616)  frame_1_aux2_loss_bbox: 0.1201 (0.1283)  frame_1_aux2_loss_ce: 0.0659 (0.0664)  frame_1_aux2_loss_giou: 0.2504 (0.2530)  frame_1_aux3_loss_bbox: 0.1188 (0.1275)  frame_1_aux3_loss_ce: 0.0635 (0.0618)  frame_1_aux3_loss_giou: 0.2467 (0.2497)  frame_1_aux4_loss_bbox: 0.1203 (0.1266)  frame_1_aux4_loss_ce: 0.0629 (0.0611)  frame_1_aux4_loss_giou: 0.2465 (0.2469)  frame_1_loss_bbox: 0.1231 (0.1275)  frame_1_loss_ce: 0.0646 (0.0615)  frame_1_loss_features: 0.0583 (0.0581)  frame_1_loss_giou: 0.2514 (0.2515)  time: 0.7303  data: 0.0001  max mem: 7665
Epoch: [2]  [520/601]  eta: 0:01:05  lr: 0.000200  grad_norm: 79.96  loss: 5.8467 (5.8412)  frame_0_aux0_loss_bbox: 0.1220 (0.1294)  frame_0_aux0_loss_ce: 0.1512 (0.1466)  frame_0_aux0_loss_giou: 0.2664 (0.2847)  frame_0_aux1_loss_bbox: 0.1178 (0.1224)  frame_0_aux1_loss_ce: 0.1469 (0.1433)  frame_0_aux1_loss_giou: 0.2531 (0.2574)  frame_0_aux2_loss_bbox: 0.1195 (0.1224)  frame_0_aux2_loss_ce: 0.1183 (0.1094)  frame_0_aux2_loss_giou: 0.2382 (0.2530)  frame_0_aux3_loss_bbox: 0.1193 (0.1226)  frame_0_aux3_loss_ce: 0.1066 (0.1001)  frame_0_aux3_loss_giou: 0.2324 (0.2524)  frame_0_aux4_loss_bbox: 0.1206 (0.1219)  frame_0_aux4_loss_ce: 0.1090 (0.0989)  frame_0_aux4_loss_giou: 0.2383 (0.2516)  frame_0_loss_bbox: 0.1238 (0.1219)  frame_0_loss_ce: 0.1097 (0.0994)  frame_0_loss_giou: 0.2479 (0.2523)  frame_1_aux0_loss_bbox: 0.1339 (0.1434)  frame_1_aux0_loss_ce: 0.1065 (0.0966)  frame_1_aux0_loss_giou: 0.3116 (0.3059)  frame_1_aux1_loss_bbox: 0.1230 (0.1309)  frame_1_aux1_loss_ce: 0.0946 (0.0904)  frame_1_aux1_loss_giou: 0.2679 (0.2617)  frame_1_aux2_loss_bbox: 0.1201 (0.1288)  frame_1_aux2_loss_ce: 0.0694 (0.0666)  frame_1_aux2_loss_giou: 0.2656 (0.2530)  frame_1_aux3_loss_bbox: 0.1188 (0.1279)  frame_1_aux3_loss_ce: 0.0635 (0.0619)  frame_1_aux3_loss_giou: 0.2577 (0.2497)  frame_1_aux4_loss_bbox: 0.1203 (0.1270)  frame_1_aux4_loss_ce: 0.0629 (0.0613)  frame_1_aux4_loss_giou: 0.2588 (0.2469)  frame_1_loss_bbox: 0.1232 (0.1280)  frame_1_loss_ce: 0.0646 (0.0617)  frame_1_loss_features: 0.0644 (0.0582)  frame_1_loss_giou: 0.2639 (0.2516)  time: 0.7840  data: 0.0001  max mem: 7665
Epoch: [2]  [530/601]  eta: 0:00:57  lr: 0.000200  grad_norm: 188.20  loss: 5.8467 (5.8377)  frame_0_aux0_loss_bbox: 0.1220 (0.1292)  frame_0_aux0_loss_ce: 0.1522 (0.1468)  frame_0_aux0_loss_giou: 0.2628 (0.2842)  frame_0_aux1_loss_bbox: 0.1178 (0.1221)  frame_0_aux1_loss_ce: 0.1450 (0.1434)  frame_0_aux1_loss_giou: 0.2531 (0.2571)  frame_0_aux2_loss_bbox: 0.1194 (0.1222)  frame_0_aux2_loss_ce: 0.1095 (0.1094)  frame_0_aux2_loss_giou: 0.2385 (0.2527)  frame_0_aux3_loss_bbox: 0.1188 (0.1224)  frame_0_aux3_loss_ce: 0.1049 (0.1002)  frame_0_aux3_loss_giou: 0.2301 (0.2520)  frame_0_aux4_loss_bbox: 0.1189 (0.1217)  frame_0_aux4_loss_ce: 0.1036 (0.0990)  frame_0_aux4_loss_giou: 0.2383 (0.2512)  frame_0_loss_bbox: 0.1192 (0.1217)  frame_0_loss_ce: 0.1016 (0.0995)  frame_0_loss_giou: 0.2358 (0.2519)  frame_1_aux0_loss_bbox: 0.1490 (0.1433)  frame_1_aux0_loss_ce: 0.1069 (0.0968)  frame_1_aux0_loss_giou: 0.3059 (0.3058)  frame_1_aux1_loss_bbox: 0.1389 (0.1308)  frame_1_aux1_loss_ce: 0.0980 (0.0906)  frame_1_aux1_loss_giou: 0.2698 (0.2616)  frame_1_aux2_loss_bbox: 0.1368 (0.1287)  frame_1_aux2_loss_ce: 0.0694 (0.0668)  frame_1_aux2_loss_giou: 0.2582 (0.2528)  frame_1_aux3_loss_bbox: 0.1355 (0.1278)  frame_1_aux3_loss_ce: 0.0629 (0.0621)  frame_1_aux3_loss_giou: 0.2465 (0.2494)  frame_1_aux4_loss_bbox: 0.1369 (0.1269)  frame_1_aux4_loss_ce: 0.0595 (0.0615)  frame_1_aux4_loss_giou: 0.2403 (0.2467)  frame_1_loss_bbox: 0.1397 (0.1279)  frame_1_loss_ce: 0.0630 (0.0619)  frame_1_loss_features: 0.0581 (0.0583)  frame_1_loss_giou: 0.2373 (0.2513)  time: 0.8738  data: 0.0877  max mem: 7665
Epoch: [2]  [540/601]  eta: 0:00:49  lr: 0.000200  grad_norm: 75.41  loss: 5.9060 (5.8445)  frame_0_aux0_loss_bbox: 0.1191 (0.1295)  frame_0_aux0_loss_ce: 0.1524 (0.1470)  frame_0_aux0_loss_giou: 0.2628 (0.2843)  frame_0_aux1_loss_bbox: 0.1120 (0.1225)  frame_0_aux1_loss_ce: 0.1504 (0.1436)  frame_0_aux1_loss_giou: 0.2540 (0.2572)  frame_0_aux2_loss_bbox: 0.1114 (0.1225)  frame_0_aux2_loss_ce: 0.1088 (0.1096)  frame_0_aux2_loss_giou: 0.2437 (0.2528)  frame_0_aux3_loss_bbox: 0.1119 (0.1227)  frame_0_aux3_loss_ce: 0.0976 (0.1003)  frame_0_aux3_loss_giou: 0.2381 (0.2521)  frame_0_aux4_loss_bbox: 0.1126 (0.1220)  frame_0_aux4_loss_ce: 0.0988 (0.0991)  frame_0_aux4_loss_giou: 0.2388 (0.2513)  frame_0_loss_bbox: 0.1154 (0.1221)  frame_0_loss_ce: 0.1045 (0.0997)  frame_0_loss_giou: 0.2358 (0.2520)  frame_1_aux0_loss_bbox: 0.1325 (0.1436)  frame_1_aux0_loss_ce: 0.1048 (0.0970)  frame_1_aux0_loss_giou: 0.3107 (0.3060)  frame_1_aux1_loss_bbox: 0.1172 (0.1310)  frame_1_aux1_loss_ce: 0.0980 (0.0909)  frame_1_aux1_loss_giou: 0.2698 (0.2618)  frame_1_aux2_loss_bbox: 0.1128 (0.1289)  frame_1_aux2_loss_ce: 0.0769 (0.0669)  frame_1_aux2_loss_giou: 0.2582 (0.2529)  frame_1_aux3_loss_bbox: 0.1131 (0.1280)  frame_1_aux3_loss_ce: 0.0674 (0.0622)  frame_1_aux3_loss_giou: 0.2465 (0.2496)  frame_1_aux4_loss_bbox: 0.1134 (0.1272)  frame_1_aux4_loss_ce: 0.0676 (0.0616)  frame_1_aux4_loss_giou: 0.2403 (0.2468)  frame_1_loss_bbox: 0.1158 (0.1281)  frame_1_loss_ce: 0.0689 (0.0620)  frame_1_loss_features: 0.0576 (0.0583)  frame_1_loss_giou: 0.2449 (0.2514)  time: 0.8647  data: 0.0877  max mem: 7665
Epoch: [2]  [550/601]  eta: 0:00:41  lr: 0.000200  grad_norm: 96.69  loss: 5.9060 (5.8417)  frame_0_aux0_loss_bbox: 0.1177 (0.1293)  frame_0_aux0_loss_ce: 0.1505 (0.1469)  frame_0_aux0_loss_giou: 0.2778 (0.2843)  frame_0_aux1_loss_bbox: 0.1124 (0.1223)  frame_0_aux1_loss_ce: 0.1504 (0.1437)  frame_0_aux1_loss_giou: 0.2411 (0.2571)  frame_0_aux2_loss_bbox: 0.1092 (0.1222)  frame_0_aux2_loss_ce: 0.1088 (0.1096)  frame_0_aux2_loss_giou: 0.2344 (0.2527)  frame_0_aux3_loss_bbox: 0.1125 (0.1224)  frame_0_aux3_loss_ce: 0.0928 (0.1004)  frame_0_aux3_loss_giou: 0.2488 (0.2521)  frame_0_aux4_loss_bbox: 0.1131 (0.1219)  frame_0_aux4_loss_ce: 0.0985 (0.0991)  frame_0_aux4_loss_giou: 0.2390 (0.2512)  frame_0_loss_bbox: 0.1171 (0.1219)  frame_0_loss_ce: 0.1030 (0.0997)  frame_0_loss_giou: 0.2369 (0.2519)  frame_1_aux0_loss_bbox: 0.1248 (0.1433)  frame_1_aux0_loss_ce: 0.0969 (0.0969)  frame_1_aux0_loss_giou: 0.2969 (0.3059)  frame_1_aux1_loss_bbox: 0.1172 (0.1308)  frame_1_aux1_loss_ce: 0.0917 (0.0908)  frame_1_aux1_loss_giou: 0.2438 (0.2618)  frame_1_aux2_loss_bbox: 0.1128 (0.1287)  frame_1_aux2_loss_ce: 0.0623 (0.0668)  frame_1_aux2_loss_giou: 0.2380 (0.2530)  frame_1_aux3_loss_bbox: 0.1124 (0.1278)  frame_1_aux3_loss_ce: 0.0595 (0.0622)  frame_1_aux3_loss_giou: 0.2391 (0.2497)  frame_1_aux4_loss_bbox: 0.1104 (0.1270)  frame_1_aux4_loss_ce: 0.0594 (0.0616)  frame_1_aux4_loss_giou: 0.2345 (0.2469)  frame_1_loss_bbox: 0.1155 (0.1280)  frame_1_loss_ce: 0.0622 (0.0620)  frame_1_loss_features: 0.0574 (0.0583)  frame_1_loss_giou: 0.2383 (0.2514)  time: 0.8756  data: 0.0001  max mem: 7665
Epoch: [2]  [560/601]  eta: 0:00:33  lr: 0.000200  grad_norm: 146.50  loss: 6.0360 (5.8504)  frame_0_aux0_loss_bbox: 0.1190 (0.1298)  frame_0_aux0_loss_ce: 0.1420 (0.1469)  frame_0_aux0_loss_giou: 0.2842 (0.2846)  frame_0_aux1_loss_bbox: 0.1138 (0.1228)  frame_0_aux1_loss_ce: 0.1410 (0.1436)  frame_0_aux1_loss_giou: 0.2411 (0.2573)  frame_0_aux2_loss_bbox: 0.1109 (0.1227)  frame_0_aux2_loss_ce: 0.1078 (0.1096)  frame_0_aux2_loss_giou: 0.2344 (0.2528)  frame_0_aux3_loss_bbox: 0.1132 (0.1229)  frame_0_aux3_loss_ce: 0.0993 (0.1004)  frame_0_aux3_loss_giou: 0.2449 (0.2523)  frame_0_aux4_loss_bbox: 0.1160 (0.1223)  frame_0_aux4_loss_ce: 0.0985 (0.0992)  frame_0_aux4_loss_giou: 0.2475 (0.2514)  frame_0_loss_bbox: 0.1141 (0.1224)  frame_0_loss_ce: 0.1015 (0.0998)  frame_0_loss_giou: 0.2417 (0.2520)  frame_1_aux0_loss_bbox: 0.1252 (0.1439)  frame_1_aux0_loss_ce: 0.0955 (0.0970)  frame_1_aux0_loss_giou: 0.2983 (0.3063)  frame_1_aux1_loss_bbox: 0.1176 (0.1313)  frame_1_aux1_loss_ce: 0.0892 (0.0909)  frame_1_aux1_loss_giou: 0.2747 (0.2620)  frame_1_aux2_loss_bbox: 0.1136 (0.1292)  frame_1_aux2_loss_ce: 0.0699 (0.0670)  frame_1_aux2_loss_giou: 0.2509 (0.2531)  frame_1_aux3_loss_bbox: 0.1124 (0.1283)  frame_1_aux3_loss_ce: 0.0646 (0.0623)  frame_1_aux3_loss_giou: 0.2418 (0.2499)  frame_1_aux4_loss_bbox: 0.1115 (0.1274)  frame_1_aux4_loss_ce: 0.0633 (0.0617)  frame_1_aux4_loss_giou: 0.2395 (0.2470)  frame_1_loss_bbox: 0.1133 (0.1284)  frame_1_loss_ce: 0.0644 (0.0621)  frame_1_loss_features: 0.0557 (0.0583)  frame_1_loss_giou: 0.2474 (0.2514)  time: 0.9141  data: 0.0001  max mem: 7665
Epoch: [2]  [570/601]  eta: 0:00:25  lr: 0.000200  grad_norm: 78.64  loss: 6.0098 (5.8539)  frame_0_aux0_loss_bbox: 0.1239 (0.1302)  frame_0_aux0_loss_ce: 0.1420 (0.1468)  frame_0_aux0_loss_giou: 0.2890 (0.2847)  frame_0_aux1_loss_bbox: 0.1192 (0.1232)  frame_0_aux1_loss_ce: 0.1410 (0.1435)  frame_0_aux1_loss_giou: 0.2613 (0.2575)  frame_0_aux2_loss_bbox: 0.1145 (0.1231)  frame_0_aux2_loss_ce: 0.1078 (0.1096)  frame_0_aux2_loss_giou: 0.2516 (0.2529)  frame_0_aux3_loss_bbox: 0.1158 (0.1233)  frame_0_aux3_loss_ce: 0.1018 (0.1003)  frame_0_aux3_loss_giou: 0.2527 (0.2525)  frame_0_aux4_loss_bbox: 0.1177 (0.1227)  frame_0_aux4_loss_ce: 0.0996 (0.0991)  frame_0_aux4_loss_giou: 0.2478 (0.2514)  frame_0_loss_bbox: 0.1189 (0.1227)  frame_0_loss_ce: 0.1015 (0.0997)  frame_0_loss_giou: 0.2479 (0.2520)  frame_1_aux0_loss_bbox: 0.1423 (0.1441)  frame_1_aux0_loss_ce: 0.0929 (0.0969)  frame_1_aux0_loss_giou: 0.3169 (0.3062)  frame_1_aux1_loss_bbox: 0.1262 (0.1316)  frame_1_aux1_loss_ce: 0.0901 (0.0908)  frame_1_aux1_loss_giou: 0.2659 (0.2621)  frame_1_aux2_loss_bbox: 0.1194 (0.1295)  frame_1_aux2_loss_ce: 0.0704 (0.0669)  frame_1_aux2_loss_giou: 0.2509 (0.2530)  frame_1_aux3_loss_bbox: 0.1192 (0.1286)  frame_1_aux3_loss_ce: 0.0632 (0.0622)  frame_1_aux3_loss_giou: 0.2499 (0.2499)  frame_1_aux4_loss_bbox: 0.1186 (0.1278)  frame_1_aux4_loss_ce: 0.0633 (0.0616)  frame_1_aux4_loss_giou: 0.2467 (0.2470)  frame_1_loss_bbox: 0.1207 (0.1288)  frame_1_loss_ce: 0.0616 (0.0620)  frame_1_loss_features: 0.0594 (0.0584)  frame_1_loss_giou: 0.2496 (0.2514)  time: 0.8617  data: 0.0001  max mem: 7665
Epoch: [2]  [580/601]  eta: 0:00:17  lr: 0.000200  grad_norm: 93.18  loss: 5.9337 (5.8590)  frame_0_aux0_loss_bbox: 0.1365 (0.1306)  frame_0_aux0_loss_ce: 0.1482 (0.1468)  frame_0_aux0_loss_giou: 0.2890 (0.2847)  frame_0_aux1_loss_bbox: 0.1354 (0.1236)  frame_0_aux1_loss_ce: 0.1522 (0.1437)  frame_0_aux1_loss_giou: 0.2613 (0.2576)  frame_0_aux2_loss_bbox: 0.1400 (0.1235)  frame_0_aux2_loss_ce: 0.1113 (0.1096)  frame_0_aux2_loss_giou: 0.2516 (0.2528)  frame_0_aux3_loss_bbox: 0.1377 (0.1236)  frame_0_aux3_loss_ce: 0.0989 (0.1004)  frame_0_aux3_loss_giou: 0.2515 (0.2523)  frame_0_aux4_loss_bbox: 0.1370 (0.1231)  frame_0_aux4_loss_ce: 0.1005 (0.0991)  frame_0_aux4_loss_giou: 0.2458 (0.2514)  frame_0_loss_bbox: 0.1341 (0.1231)  frame_0_loss_ce: 0.0994 (0.0997)  frame_0_loss_giou: 0.2479 (0.2519)  frame_1_aux0_loss_bbox: 0.1443 (0.1445)  frame_1_aux0_loss_ce: 0.0874 (0.0969)  frame_1_aux0_loss_giou: 0.3099 (0.3061)  frame_1_aux1_loss_bbox: 0.1365 (0.1321)  frame_1_aux1_loss_ce: 0.0842 (0.0908)  frame_1_aux1_loss_giou: 0.2658 (0.2622)  frame_1_aux2_loss_bbox: 0.1358 (0.1300)  frame_1_aux2_loss_ce: 0.0681 (0.0670)  frame_1_aux2_loss_giou: 0.2512 (0.2530)  frame_1_aux3_loss_bbox: 0.1330 (0.1291)  frame_1_aux3_loss_ce: 0.0630 (0.0622)  frame_1_aux3_loss_giou: 0.2499 (0.2498)  frame_1_aux4_loss_bbox: 0.1320 (0.1282)  frame_1_aux4_loss_ce: 0.0607 (0.0616)  frame_1_aux4_loss_giou: 0.2467 (0.2470)  frame_1_loss_bbox: 0.1326 (0.1292)  frame_1_loss_ce: 0.0606 (0.0620)  frame_1_loss_features: 0.0548 (0.0583)  frame_1_loss_giou: 0.2475 (0.2514)  time: 0.8197  data: 0.0001  max mem: 7665
Epoch: [2]  [590/601]  eta: 0:00:08  lr: 0.000200  grad_norm: 125.89  loss: 6.1458 (5.8723)  frame_0_aux0_loss_bbox: 0.1309 (0.1308)  frame_0_aux0_loss_ce: 0.1597 (0.1473)  frame_0_aux0_loss_giou: 0.2774 (0.2853)  frame_0_aux1_loss_bbox: 0.1246 (0.1239)  frame_0_aux1_loss_ce: 0.1663 (0.1442)  frame_0_aux1_loss_giou: 0.2529 (0.2581)  frame_0_aux2_loss_bbox: 0.1279 (0.1237)  frame_0_aux2_loss_ce: 0.1219 (0.1101)  frame_0_aux2_loss_giou: 0.2505 (0.2535)  frame_0_aux3_loss_bbox: 0.1250 (0.1238)  frame_0_aux3_loss_ce: 0.1178 (0.1009)  frame_0_aux3_loss_giou: 0.2417 (0.2528)  frame_0_aux4_loss_bbox: 0.1271 (0.1233)  frame_0_aux4_loss_ce: 0.1167 (0.0997)  frame_0_aux4_loss_giou: 0.2425 (0.2520)  frame_0_loss_bbox: 0.1227 (0.1233)  frame_0_loss_ce: 0.1156 (0.1003)  frame_0_loss_giou: 0.2408 (0.2524)  frame_1_aux0_loss_bbox: 0.1413 (0.1448)  frame_1_aux0_loss_ce: 0.0989 (0.0972)  frame_1_aux0_loss_giou: 0.2972 (0.3064)  frame_1_aux1_loss_bbox: 0.1349 (0.1324)  frame_1_aux1_loss_ce: 0.0936 (0.0911)  frame_1_aux1_loss_giou: 0.2640 (0.2626)  frame_1_aux2_loss_bbox: 0.1374 (0.1302)  frame_1_aux2_loss_ce: 0.0778 (0.0674)  frame_1_aux2_loss_giou: 0.2546 (0.2534)  frame_1_aux3_loss_bbox: 0.1359 (0.1292)  frame_1_aux3_loss_ce: 0.0680 (0.0626)  frame_1_aux3_loss_giou: 0.2485 (0.2502)  frame_1_aux4_loss_bbox: 0.1361 (0.1284)  frame_1_aux4_loss_ce: 0.0674 (0.0620)  frame_1_aux4_loss_giou: 0.2482 (0.2473)  frame_1_loss_bbox: 0.1351 (0.1294)  frame_1_loss_ce: 0.0683 (0.0624)  frame_1_loss_features: 0.0517 (0.0583)  frame_1_loss_giou: 0.2475 (0.2516)  time: 0.8333  data: 0.0612  max mem: 7665
Epoch: [2]  [600/601]  eta: 0:00:00  lr: 0.000200  grad_norm: 83.54  loss: 6.3969 (5.8845)  frame_0_aux0_loss_bbox: 0.1309 (0.1310)  frame_0_aux0_loss_ce: 0.1657 (0.1476)  frame_0_aux0_loss_giou: 0.3044 (0.2859)  frame_0_aux1_loss_bbox: 0.1246 (0.1240)  frame_0_aux1_loss_ce: 0.1696 (0.1446)  frame_0_aux1_loss_giou: 0.2735 (0.2586)  frame_0_aux2_loss_bbox: 0.1261 (0.1239)  frame_0_aux2_loss_ce: 0.1331 (0.1106)  frame_0_aux2_loss_giou: 0.2634 (0.2539)  frame_0_aux3_loss_bbox: 0.1250 (0.1240)  frame_0_aux3_loss_ce: 0.1252 (0.1013)  frame_0_aux3_loss_giou: 0.2624 (0.2533)  frame_0_aux4_loss_bbox: 0.1264 (0.1235)  frame_0_aux4_loss_ce: 0.1238 (0.1001)  frame_0_aux4_loss_giou: 0.2653 (0.2524)  frame_0_loss_bbox: 0.1227 (0.1235)  frame_0_loss_ce: 0.1220 (0.1007)  frame_0_loss_giou: 0.2644 (0.2529)  frame_1_aux0_loss_bbox: 0.1397 (0.1450)  frame_1_aux0_loss_ce: 0.1071 (0.0973)  frame_1_aux0_loss_giou: 0.3025 (0.3070)  frame_1_aux1_loss_bbox: 0.1295 (0.1326)  frame_1_aux1_loss_ce: 0.1009 (0.0913)  frame_1_aux1_loss_giou: 0.2802 (0.2630)  frame_1_aux2_loss_bbox: 0.1273 (0.1305)  frame_1_aux2_loss_ce: 0.0798 (0.0676)  frame_1_aux2_loss_giou: 0.2711 (0.2538)  frame_1_aux3_loss_bbox: 0.1264 (0.1295)  frame_1_aux3_loss_ce: 0.0750 (0.0628)  frame_1_aux3_loss_giou: 0.2717 (0.2506)  frame_1_aux4_loss_bbox: 0.1245 (0.1287)  frame_1_aux4_loss_ce: 0.0747 (0.0622)  frame_1_aux4_loss_giou: 0.2673 (0.2478)  frame_1_loss_bbox: 0.1243 (0.1298)  frame_1_loss_ce: 0.0758 (0.0626)  frame_1_loss_features: 0.0535 (0.0582)  frame_1_loss_giou: 0.2696 (0.2521)  time: 0.7937  data: 0.0612  max mem: 7665
Epoch: [2] Total time: 0:08:10 (0.8160 s / it)
Averaged stats: lr: 0.000200  grad_norm: 83.54  loss: 6.3969 (5.8845)  frame_0_aux0_loss_bbox: 0.1309 (0.1310)  frame_0_aux0_loss_ce: 0.1657 (0.1476)  frame_0_aux0_loss_giou: 0.3044 (0.2859)  frame_0_aux1_loss_bbox: 0.1246 (0.1240)  frame_0_aux1_loss_ce: 0.1696 (0.1446)  frame_0_aux1_loss_giou: 0.2735 (0.2586)  frame_0_aux2_loss_bbox: 0.1261 (0.1239)  frame_0_aux2_loss_ce: 0.1331 (0.1106)  frame_0_aux2_loss_giou: 0.2634 (0.2539)  frame_0_aux3_loss_bbox: 0.1250 (0.1240)  frame_0_aux3_loss_ce: 0.1252 (0.1013)  frame_0_aux3_loss_giou: 0.2624 (0.2533)  frame_0_aux4_loss_bbox: 0.1264 (0.1235)  frame_0_aux4_loss_ce: 0.1238 (0.1001)  frame_0_aux4_loss_giou: 0.2653 (0.2524)  frame_0_loss_bbox: 0.1227 (0.1235)  frame_0_loss_ce: 0.1220 (0.1007)  frame_0_loss_giou: 0.2644 (0.2529)  frame_1_aux0_loss_bbox: 0.1397 (0.1450)  frame_1_aux0_loss_ce: 0.1071 (0.0973)  frame_1_aux0_loss_giou: 0.3025 (0.3070)  frame_1_aux1_loss_bbox: 0.1295 (0.1326)  frame_1_aux1_loss_ce: 0.1009 (0.0913)  frame_1_aux1_loss_giou: 0.2802 (0.2630)  frame_1_aux2_loss_bbox: 0.1273 (0.1305)  frame_1_aux2_loss_ce: 0.0798 (0.0676)  frame_1_aux2_loss_giou: 0.2711 (0.2538)  frame_1_aux3_loss_bbox: 0.1264 (0.1295)  frame_1_aux3_loss_ce: 0.0750 (0.0628)  frame_1_aux3_loss_giou: 0.2717 (0.2506)  frame_1_aux4_loss_bbox: 0.1245 (0.1287)  frame_1_aux4_loss_ce: 0.0747 (0.0622)  frame_1_aux4_loss_giou: 0.2673 (0.2478)  frame_1_loss_bbox: 0.1243 (0.1298)  frame_1_loss_ce: 0.0758 (0.0626)  frame_1_loss_features: 0.0535 (0.0582)  frame_1_loss_giou: 0.2696 (0.2521)
Dataset: epoch 2 finishes
set epoch: epoch 3 period_idx=0
Dataset: epoch 2 finishes
set epoch: epoch 3 period_idx=0
Epoch: [3]  [  0/601]  eta: 0:33:45  lr: 0.000200  grad_norm: 254.77  loss: 6.8638 (6.8638)  frame_0_aux0_loss_bbox: 0.1727 (0.1727)  frame_0_aux0_loss_ce: 0.1871 (0.1871)  frame_0_aux0_loss_giou: 0.2818 (0.2818)  frame_0_aux1_loss_bbox: 0.1637 (0.1637)  frame_0_aux1_loss_ce: 0.1871 (0.1871)  frame_0_aux1_loss_giou: 0.2631 (0.2631)  frame_0_aux2_loss_bbox: 0.1672 (0.1672)  frame_0_aux2_loss_ce: 0.1248 (0.1248)  frame_0_aux2_loss_giou: 0.2691 (0.2691)  frame_0_aux3_loss_bbox: 0.1594 (0.1594)  frame_0_aux3_loss_ce: 0.1277 (0.1277)  frame_0_aux3_loss_giou: 0.2605 (0.2605)  frame_0_aux4_loss_bbox: 0.1622 (0.1622)  frame_0_aux4_loss_ce: 0.1241 (0.1241)  frame_0_aux4_loss_giou: 0.2657 (0.2657)  frame_0_loss_bbox: 0.1641 (0.1641)  frame_0_loss_ce: 0.1239 (0.1239)  frame_0_loss_giou: 0.2617 (0.2617)  frame_1_aux0_loss_bbox: 0.2018 (0.2018)  frame_1_aux0_loss_ce: 0.1174 (0.1174)  frame_1_aux0_loss_giou: 0.3001 (0.3001)  frame_1_aux1_loss_bbox: 0.1961 (0.1961)  frame_1_aux1_loss_ce: 0.1027 (0.1027)  frame_1_aux1_loss_giou: 0.2814 (0.2814)  frame_1_aux2_loss_bbox: 0.1949 (0.1949)  frame_1_aux2_loss_ce: 0.0823 (0.0823)  frame_1_aux2_loss_giou: 0.2751 (0.2751)  frame_1_aux3_loss_bbox: 0.1950 (0.1950)  frame_1_aux3_loss_ce: 0.0715 (0.0715)  frame_1_aux3_loss_giou: 0.2668 (0.2668)  frame_1_aux4_loss_bbox: 0.1932 (0.1932)  frame_1_aux4_loss_ce: 0.0718 (0.0718)  frame_1_aux4_loss_giou: 0.2665 (0.2665)  frame_1_loss_bbox: 0.1943 (0.1943)  frame_1_loss_ce: 0.0718 (0.0718)  frame_1_loss_features: 0.0461 (0.0461)  frame_1_loss_giou: 0.2690 (0.2690)  time: 3.3710  data: 1.1979  max mem: 7665
Epoch: [3]  [ 10/601]  eta: 0:09:38  lr: 0.000200  grad_norm: 136.97  loss: 5.9373 (5.7572)  frame_0_aux0_loss_bbox: 0.1071 (0.1074)  frame_0_aux0_loss_ce: 0.1659 (0.1571)  frame_0_aux0_loss_giou: 0.2818 (0.2798)  frame_0_aux1_loss_bbox: 0.1019 (0.1014)  frame_0_aux1_loss_ce: 0.1600 (0.1548)  frame_0_aux1_loss_giou: 0.2569 (0.2584)  frame_0_aux2_loss_bbox: 0.1007 (0.1010)  frame_0_aux2_loss_ce: 0.1248 (0.1220)  frame_0_aux2_loss_giou: 0.2490 (0.2535)  frame_0_aux3_loss_bbox: 0.0993 (0.1004)  frame_0_aux3_loss_ce: 0.1175 (0.1102)  frame_0_aux3_loss_giou: 0.2478 (0.2496)  frame_0_aux4_loss_bbox: 0.1041 (0.1048)  frame_0_aux4_loss_ce: 0.1164 (0.1085)  frame_0_aux4_loss_giou: 0.2648 (0.2537)  frame_0_loss_bbox: 0.1063 (0.1072)  frame_0_loss_ce: 0.1126 (0.1095)  frame_0_loss_giou: 0.2577 (0.2557)  frame_1_aux0_loss_bbox: 0.1135 (0.1234)  frame_1_aux0_loss_ce: 0.1054 (0.1019)  frame_1_aux0_loss_giou: 0.3072 (0.3066)  frame_1_aux1_loss_bbox: 0.1061 (0.1141)  frame_1_aux1_loss_ce: 0.0969 (0.0965)  frame_1_aux1_loss_giou: 0.2694 (0.2717)  frame_1_aux2_loss_bbox: 0.1018 (0.1106)  frame_1_aux2_loss_ce: 0.0757 (0.0748)  frame_1_aux2_loss_giou: 0.2530 (0.2594)  frame_1_aux3_loss_bbox: 0.0998 (0.1097)  frame_1_aux3_loss_ce: 0.0675 (0.0695)  frame_1_aux3_loss_giou: 0.2470 (0.2559)  frame_1_aux4_loss_bbox: 0.0994 (0.1089)  frame_1_aux4_loss_ce: 0.0691 (0.0686)  frame_1_aux4_loss_giou: 0.2450 (0.2548)  frame_1_loss_bbox: 0.1077 (0.1126)  frame_1_loss_ce: 0.0705 (0.0689)  frame_1_loss_features: 0.0502 (0.0541)  frame_1_loss_giou: 0.2478 (0.2603)  time: 0.9785  data: 0.1090  max mem: 7665
Epoch: [3]  [ 20/601]  eta: 0:08:46  lr: 0.000200  grad_norm: 108.27  loss: 5.3479 (5.8506)  frame_0_aux0_loss_bbox: 0.0888 (0.1223)  frame_0_aux0_loss_ce: 0.1477 (0.1542)  frame_0_aux0_loss_giou: 0.2806 (0.2784)  frame_0_aux1_loss_bbox: 0.0866 (0.1165)  frame_0_aux1_loss_ce: 0.1418 (0.1504)  frame_0_aux1_loss_giou: 0.2541 (0.2557)  frame_0_aux2_loss_bbox: 0.0826 (0.1164)  frame_0_aux2_loss_ce: 0.1105 (0.1172)  frame_0_aux2_loss_giou: 0.2483 (0.2500)  frame_0_aux3_loss_bbox: 0.0884 (0.1160)  frame_0_aux3_loss_ce: 0.0939 (0.1072)  frame_0_aux3_loss_giou: 0.2395 (0.2471)  frame_0_aux4_loss_bbox: 0.0893 (0.1188)  frame_0_aux4_loss_ce: 0.0956 (0.1055)  frame_0_aux4_loss_giou: 0.2372 (0.2497)  frame_0_loss_bbox: 0.0929 (0.1199)  frame_0_loss_ce: 0.0977 (0.1069)  frame_0_loss_giou: 0.2465 (0.2507)  frame_1_aux0_loss_bbox: 0.1100 (0.1418)  frame_1_aux0_loss_ce: 0.1019 (0.0987)  frame_1_aux0_loss_giou: 0.3072 (0.3072)  frame_1_aux1_loss_bbox: 0.0996 (0.1306)  frame_1_aux1_loss_ce: 0.0967 (0.0929)  frame_1_aux1_loss_giou: 0.2679 (0.2634)  frame_1_aux2_loss_bbox: 0.0943 (0.1270)  frame_1_aux2_loss_ce: 0.0712 (0.0705)  frame_1_aux2_loss_giou: 0.2459 (0.2519)  frame_1_aux3_loss_bbox: 0.0905 (0.1262)  frame_1_aux3_loss_ce: 0.0653 (0.0663)  frame_1_aux3_loss_giou: 0.2432 (0.2485)  frame_1_aux4_loss_bbox: 0.0898 (0.1253)  frame_1_aux4_loss_ce: 0.0659 (0.0653)  frame_1_aux4_loss_giou: 0.2417 (0.2477)  frame_1_loss_bbox: 0.1001 (0.1283)  frame_1_loss_ce: 0.0656 (0.0657)  frame_1_loss_features: 0.0540 (0.0566)  frame_1_loss_giou: 0.2449 (0.2537)  time: 0.7832  data: 0.0001  max mem: 7665
Epoch: [3]  [ 30/601]  eta: 0:08:05  lr: 0.000200  grad_norm: 179.44  loss: 4.9026 (5.5886)  frame_0_aux0_loss_bbox: 0.0838 (0.1147)  frame_0_aux0_loss_ce: 0.1317 (0.1463)  frame_0_aux0_loss_giou: 0.2676 (0.2793)  frame_0_aux1_loss_bbox: 0.0769 (0.1082)  frame_0_aux1_loss_ce: 0.1311 (0.1422)  frame_0_aux1_loss_giou: 0.2454 (0.2541)  frame_0_aux2_loss_bbox: 0.0792 (0.1084)  frame_0_aux2_loss_ce: 0.0927 (0.1080)  frame_0_aux2_loss_giou: 0.2369 (0.2496)  frame_0_aux3_loss_bbox: 0.0762 (0.1079)  frame_0_aux3_loss_ce: 0.0852 (0.0992)  frame_0_aux3_loss_giou: 0.2305 (0.2460)  frame_0_aux4_loss_bbox: 0.0748 (0.1098)  frame_0_aux4_loss_ce: 0.0855 (0.0975)  frame_0_aux4_loss_giou: 0.2320 (0.2471)  frame_0_loss_bbox: 0.0777 (0.1114)  frame_0_loss_ce: 0.0865 (0.0987)  frame_0_loss_giou: 0.2326 (0.2484)  frame_1_aux0_loss_bbox: 0.0950 (0.1277)  frame_1_aux0_loss_ce: 0.0830 (0.0934)  frame_1_aux0_loss_giou: 0.2879 (0.2985)  frame_1_aux1_loss_bbox: 0.0787 (0.1169)  frame_1_aux1_loss_ce: 0.0771 (0.0884)  frame_1_aux1_loss_giou: 0.2379 (0.2558)  frame_1_aux2_loss_bbox: 0.0778 (0.1136)  frame_1_aux2_loss_ce: 0.0541 (0.0656)  frame_1_aux2_loss_giou: 0.2271 (0.2452)  frame_1_aux3_loss_bbox: 0.0745 (0.1124)  frame_1_aux3_loss_ce: 0.0504 (0.0623)  frame_1_aux3_loss_giou: 0.2231 (0.2411)  frame_1_aux4_loss_bbox: 0.0740 (0.1120)  frame_1_aux4_loss_ce: 0.0525 (0.0612)  frame_1_aux4_loss_giou: 0.2252 (0.2400)  frame_1_loss_bbox: 0.0775 (0.1149)  frame_1_loss_ce: 0.0501 (0.0613)  frame_1_loss_features: 0.0545 (0.0558)  frame_1_loss_giou: 0.2296 (0.2455)  time: 0.7792  data: 0.0001  max mem: 7665
Epoch: [3]  [ 40/601]  eta: 0:07:47  lr: 0.000200  grad_norm: 626.10  loss: 4.9305 (5.7647)  frame_0_aux0_loss_bbox: 0.0903 (0.1242)  frame_0_aux0_loss_ce: 0.1378 (0.1491)  frame_0_aux0_loss_giou: 0.2676 (0.2812)  frame_0_aux1_loss_bbox: 0.0826 (0.1178)  frame_0_aux1_loss_ce: 0.1311 (0.1441)  frame_0_aux1_loss_giou: 0.2343 (0.2577)  frame_0_aux2_loss_bbox: 0.0809 (0.1176)  frame_0_aux2_loss_ce: 0.0929 (0.1105)  frame_0_aux2_loss_giou: 0.2314 (0.2527)  frame_0_aux3_loss_bbox: 0.0838 (0.1170)  frame_0_aux3_loss_ce: 0.0856 (0.1022)  frame_0_aux3_loss_giou: 0.2275 (0.2492)  frame_0_aux4_loss_bbox: 0.0860 (0.1178)  frame_0_aux4_loss_ce: 0.0855 (0.1008)  frame_0_aux4_loss_giou: 0.2320 (0.2487)  frame_0_loss_bbox: 0.0868 (0.1192)  frame_0_loss_ce: 0.0865 (0.1019)  frame_0_loss_giou: 0.2326 (0.2496)  frame_1_aux0_loss_bbox: 0.1160 (0.1387)  frame_1_aux0_loss_ce: 0.0838 (0.0965)  frame_1_aux0_loss_giou: 0.2879 (0.3012)  frame_1_aux1_loss_bbox: 0.0991 (0.1271)  frame_1_aux1_loss_ce: 0.0822 (0.0902)  frame_1_aux1_loss_giou: 0.2424 (0.2591)  frame_1_aux2_loss_bbox: 0.0978 (0.1240)  frame_1_aux2_loss_ce: 0.0541 (0.0672)  frame_1_aux2_loss_giou: 0.2354 (0.2491)  frame_1_aux3_loss_bbox: 0.0953 (0.1227)  frame_1_aux3_loss_ce: 0.0526 (0.0639)  frame_1_aux3_loss_giou: 0.2237 (0.2449)  frame_1_aux4_loss_bbox: 0.0961 (0.1220)  frame_1_aux4_loss_ce: 0.0536 (0.0631)  frame_1_aux4_loss_giou: 0.2199 (0.2428)  frame_1_loss_bbox: 0.1000 (0.1249)  frame_1_loss_ce: 0.0536 (0.0630)  frame_1_loss_features: 0.0528 (0.0554)  frame_1_loss_giou: 0.2296 (0.2480)  time: 0.7549  data: 0.0001  max mem: 7665
Epoch: [3]  [ 50/601]  eta: 0:07:34  lr: 0.000200  grad_norm: 71.62  loss: 5.8206 (5.7443)  frame_0_aux0_loss_bbox: 0.1310 (0.1238)  frame_0_aux0_loss_ce: 0.1491 (0.1491)  frame_0_aux0_loss_giou: 0.2734 (0.2811)  frame_0_aux1_loss_bbox: 0.1213 (0.1172)  frame_0_aux1_loss_ce: 0.1458 (0.1444)  frame_0_aux1_loss_giou: 0.2425 (0.2557)  frame_0_aux2_loss_bbox: 0.1182 (0.1169)  frame_0_aux2_loss_ce: 0.1049 (0.1108)  frame_0_aux2_loss_giou: 0.2448 (0.2512)  frame_0_aux3_loss_bbox: 0.1189 (0.1167)  frame_0_aux3_loss_ce: 0.0989 (0.1019)  frame_0_aux3_loss_giou: 0.2353 (0.2483)  frame_0_aux4_loss_bbox: 0.1143 (0.1166)  frame_0_aux4_loss_ce: 0.0933 (0.1008)  frame_0_aux4_loss_giou: 0.2328 (0.2464)  frame_0_loss_bbox: 0.1125 (0.1178)  frame_0_loss_ce: 0.0956 (0.1013)  frame_0_loss_giou: 0.2366 (0.2476)  frame_1_aux0_loss_bbox: 0.1491 (0.1395)  frame_1_aux0_loss_ce: 0.0943 (0.0950)  frame_1_aux0_loss_giou: 0.2913 (0.3032)  frame_1_aux1_loss_bbox: 0.1285 (0.1271)  frame_1_aux1_loss_ce: 0.0864 (0.0891)  frame_1_aux1_loss_giou: 0.2502 (0.2592)  frame_1_aux2_loss_bbox: 0.1258 (0.1241)  frame_1_aux2_loss_ce: 0.0611 (0.0657)  frame_1_aux2_loss_giou: 0.2364 (0.2492)  frame_1_aux3_loss_bbox: 0.1258 (0.1230)  frame_1_aux3_loss_ce: 0.0526 (0.0621)  frame_1_aux3_loss_giou: 0.2337 (0.2448)  frame_1_aux4_loss_bbox: 0.1247 (0.1221)  frame_1_aux4_loss_ce: 0.0547 (0.0614)  frame_1_aux4_loss_giou: 0.2267 (0.2423)  frame_1_loss_bbox: 0.1254 (0.1244)  frame_1_loss_ce: 0.0536 (0.0613)  frame_1_loss_features: 0.0552 (0.0563)  frame_1_loss_giou: 0.2344 (0.2470)  time: 0.7870  data: 0.0001  max mem: 7665
Epoch: [3]  [ 60/601]  eta: 0:07:21  lr: 0.000200  grad_norm: 63.65  loss: 5.0608 (5.5912)  frame_0_aux0_loss_bbox: 0.0969 (0.1181)  frame_0_aux0_loss_ce: 0.1381 (0.1468)  frame_0_aux0_loss_giou: 0.2695 (0.2777)  frame_0_aux1_loss_bbox: 0.0916 (0.1112)  frame_0_aux1_loss_ce: 0.1374 (0.1423)  frame_0_aux1_loss_giou: 0.2335 (0.2515)  frame_0_aux2_loss_bbox: 0.0898 (0.1106)  frame_0_aux2_loss_ce: 0.1010 (0.1085)  frame_0_aux2_loss_giou: 0.2295 (0.2464)  frame_0_aux3_loss_bbox: 0.0964 (0.1110)  frame_0_aux3_loss_ce: 0.0855 (0.0989)  frame_0_aux3_loss_giou: 0.2313 (0.2446)  frame_0_aux4_loss_bbox: 0.0930 (0.1106)  frame_0_aux4_loss_ce: 0.0826 (0.0978)  frame_0_aux4_loss_giou: 0.2213 (0.2423)  frame_0_loss_bbox: 0.0882 (0.1115)  frame_0_loss_ce: 0.0809 (0.0982)  frame_0_loss_giou: 0.2224 (0.2430)  frame_1_aux0_loss_bbox: 0.1143 (0.1325)  frame_1_aux0_loss_ce: 0.0840 (0.0933)  frame_1_aux0_loss_giou: 0.2833 (0.2996)  frame_1_aux1_loss_bbox: 0.0905 (0.1199)  frame_1_aux1_loss_ce: 0.0802 (0.0872)  frame_1_aux1_loss_giou: 0.2430 (0.2546)  frame_1_aux2_loss_bbox: 0.0888 (0.1172)  frame_1_aux2_loss_ce: 0.0549 (0.0639)  frame_1_aux2_loss_giou: 0.2320 (0.2450)  frame_1_aux3_loss_bbox: 0.0908 (0.1161)  frame_1_aux3_loss_ce: 0.0499 (0.0602)  frame_1_aux3_loss_giou: 0.2281 (0.2411)  frame_1_aux4_loss_bbox: 0.0888 (0.1151)  frame_1_aux4_loss_ce: 0.0500 (0.0594)  frame_1_aux4_loss_giou: 0.2257 (0.2386)  frame_1_loss_bbox: 0.0870 (0.1172)  frame_1_loss_ce: 0.0493 (0.0593)  frame_1_loss_features: 0.0572 (0.0575)  frame_1_loss_giou: 0.2274 (0.2426)  time: 0.7838  data: 0.0001  max mem: 7665
Epoch: [3]  [ 70/601]  eta: 0:07:13  lr: 0.000200  grad_norm: 77.75  loss: 5.1696 (5.7108)  frame_0_aux0_loss_bbox: 0.0918 (0.1209)  frame_0_aux0_loss_ce: 0.1453 (0.1475)  frame_0_aux0_loss_giou: 0.2600 (0.2857)  frame_0_aux1_loss_bbox: 0.0811 (0.1139)  frame_0_aux1_loss_ce: 0.1416 (0.1432)  frame_0_aux1_loss_giou: 0.2327 (0.2587)  frame_0_aux2_loss_bbox: 0.0898 (0.1133)  frame_0_aux2_loss_ce: 0.1022 (0.1092)  frame_0_aux2_loss_giou: 0.2269 (0.2534)  frame_0_aux3_loss_bbox: 0.0952 (0.1133)  frame_0_aux3_loss_ce: 0.0975 (0.1001)  frame_0_aux3_loss_giou: 0.2313 (0.2522)  frame_0_aux4_loss_bbox: 0.0924 (0.1129)  frame_0_aux4_loss_ce: 0.0959 (0.0989)  frame_0_aux4_loss_giou: 0.2257 (0.2502)  frame_0_loss_bbox: 0.0898 (0.1137)  frame_0_loss_ce: 0.0940 (0.0991)  frame_0_loss_giou: 0.2258 (0.2506)  frame_1_aux0_loss_bbox: 0.1110 (0.1344)  frame_1_aux0_loss_ce: 0.0908 (0.0943)  frame_1_aux0_loss_giou: 0.2879 (0.3056)  frame_1_aux1_loss_bbox: 0.0975 (0.1220)  frame_1_aux1_loss_ce: 0.0831 (0.0877)  frame_1_aux1_loss_giou: 0.2430 (0.2605)  frame_1_aux2_loss_bbox: 0.0931 (0.1194)  frame_1_aux2_loss_ce: 0.0601 (0.0649)  frame_1_aux2_loss_giou: 0.2255 (0.2506)  frame_1_aux3_loss_bbox: 0.0910 (0.1183)  frame_1_aux3_loss_ce: 0.0575 (0.0613)  frame_1_aux3_loss_giou: 0.2320 (0.2471)  frame_1_aux4_loss_bbox: 0.0888 (0.1173)  frame_1_aux4_loss_ce: 0.0545 (0.0606)  frame_1_aux4_loss_giou: 0.2281 (0.2445)  frame_1_loss_bbox: 0.0888 (0.1192)  frame_1_loss_ce: 0.0569 (0.0602)  frame_1_loss_features: 0.0565 (0.0575)  frame_1_loss_giou: 0.2274 (0.2487)  time: 0.7921  data: 0.0001  max mem: 7665
Epoch: [3]  [ 80/601]  eta: 0:06:59  lr: 0.000200  grad_norm: 54.58  loss: 5.4662 (5.6350)  frame_0_aux0_loss_bbox: 0.1038 (0.1182)  frame_0_aux0_loss_ce: 0.1498 (0.1468)  frame_0_aux0_loss_giou: 0.2627 (0.2821)  frame_0_aux1_loss_bbox: 0.0958 (0.1116)  frame_0_aux1_loss_ce: 0.1419 (0.1426)  frame_0_aux1_loss_giou: 0.2455 (0.2565)  frame_0_aux2_loss_bbox: 0.0963 (0.1109)  frame_0_aux2_loss_ce: 0.1022 (0.1076)  frame_0_aux2_loss_giou: 0.2305 (0.2505)  frame_0_aux3_loss_bbox: 0.0956 (0.1108)  frame_0_aux3_loss_ce: 0.0975 (0.0983)  frame_0_aux3_loss_giou: 0.2302 (0.2487)  frame_0_aux4_loss_bbox: 0.0947 (0.1107)  frame_0_aux4_loss_ce: 0.0959 (0.0969)  frame_0_aux4_loss_giou: 0.2333 (0.2477)  frame_0_loss_bbox: 0.0936 (0.1115)  frame_0_loss_ce: 0.0940 (0.0975)  frame_0_loss_giou: 0.2313 (0.2480)  frame_1_aux0_loss_bbox: 0.1155 (0.1319)  frame_1_aux0_loss_ce: 0.0908 (0.0933)  frame_1_aux0_loss_giou: 0.2879 (0.3022)  frame_1_aux1_loss_bbox: 0.1064 (0.1198)  frame_1_aux1_loss_ce: 0.0838 (0.0869)  frame_1_aux1_loss_giou: 0.2586 (0.2577)  frame_1_aux2_loss_bbox: 0.1057 (0.1171)  frame_1_aux2_loss_ce: 0.0684 (0.0641)  frame_1_aux2_loss_giou: 0.2465 (0.2478)  frame_1_aux3_loss_bbox: 0.1050 (0.1161)  frame_1_aux3_loss_ce: 0.0615 (0.0604)  frame_1_aux3_loss_giou: 0.2432 (0.2444)  frame_1_aux4_loss_bbox: 0.1019 (0.1151)  frame_1_aux4_loss_ce: 0.0613 (0.0597)  frame_1_aux4_loss_giou: 0.2412 (0.2418)  frame_1_loss_bbox: 0.1020 (0.1171)  frame_1_loss_ce: 0.0616 (0.0594)  frame_1_loss_features: 0.0544 (0.0573)  frame_1_loss_giou: 0.2499 (0.2462)  time: 0.7691  data: 0.0001  max mem: 7665
Epoch: [3]  [ 90/601]  eta: 0:06:47  lr: 0.000200  grad_norm: 88.85  loss: 5.3930 (5.6417)  frame_0_aux0_loss_bbox: 0.1153 (0.1198)  frame_0_aux0_loss_ce: 0.1410 (0.1461)  frame_0_aux0_loss_giou: 0.2658 (0.2854)  frame_0_aux1_loss_bbox: 0.1038 (0.1126)  frame_0_aux1_loss_ce: 0.1368 (0.1420)  frame_0_aux1_loss_giou: 0.2426 (0.2579)  frame_0_aux2_loss_bbox: 0.1047 (0.1115)  frame_0_aux2_loss_ce: 0.1029 (0.1067)  frame_0_aux2_loss_giou: 0.2298 (0.2508)  frame_0_aux3_loss_bbox: 0.1021 (0.1111)  frame_0_aux3_loss_ce: 0.0917 (0.0971)  frame_0_aux3_loss_giou: 0.2231 (0.2486)  frame_0_aux4_loss_bbox: 0.1028 (0.1110)  frame_0_aux4_loss_ce: 0.0887 (0.0958)  frame_0_aux4_loss_giou: 0.2301 (0.2475)  frame_0_loss_bbox: 0.1005 (0.1119)  frame_0_loss_ce: 0.0914 (0.0963)  frame_0_loss_giou: 0.2255 (0.2480)  frame_1_aux0_loss_bbox: 0.1199 (0.1317)  frame_1_aux0_loss_ce: 0.0947 (0.0939)  frame_1_aux0_loss_giou: 0.2735 (0.3023)  frame_1_aux1_loss_bbox: 0.1101 (0.1197)  frame_1_aux1_loss_ce: 0.0868 (0.0875)  frame_1_aux1_loss_giou: 0.2426 (0.2587)  frame_1_aux2_loss_bbox: 0.1062 (0.1169)  frame_1_aux2_loss_ce: 0.0684 (0.0644)  frame_1_aux2_loss_giou: 0.2244 (0.2477)  frame_1_aux3_loss_bbox: 0.1063 (0.1160)  frame_1_aux3_loss_ce: 0.0623 (0.0607)  frame_1_aux3_loss_giou: 0.2332 (0.2446)  frame_1_aux4_loss_bbox: 0.1079 (0.1150)  frame_1_aux4_loss_ce: 0.0613 (0.0600)  frame_1_aux4_loss_giou: 0.2223 (0.2417)  frame_1_loss_bbox: 0.1131 (0.1172)  frame_1_loss_ce: 0.0616 (0.0598)  frame_1_loss_features: 0.0590 (0.0575)  frame_1_loss_giou: 0.2351 (0.2461)  time: 0.7286  data: 0.0001  max mem: 7665
Epoch: [3]  [100/601]  eta: 0:06:35  lr: 0.000200  grad_norm: 913.70  loss: 5.5245 (5.6458)  frame_0_aux0_loss_bbox: 0.1153 (0.1181)  frame_0_aux0_loss_ce: 0.1360 (0.1464)  frame_0_aux0_loss_giou: 0.2853 (0.2872)  frame_0_aux1_loss_bbox: 0.1039 (0.1106)  frame_0_aux1_loss_ce: 0.1371 (0.1427)  frame_0_aux1_loss_giou: 0.2402 (0.2587)  frame_0_aux2_loss_bbox: 0.1047 (0.1098)  frame_0_aux2_loss_ce: 0.1029 (0.1068)  frame_0_aux2_loss_giou: 0.2366 (0.2524)  frame_0_aux3_loss_bbox: 0.1021 (0.1092)  frame_0_aux3_loss_ce: 0.0907 (0.0974)  frame_0_aux3_loss_giou: 0.2352 (0.2498)  frame_0_aux4_loss_bbox: 0.1028 (0.1091)  frame_0_aux4_loss_ce: 0.0926 (0.0961)  frame_0_aux4_loss_giou: 0.2323 (0.2493)  frame_0_loss_bbox: 0.1005 (0.1103)  frame_0_loss_ce: 0.0954 (0.0968)  frame_0_loss_giou: 0.2400 (0.2501)  frame_1_aux0_loss_bbox: 0.1155 (0.1297)  frame_1_aux0_loss_ce: 0.0947 (0.0944)  frame_1_aux0_loss_giou: 0.2875 (0.3048)  frame_1_aux1_loss_bbox: 0.1048 (0.1178)  frame_1_aux1_loss_ce: 0.0920 (0.0885)  frame_1_aux1_loss_giou: 0.2508 (0.2608)  frame_1_aux2_loss_bbox: 0.1033 (0.1151)  frame_1_aux2_loss_ce: 0.0655 (0.0648)  frame_1_aux2_loss_giou: 0.2332 (0.2495)  frame_1_aux3_loss_bbox: 0.0964 (0.1140)  frame_1_aux3_loss_ce: 0.0588 (0.0611)  frame_1_aux3_loss_giou: 0.2404 (0.2462)  frame_1_aux4_loss_bbox: 0.0969 (0.1131)  frame_1_aux4_loss_ce: 0.0618 (0.0603)  frame_1_aux4_loss_giou: 0.2342 (0.2435)  frame_1_loss_bbox: 0.0979 (0.1153)  frame_1_loss_ce: 0.0611 (0.0605)  frame_1_loss_features: 0.0607 (0.0577)  frame_1_loss_giou: 0.2365 (0.2479)  time: 0.7304  data: 0.0001  max mem: 7665
slurmstepd: error: *** JOB 37121 ON 3dimage-13 CANCELLED AT 2026-03-26T08:47:29 ***
